Info:  Net ref:/WORK/dll_top/dll_link_down_init is undriven.
Info:  Net impl:/WORK/phy_interface_rx/rx_data[255] is undriven.
Info:  Net impl:/WORK/phy_interface_rx/rx_data[254] is undriven.
Info:  Net impl:/WORK/phy_interface_rx/rx_data[253] is undriven.
Info:  Net impl:/WORK/phy_interface_rx/rx_data[252] is undriven.
Info:  Net impl:/WORK/phy_interface_rx/rx_data[251] is undriven.
Info:  Net impl:/WORK/phy_interface_rx/rx_data[250] is undriven.
Info:  Net impl:/WORK/phy_interface_rx/rx_data[249] is undriven.
Info:  Net impl:/WORK/phy_interface_rx/rx_data[248] is undriven.
Info:  Net impl:/WORK/phy_interface_rx/rx_data[247] is undriven.
Info:  Net impl:/WORK/phy_interface_rx/rx_data[246] is undriven.
Info:  Net impl:/WORK/phy_interface_rx/rx_data[245] is undriven.
Info:  Net impl:/WORK/phy_interface_rx/rx_data[244] is undriven.
Info:  Net impl:/WORK/phy_interface_rx/rx_data[243] is undriven.
Info:  Net impl:/WORK/phy_interface_rx/rx_data[242] is undriven.
Info:  Net impl:/WORK/phy_interface_rx/rx_data[241] is undriven.
Info:  Net impl:/WORK/phy_interface_rx/rx_data[240] is undriven.
Info:  Net impl:/WORK/phy_interface_rx/rx_data[239] is undriven.
Info:  Net impl:/WORK/phy_interface_rx/rx_data[238] is undriven.
Info:  Net impl:/WORK/phy_interface_rx/rx_data[237] is undriven.
Info:  Net impl:/WORK/phy_interface_rx/rx_data[236] is undriven.
Info:  Net impl:/WORK/phy_interface_rx/rx_data[235] is undriven.
Info:  Net impl:/WORK/phy_interface_rx/rx_data[234] is undriven.
Info:  Net impl:/WORK/phy_interface_rx/rx_data[233] is undriven.
Info:  Net impl:/WORK/phy_interface_rx/rx_data[232] is undriven.
Info:  Net impl:/WORK/phy_interface_rx/rx_data[231] is undriven.
Info:  Net impl:/WORK/phy_interface_rx/rx_data[230] is undriven.
Info:  Net impl:/WORK/phy_interface_rx/rx_data[229] is undriven.
Info:  Net impl:/WORK/phy_interface_rx/rx_data[228] is undriven.
Info:  Net impl:/WORK/phy_interface_rx/rx_data[227] is undriven.
Info:  Net impl:/WORK/phy_interface_rx/rx_data[226] is undriven.
Info:  Net impl:/WORK/phy_interface_rx/rx_data[225] is undriven.
Info:  Net impl:/WORK/phy_interface_rx/rx_data[224] is undriven.
Info:  Net impl:/WORK/phy_interface_rx/rx_data[223] is undriven.
Info:  Net impl:/WORK/phy_interface_rx/rx_data[222] is undriven.
Info:  Net impl:/WORK/phy_interface_rx/rx_data[221] is undriven.
Info:  Net impl:/WORK/phy_interface_rx/rx_data[220] is undriven.
Info:  Net impl:/WORK/phy_interface_rx/rx_data[219] is undriven.
Info:  Net impl:/WORK/phy_interface_rx/rx_data[218] is undriven.
Info:  Net impl:/WORK/phy_interface_rx/rx_data[217] is undriven.
Info:  Net impl:/WORK/phy_interface_rx/rx_data[216] is undriven.
Info:  Net impl:/WORK/phy_interface_rx/rx_data[215] is undriven.
Info:  Net impl:/WORK/phy_interface_rx/rx_data[214] is undriven.
Info:  Net impl:/WORK/phy_interface_rx/rx_data[213] is undriven.
Info:  Net impl:/WORK/phy_interface_rx/rx_data[212] is undriven.
Info:  Net impl:/WORK/phy_interface_rx/rx_data[211] is undriven.
Info:  Net impl:/WORK/phy_interface_rx/rx_data[210] is undriven.
Info:  Net impl:/WORK/phy_interface_rx/rx_data[209] is undriven.
Info:  Net impl:/WORK/phy_interface_rx/rx_data[208] is undriven.
Info:  Net impl:/WORK/phy_interface_rx/rx_data[207] is undriven.
Info:  Net impl:/WORK/phy_interface_rx/rx_data[206] is undriven.
Info:  Net impl:/WORK/phy_interface_rx/rx_data[205] is undriven.
Info:  Net impl:/WORK/phy_interface_rx/rx_data[204] is undriven.
Info:  Net impl:/WORK/phy_interface_rx/rx_data[203] is undriven.
Info:  Net impl:/WORK/phy_interface_rx/rx_data[202] is undriven.
Info:  Net impl:/WORK/phy_interface_rx/rx_data[201] is undriven.
Info:  Net impl:/WORK/phy_interface_rx/rx_data[200] is undriven.
Info:  Net impl:/WORK/phy_interface_rx/rx_data[199] is undriven.
Info:  Net impl:/WORK/phy_interface_rx/rx_data[198] is undriven.
Info:  Net impl:/WORK/phy_interface_rx/rx_data[197] is undriven.
Info:  Net impl:/WORK/phy_interface_rx/rx_data[196] is undriven.
Info:  Net impl:/WORK/phy_interface_rx/rx_data[195] is undriven.
Info:  Net impl:/WORK/phy_interface_rx/rx_data[194] is undriven.
Info:  Net impl:/WORK/phy_interface_rx/rx_data[193] is undriven.
Info:  Net impl:/WORK/phy_interface_rx/rx_data[192] is undriven.
Info:  Net impl:/WORK/phy_interface_rx/rx_data[191] is undriven.
Info:  Net impl:/WORK/phy_interface_rx/rx_data[190] is undriven.
Info:  Net impl:/WORK/phy_interface_rx/rx_data[189] is undriven.
Info:  Net impl:/WORK/phy_interface_rx/rx_data[188] is undriven.
Info:  Net impl:/WORK/phy_interface_rx/rx_data[187] is undriven.
Info:  Net impl:/WORK/phy_interface_rx/rx_data[186] is undriven.
Info:  Net impl:/WORK/phy_interface_rx/rx_data[185] is undriven.
Info:  Net impl:/WORK/phy_interface_rx/rx_data[184] is undriven.
Info:  Net impl:/WORK/phy_interface_rx/rx_data[183] is undriven.
Info:  Net impl:/WORK/phy_interface_rx/rx_data[182] is undriven.
Info:  Net impl:/WORK/phy_interface_rx/rx_data[181] is undriven.
Info:  Net impl:/WORK/phy_interface_rx/rx_data[180] is undriven.
Info:  Net impl:/WORK/phy_interface_rx/rx_data[179] is undriven.
Info:  Net impl:/WORK/phy_interface_rx/rx_data[178] is undriven.
Info:  Net impl:/WORK/phy_interface_rx/rx_data[177] is undriven.
Info:  Net impl:/WORK/phy_interface_rx/rx_data[176] is undriven.
Info:  Net impl:/WORK/phy_interface_rx/rx_data[175] is undriven.
Info:  Net impl:/WORK/phy_interface_rx/rx_data[174] is undriven.
Info:  Net impl:/WORK/phy_interface_rx/rx_data[173] is undriven.
Info:  Net impl:/WORK/phy_interface_rx/rx_data[172] is undriven.
Info:  Net impl:/WORK/phy_interface_rx/rx_data[171] is undriven.
Info:  Net impl:/WORK/phy_interface_rx/rx_data[170] is undriven.
Info:  Net impl:/WORK/phy_interface_rx/rx_data[169] is undriven.
Info:  Net impl:/WORK/phy_interface_rx/rx_data[168] is undriven.
Info:  Net impl:/WORK/phy_interface_rx/rx_data[167] is undriven.
Info:  Net impl:/WORK/phy_interface_rx/rx_data[166] is undriven.
Info:  Net impl:/WORK/phy_interface_rx/rx_data[165] is undriven.
Info:  Net impl:/WORK/phy_interface_rx/rx_data[164] is undriven.
Info:  Net impl:/WORK/phy_interface_rx/rx_data[163] is undriven.
Info:  Net impl:/WORK/phy_interface_rx/rx_data[162] is undriven.
Info:  Net impl:/WORK/phy_interface_rx/rx_data[161] is undriven.
Info:  Net impl:/WORK/phy_interface_rx/rx_data[160] is undriven.
Info:  Net impl:/WORK/phy_interface_rx/rx_data[159] is undriven.
Info:  Net impl:/WORK/phy_interface_rx/rx_data[158] is undriven.
Info:  Net impl:/WORK/phy_interface_rx/rx_data[157] is undriven.
Info:  Net impl:/WORK/phy_interface_rx/rx_data[156] is undriven.
Info:  Net impl:/WORK/phy_interface_rx/rx_data[155] is undriven.
Info:  Net impl:/WORK/phy_interface_rx/rx_data[154] is undriven.
Info:  Net impl:/WORK/phy_interface_rx/rx_data[153] is undriven.
Info:  Net impl:/WORK/phy_interface_rx/rx_data[152] is undriven.
Info:  Net impl:/WORK/phy_interface_rx/rx_data[151] is undriven.
Info:  Net impl:/WORK/phy_interface_rx/rx_data[150] is undriven.
Info:  Net impl:/WORK/phy_interface_rx/rx_data[149] is undriven.
Info:  Net impl:/WORK/phy_interface_rx/rx_data[148] is undriven.
Info:  Net impl:/WORK/phy_interface_rx/rx_data[147] is undriven.
Info:  Net impl:/WORK/phy_interface_rx/rx_data[146] is undriven.
Info:  Net impl:/WORK/phy_interface_rx/rx_data[145] is undriven.
Info:  Net impl:/WORK/phy_interface_rx/rx_data[144] is undriven.
Info:  Net impl:/WORK/phy_interface_rx/rx_data[143] is undriven.
Info:  Net impl:/WORK/phy_interface_rx/rx_data[142] is undriven.
Info:  Net impl:/WORK/phy_interface_rx/rx_data[141] is undriven.
Info:  Net impl:/WORK/phy_interface_rx/rx_data[140] is undriven.
Info:  Net impl:/WORK/phy_interface_rx/rx_data[139] is undriven.
Info:  Net impl:/WORK/phy_interface_rx/rx_data[138] is undriven.
Info:  Net impl:/WORK/phy_interface_rx/rx_data[137] is undriven.
Info:  Net impl:/WORK/phy_interface_rx/rx_data[136] is undriven.
Info:  Net impl:/WORK/phy_interface_rx/rx_data[135] is undriven.
Info:  Net impl:/WORK/phy_interface_rx/rx_data[134] is undriven.
Info:  Net impl:/WORK/phy_interface_rx/rx_data[133] is undriven.
Info:  Net impl:/WORK/phy_interface_rx/rx_data[132] is undriven.
Info:  Net impl:/WORK/phy_interface_rx/rx_data[131] is undriven.
Info:  Net impl:/WORK/phy_interface_rx/rx_data[130] is undriven.
Info:  Net impl:/WORK/phy_interface_rx/rx_data[129] is undriven.
Info:  Net impl:/WORK/phy_interface_rx/rx_data[128] is undriven.
Info:  Net impl:/WORK/phy_interface_rx/rx_data[127] is undriven.
Info:  Net impl:/WORK/phy_interface_rx/rx_data[126] is undriven.
Info:  Net impl:/WORK/phy_interface_rx/rx_data[125] is undriven.
Info:  Net impl:/WORK/phy_interface_rx/rx_data[124] is undriven.
Info:  Net impl:/WORK/phy_interface_rx/rx_data[123] is undriven.
Info:  Net impl:/WORK/phy_interface_rx/rx_data[122] is undriven.
Info:  Net impl:/WORK/phy_interface_rx/rx_data[121] is undriven.
Info:  Net impl:/WORK/phy_interface_rx/rx_data[120] is undriven.
Info:  Net impl:/WORK/phy_interface_rx/rx_data[119] is undriven.
Info:  Net impl:/WORK/phy_interface_rx/rx_data[118] is undriven.
Info:  Net impl:/WORK/phy_interface_rx/rx_data[117] is undriven.
Info:  Net impl:/WORK/phy_interface_rx/rx_data[116] is undriven.
Info:  Net impl:/WORK/phy_interface_rx/rx_data[115] is undriven.
Info:  Net impl:/WORK/phy_interface_rx/rx_data[114] is undriven.
Info:  Net impl:/WORK/phy_interface_rx/rx_data[113] is undriven.
Info:  Net impl:/WORK/phy_interface_rx/rx_data[112] is undriven.
Info:  Net impl:/WORK/phy_interface_rx/rx_data[111] is undriven.
Info:  Net impl:/WORK/phy_interface_rx/rx_data[110] is undriven.
Info:  Net impl:/WORK/phy_interface_rx/rx_data[109] is undriven.
Info:  Net impl:/WORK/phy_interface_rx/rx_data[108] is undriven.
Info:  Net impl:/WORK/phy_interface_rx/rx_data[107] is undriven.
Info:  Net impl:/WORK/phy_interface_rx/rx_data[106] is undriven.
Info:  Net impl:/WORK/phy_interface_rx/rx_data[105] is undriven.
Info:  Net impl:/WORK/phy_interface_rx/rx_data[104] is undriven.
Info:  Net impl:/WORK/phy_interface_rx/rx_data[103] is undriven.
Info:  Net impl:/WORK/phy_interface_rx/rx_data[102] is undriven.
Info:  Net impl:/WORK/phy_interface_rx/rx_data[101] is undriven.
Info:  Net impl:/WORK/phy_interface_rx/rx_data[100] is undriven.
Info:  Net impl:/WORK/phy_interface_rx/rx_data[99] is undriven.
Info:  Net impl:/WORK/phy_interface_rx/rx_data[98] is undriven.
Info:  Net impl:/WORK/phy_interface_rx/rx_data[97] is undriven.
Info:  Net impl:/WORK/phy_interface_rx/rx_data[96] is undriven.
Info:  Net impl:/WORK/phy_interface_rx/rx_data[95] is undriven.
Info:  Net impl:/WORK/phy_interface_rx/rx_data[94] is undriven.
Info:  Net impl:/WORK/phy_interface_rx/rx_data[93] is undriven.
Info:  Net impl:/WORK/phy_interface_rx/rx_data[92] is undriven.
Info:  Net impl:/WORK/phy_interface_rx/rx_data[91] is undriven.
Info:  Net impl:/WORK/phy_interface_rx/rx_data[90] is undriven.
Info:  Net impl:/WORK/phy_interface_rx/rx_data[89] is undriven.
Info:  Net impl:/WORK/phy_interface_rx/rx_data[88] is undriven.
Info:  Net impl:/WORK/phy_interface_rx/rx_data[87] is undriven.
Info:  Net impl:/WORK/phy_interface_rx/rx_data[86] is undriven.
Info:  Net impl:/WORK/phy_interface_rx/rx_data[85] is undriven.
Info:  Net impl:/WORK/phy_interface_rx/rx_data[84] is undriven.
Info:  Net impl:/WORK/phy_interface_rx/rx_data[83] is undriven.
Info:  Net impl:/WORK/phy_interface_rx/rx_data[82] is undriven.
Info:  Net impl:/WORK/phy_interface_rx/rx_data[81] is undriven.
Info:  Net impl:/WORK/phy_interface_rx/rx_data[80] is undriven.
Info:  Net impl:/WORK/phy_interface_rx/rx_data[79] is undriven.
Info:  Net impl:/WORK/phy_interface_rx/rx_data[78] is undriven.
Info:  Net impl:/WORK/phy_interface_rx/rx_data[77] is undriven.
Info:  Net impl:/WORK/phy_interface_rx/rx_data[76] is undriven.
Info:  Net impl:/WORK/phy_interface_rx/rx_data[75] is undriven.
Info:  Net impl:/WORK/phy_interface_rx/rx_data[74] is undriven.
Info:  Net impl:/WORK/phy_interface_rx/rx_data[73] is undriven.
Info:  Net impl:/WORK/phy_interface_rx/rx_data[72] is undriven.
Info:  Net impl:/WORK/phy_interface_rx/rx_data[71] is undriven.
Info:  Net impl:/WORK/phy_interface_rx/rx_data[70] is undriven.
Info:  Net impl:/WORK/phy_interface_rx/rx_data[69] is undriven.
Info:  Net impl:/WORK/phy_interface_rx/rx_data[68] is undriven.
Info:  Net impl:/WORK/phy_interface_rx/rx_data[67] is undriven.
Info:  Net impl:/WORK/phy_interface_rx/rx_data[66] is undriven.
Info:  Net impl:/WORK/phy_interface_rx/rx_data[65] is undriven.
Info:  Net impl:/WORK/phy_interface_rx/rx_data[64] is undriven.
Info:  Net impl:/WORK/phy_interface_rx/rx_data[63] is undriven.
Info:  Net impl:/WORK/phy_interface_rx/rx_data[62] is undriven.
Info:  Net impl:/WORK/phy_interface_rx/rx_data[61] is undriven.
Info:  Net impl:/WORK/phy_interface_rx/rx_data[60] is undriven.
Info:  Net impl:/WORK/phy_interface_rx/rx_data[59] is undriven.
Info:  Net impl:/WORK/phy_interface_rx/rx_data[58] is undriven.
Info:  Net impl:/WORK/phy_interface_rx/rx_data[57] is undriven.
Info:  Net impl:/WORK/phy_interface_rx/rx_data[56] is undriven.
Info:  Net impl:/WORK/phy_interface_rx/rx_data[55] is undriven.
Info:  Net impl:/WORK/phy_interface_rx/rx_data[54] is undriven.
Info:  Net impl:/WORK/phy_interface_rx/rx_data[53] is undriven.
Info:  Net impl:/WORK/phy_interface_rx/rx_data[52] is undriven.
Info:  Net impl:/WORK/phy_interface_rx/rx_data[51] is undriven.
Info:  Net impl:/WORK/phy_interface_rx/rx_data[50] is undriven.
Info:  Net impl:/WORK/phy_interface_rx/rx_data[49] is undriven.
Info:  Net impl:/WORK/phy_interface_rx/rx_data[48] is undriven.
Info:  Net impl:/WORK/phy_interface_rx/rx_data[47] is undriven.
Info:  Net impl:/WORK/phy_interface_rx/rx_data[46] is undriven.
Info:  Net impl:/WORK/phy_interface_rx/rx_data[45] is undriven.
Info:  Net impl:/WORK/phy_interface_rx/rx_data[44] is undriven.
Info:  Net impl:/WORK/phy_interface_rx/rx_data[43] is undriven.
Info:  Net impl:/WORK/phy_interface_rx/rx_data[42] is undriven.
Info:  Net impl:/WORK/phy_interface_rx/rx_data[41] is undriven.
Info:  Net impl:/WORK/phy_interface_rx/rx_data[40] is undriven.
Info:  Net impl:/WORK/phy_interface_rx/rx_data[39] is undriven.
Info:  Net impl:/WORK/phy_interface_rx/rx_data[38] is undriven.
Info:  Net impl:/WORK/phy_interface_rx/rx_data[37] is undriven.
Info:  Net impl:/WORK/phy_interface_rx/rx_data[36] is undriven.
Info:  Net impl:/WORK/phy_interface_rx/rx_data[35] is undriven.
Info:  Net impl:/WORK/phy_interface_rx/rx_data[34] is undriven.
Info:  Net impl:/WORK/phy_interface_rx/rx_data[33] is undriven.
Info:  Net impl:/WORK/phy_interface_rx/rx_data[32] is undriven.
Info:  Net impl:/WORK/phy_interface_rx/rx_data[31] is undriven.
Info:  Net impl:/WORK/phy_interface_rx/rx_data[30] is undriven.
Info:  Net impl:/WORK/phy_interface_rx/rx_data[29] is undriven.
Info:  Net impl:/WORK/phy_interface_rx/rx_data[28] is undriven.
Info:  Net impl:/WORK/phy_interface_rx/rx_data[27] is undriven.
Info:  Net impl:/WORK/phy_interface_rx/rx_data[26] is undriven.
Info:  Net impl:/WORK/phy_interface_rx/rx_data[25] is undriven.
Info:  Net impl:/WORK/phy_interface_rx/rx_data[24] is undriven.
Info:  Net impl:/WORK/phy_interface_rx/rx_data[23] is undriven.
Info:  Net impl:/WORK/phy_interface_rx/rx_data[22] is undriven.
Info:  Net impl:/WORK/phy_interface_rx/rx_data[21] is undriven.
Info:  Net impl:/WORK/phy_interface_rx/rx_data[20] is undriven.
Info:  Net impl:/WORK/phy_interface_rx/rx_data[19] is undriven.
Info:  Net impl:/WORK/phy_interface_rx/rx_data[18] is undriven.
Info:  Net impl:/WORK/phy_interface_rx/rx_data[17] is undriven.
Info:  Net impl:/WORK/phy_interface_rx/rx_data[16] is undriven.
Info:  Net impl:/WORK/phy_interface_rx/rx_data[15] is undriven.
Info:  Net impl:/WORK/phy_interface_rx/rx_data[14] is undriven.
Info:  Net impl:/WORK/phy_interface_rx/rx_data[13] is undriven.
Info:  Net impl:/WORK/phy_interface_rx/rx_data[12] is undriven.
Info:  Net impl:/WORK/phy_interface_rx/rx_data[11] is undriven.
Info:  Net impl:/WORK/phy_interface_rx/rx_data[10] is undriven.
Info:  Net impl:/WORK/phy_interface_rx/rx_data[9] is undriven.
Info:  Net impl:/WORK/phy_interface_rx/rx_data[8] is undriven.
Info:  Net impl:/WORK/phy_interface_rx/rx_data[7] is undriven.
Info:  Net impl:/WORK/phy_interface_rx/rx_data[6] is undriven.
Info:  Net impl:/WORK/phy_interface_rx/rx_data[5] is undriven.
Info:  Net impl:/WORK/phy_interface_rx/rx_data[4] is undriven.
Info:  Net impl:/WORK/phy_interface_rx/rx_data[3] is undriven.
Info:  Net impl:/WORK/phy_interface_rx/rx_data[2] is undriven.
Info:  Net impl:/WORK/phy_interface_rx/rx_data[1] is undriven.
Info:  Net impl:/WORK/phy_interface_rx/rx_data[0] is undriven.
Info:  Net impl:/WORK/descrambler/data_out[255] is undriven.
Info:  Net impl:/WORK/descrambler/data_out[254] is undriven.
Info:  Net impl:/WORK/descrambler/data_out[253] is undriven.
Info:  Net impl:/WORK/descrambler/data_out[252] is undriven.
Info:  Net impl:/WORK/descrambler/data_out[251] is undriven.
Info:  Net impl:/WORK/descrambler/data_out[250] is undriven.
Info:  Net impl:/WORK/descrambler/data_out[249] is undriven.
Info:  Net impl:/WORK/descrambler/data_out[248] is undriven.
Info:  Net impl:/WORK/flit_rx_deframer/flit_crc_err is undriven.
Info:  Net impl:/WORK/flit_rx_deframer/flit_null is undriven.
Info:  Net impl:/WORK/rx_datapath_demux/tlp_rx[1055] is undriven.
Info:  Net impl:/WORK/rx_datapath_demux/tlp_rx[1054] is undriven.
Info:  Net impl:/WORK/rx_datapath_demux/tlp_rx[1053] is undriven.
Info:  Net impl:/WORK/rx_datapath_demux/tlp_rx[1052] is undriven.
Info:  Net impl:/WORK/rx_datapath_demux/tlp_rx[1051] is undriven.
Info:  Net impl:/WORK/rx_datapath_demux/tlp_rx[1050] is undriven.
Info:  Net impl:/WORK/rx_datapath_demux/tlp_rx[1049] is undriven.
Info:  Net impl:/WORK/rx_datapath_demux/tlp_rx[1048] is undriven.
Info:  Net impl:/WORK/rx_datapath_demux/tlp_rx[1047] is undriven.
Info:  Net impl:/WORK/rx_datapath_demux/tlp_rx[1046] is undriven.
Info:  Net impl:/WORK/rx_datapath_demux/tlp_rx[1045] is undriven.
Info:  Net impl:/WORK/rx_datapath_demux/tlp_rx[1044] is undriven.
Info:  Net impl:/WORK/rx_datapath_demux/tlp_rx[1043] is undriven.
Info:  Net impl:/WORK/rx_datapath_demux/tlp_rx[1042] is undriven.
Info:  Net impl:/WORK/rx_datapath_demux/tlp_rx[1041] is undriven.
Info:  Net impl:/WORK/rx_datapath_demux/tlp_rx[1040] is undriven.
Info:  Net impl:/WORK/rx_datapath_demux/tlp_rx[1039] is undriven.
Info:  Net impl:/WORK/rx_datapath_demux/tlp_rx[1038] is undriven.
Info:  Net impl:/WORK/rx_datapath_demux/tlp_rx[1037] is undriven.
Info:  Net impl:/WORK/rx_datapath_demux/tlp_rx[1036] is undriven.
Info:  Net impl:/WORK/rx_datapath_demux/tlp_rx[1035] is undriven.
Info:  Net impl:/WORK/rx_datapath_demux/tlp_rx[1034] is undriven.
Info:  Net impl:/WORK/rx_datapath_demux/tlp_rx[1033] is undriven.
Info:  Net impl:/WORK/rx_datapath_demux/tlp_rx[1032] is undriven.
Info:  Net impl:/WORK/rx_datapath_demux/tlp_rx[1031] is undriven.
Info:  Net impl:/WORK/rx_datapath_demux/tlp_rx[1030] is undriven.
Info:  Net impl:/WORK/rx_datapath_demux/tlp_rx[1029] is undriven.
Info:  Net impl:/WORK/rx_datapath_demux/tlp_rx[1028] is undriven.
Info:  Net impl:/WORK/rx_datapath_demux/tlp_rx[1027] is undriven.
Info:  Net impl:/WORK/rx_datapath_demux/tlp_rx[1026] is undriven.
Info:  Net impl:/WORK/rx_datapath_demux/tlp_rx[1025] is undriven.
Info:  Net impl:/WORK/rx_datapath_demux/tlp_rx[1024] is undriven.
Info:  Net impl:/WORK/rx_datapath_demux/rx_parse_err is undriven.
Info:  Net impl:/WORK/seq_num_checker_rx/tlp_seq_ok is undriven.
Info:  Net impl:/WORK/seq_num_checker_rx/tlp_dup is undriven.
Info:  Net impl:/WORK/seq_num_checker_rx/tlp_seq_err is undriven.
Info:  Net impl:/WORK/seq_num_checker_rx/seq_dup_ack is undriven.
Info:  Net impl:/WORK/seq_num_checker_rx/seq_err_val[11] is undriven.
Info:  Net impl:/WORK/seq_num_checker_rx/seq_err_val[10] is undriven.
Info:  Net impl:/WORK/seq_num_checker_rx/seq_err_val[9] is undriven.
Info:  Net impl:/WORK/seq_num_checker_rx/seq_err_val[8] is undriven.
Info:  Net impl:/WORK/seq_num_checker_rx/seq_err_val[7] is undriven.
Info:  Net impl:/WORK/seq_num_checker_rx/seq_err_val[6] is undriven.
Info:  Net impl:/WORK/seq_num_checker_rx/seq_err_val[5] is undriven.
Info:  Net impl:/WORK/seq_num_checker_rx/seq_err_val[4] is undriven.
Info:  Net impl:/WORK/seq_num_checker_rx/seq_err_val[3] is undriven.
Info:  Net impl:/WORK/seq_num_checker_rx/seq_err_val[2] is undriven.
Info:  Net impl:/WORK/seq_num_checker_rx/seq_err_val[1] is undriven.
Info:  Net impl:/WORK/seq_num_checker_rx/seq_err_val[0] is undriven.
Info:  Net impl:/WORK/seq_num_checker_rx/next_expected[11] is undriven.
Info:  Net impl:/WORK/seq_num_checker_rx/next_expected[10] is undriven.
Info:  Net impl:/WORK/seq_num_checker_rx/next_expected[9] is undriven.
Info:  Net impl:/WORK/seq_num_checker_rx/next_expected[8] is undriven.
Info:  Net impl:/WORK/seq_num_checker_rx/next_expected[7] is undriven.
Info:  Net impl:/WORK/seq_num_checker_rx/next_expected[6] is undriven.
Info:  Net impl:/WORK/seq_num_checker_rx/next_expected[5] is undriven.
Info:  Net impl:/WORK/seq_num_checker_rx/next_expected[4] is undriven.
Info:  Net impl:/WORK/seq_num_checker_rx/next_expected[3] is undriven.
Info:  Net impl:/WORK/seq_num_checker_rx/next_expected[2] is undriven.
Info:  Net impl:/WORK/seq_num_checker_rx/next_expected[1] is undriven.
Info:  Net impl:/WORK/seq_num_checker_rx/next_expected[0] is undriven.
Info:  Net impl:/WORK/ack_nak_scheduler_tx/ack_dllp[63] is undriven.
Info:  Net impl:/WORK/ack_nak_scheduler_tx/ack_dllp[62] is undriven.
Info:  Net impl:/WORK/ack_nak_scheduler_tx/ack_dllp[61] is undriven.
Info:  Net impl:/WORK/ack_nak_scheduler_tx/ack_dllp[60] is undriven.
Info:  Net impl:/WORK/ack_nak_scheduler_tx/ack_dllp[59] is undriven.
Info:  Net impl:/WORK/ack_nak_scheduler_tx/ack_dllp[58] is undriven.
Info:  Net impl:/WORK/ack_nak_scheduler_tx/ack_dllp[57] is undriven.
Info:  Net impl:/WORK/ack_nak_scheduler_tx/ack_dllp[56] is undriven.
Info:  Net impl:/WORK/ack_nak_scheduler_tx/ack_dllp[55] is undriven.
Info:  Net impl:/WORK/ack_nak_scheduler_tx/ack_dllp[54] is undriven.
Info:  Net impl:/WORK/ack_nak_scheduler_tx/ack_dllp[53] is undriven.
Info:  Net impl:/WORK/ack_nak_scheduler_tx/ack_dllp[52] is undriven.
Info:  Net impl:/WORK/ack_nak_scheduler_tx/ack_dllp[51] is undriven.
Info:  Net impl:/WORK/ack_nak_scheduler_tx/ack_dllp[50] is undriven.
Info:  Net impl:/WORK/ack_nak_scheduler_tx/ack_dllp[49] is undriven.
Info:  Net impl:/WORK/ack_nak_scheduler_tx/ack_dllp[48] is undriven.
Info:  Net impl:/WORK/ack_nak_scheduler_tx/ack_dllp[47] is undriven.
Info:  Net impl:/WORK/ack_nak_scheduler_tx/ack_dllp[46] is undriven.
Info:  Net impl:/WORK/ack_nak_scheduler_tx/ack_dllp[45] is undriven.
Info:  Net impl:/WORK/ack_nak_scheduler_tx/ack_dllp[44] is undriven.
Info:  Net impl:/WORK/ack_nak_scheduler_tx/ack_dllp[31] is undriven.
Info:  Net impl:/WORK/ack_nak_scheduler_tx/ack_dllp[30] is undriven.
Info:  Net impl:/WORK/ack_nak_scheduler_tx/ack_dllp[29] is undriven.
Info:  Net impl:/WORK/ack_nak_scheduler_tx/ack_dllp[28] is undriven.
Info:  Net impl:/WORK/ack_nak_scheduler_tx/ack_dllp[27] is undriven.
Info:  Net impl:/WORK/ack_nak_scheduler_tx/ack_dllp[26] is undriven.
Info:  Net impl:/WORK/ack_nak_scheduler_tx/ack_dllp[25] is undriven.
Info:  Net impl:/WORK/ack_nak_scheduler_tx/ack_dllp[24] is undriven.
Info:  Net impl:/WORK/ack_nak_scheduler_tx/ack_dllp[23] is undriven.
Info:  Net impl:/WORK/ack_nak_scheduler_tx/ack_dllp[22] is undriven.
Info:  Net impl:/WORK/ack_nak_scheduler_tx/ack_dllp[21] is undriven.
Info:  Net impl:/WORK/ack_nak_scheduler_tx/ack_dllp[20] is undriven.
Info:  Net impl:/WORK/ack_nak_scheduler_tx/ack_dllp[19] is undriven.
Info:  Net impl:/WORK/ack_nak_scheduler_tx/ack_dllp[18] is undriven.
Info:  Net impl:/WORK/ack_nak_scheduler_tx/ack_dllp[17] is undriven.
Info:  Net impl:/WORK/ack_nak_scheduler_tx/ack_dllp[16] is undriven.
Info:  Net impl:/WORK/ack_nak_scheduler_tx/ack_dllp[15] is undriven.
Info:  Net impl:/WORK/ack_nak_scheduler_tx/ack_dllp[14] is undriven.
Info:  Net impl:/WORK/ack_nak_scheduler_tx/ack_dllp[13] is undriven.
Info:  Net impl:/WORK/ack_nak_scheduler_tx/ack_dllp[12] is undriven.
Info:  Net impl:/WORK/ack_nak_scheduler_tx/ack_dllp[11] is undriven.
Info:  Net impl:/WORK/ack_nak_scheduler_tx/ack_dllp[10] is undriven.
Info:  Net impl:/WORK/ack_nak_scheduler_tx/ack_dllp[9] is undriven.
Info:  Net impl:/WORK/ack_nak_scheduler_tx/ack_dllp[8] is undriven.
Info:  Net impl:/WORK/ack_nak_scheduler_tx/ack_dllp[7] is undriven.
Info:  Net impl:/WORK/ack_nak_scheduler_tx/ack_dllp[6] is undriven.
Info:  Net impl:/WORK/ack_nak_scheduler_tx/ack_dllp[5] is undriven.
Info:  Net impl:/WORK/ack_nak_scheduler_tx/ack_dllp[4] is undriven.
Info:  Net impl:/WORK/ack_nak_scheduler_tx/ack_dllp[3] is undriven.
Info:  Net impl:/WORK/ack_nak_scheduler_tx/ack_dllp[2] is undriven.
Info:  Net impl:/WORK/ack_nak_scheduler_tx/ack_dllp[1] is undriven.
Info:  Net impl:/WORK/ack_nak_scheduler_tx/ack_dllp[0] is undriven.
Info:  Net impl:/WORK/ack_nak_scheduler_tx/nak_dllp[63] is undriven.
Info:  Net impl:/WORK/ack_nak_scheduler_tx/nak_dllp[62] is undriven.
Info:  Net impl:/WORK/ack_nak_scheduler_tx/nak_dllp[61] is undriven.
Info:  Net impl:/WORK/ack_nak_scheduler_tx/nak_dllp[59] is undriven.
Info:  Net impl:/WORK/ack_nak_scheduler_tx/nak_dllp[58] is undriven.
Info:  Net impl:/WORK/ack_nak_scheduler_tx/nak_dllp[57] is undriven.
Info:  Net impl:/WORK/ack_nak_scheduler_tx/nak_dllp[56] is undriven.
Info:  Net impl:/WORK/ack_nak_scheduler_tx/nak_dllp[55] is undriven.
Info:  Net impl:/WORK/ack_nak_scheduler_tx/nak_dllp[54] is undriven.
Info:  Net impl:/WORK/ack_nak_scheduler_tx/nak_dllp[53] is undriven.
Info:  Net impl:/WORK/ack_nak_scheduler_tx/nak_dllp[52] is undriven.
Info:  Net impl:/WORK/ack_nak_scheduler_tx/nak_dllp[51] is undriven.
Info:  Net impl:/WORK/ack_nak_scheduler_tx/nak_dllp[50] is undriven.
Info:  Net impl:/WORK/ack_nak_scheduler_tx/nak_dllp[49] is undriven.
Info:  Net impl:/WORK/ack_nak_scheduler_tx/nak_dllp[48] is undriven.
Info:  Net impl:/WORK/ack_nak_scheduler_tx/nak_dllp[47] is undriven.
Info:  Net impl:/WORK/ack_nak_scheduler_tx/nak_dllp[46] is undriven.
Info:  Net impl:/WORK/ack_nak_scheduler_tx/nak_dllp[45] is undriven.
Info:  Net impl:/WORK/ack_nak_scheduler_tx/nak_dllp[44] is undriven.
Info:  Net impl:/WORK/ack_nak_scheduler_tx/nak_dllp[31] is undriven.
Info:  Net impl:/WORK/ack_nak_scheduler_tx/nak_dllp[30] is undriven.
Info:  Net impl:/WORK/ack_nak_scheduler_tx/nak_dllp[29] is undriven.
Info:  Net impl:/WORK/ack_nak_scheduler_tx/nak_dllp[28] is undriven.
Info:  Net impl:/WORK/ack_nak_scheduler_tx/nak_dllp[27] is undriven.
Info:  Net impl:/WORK/ack_nak_scheduler_tx/nak_dllp[26] is undriven.
Info:  Net impl:/WORK/ack_nak_scheduler_tx/nak_dllp[25] is undriven.
Info:  Net impl:/WORK/ack_nak_scheduler_tx/nak_dllp[24] is undriven.
Info:  Net impl:/WORK/ack_nak_scheduler_tx/nak_dllp[23] is undriven.
Info:  Net impl:/WORK/ack_nak_scheduler_tx/nak_dllp[22] is undriven.
Info:  Net impl:/WORK/ack_nak_scheduler_tx/nak_dllp[21] is undriven.
Info:  Net impl:/WORK/ack_nak_scheduler_tx/nak_dllp[20] is undriven.
Info:  Net impl:/WORK/ack_nak_scheduler_tx/nak_dllp[19] is undriven.
Info:  Net impl:/WORK/ack_nak_scheduler_tx/nak_dllp[18] is undriven.
Info:  Net impl:/WORK/ack_nak_scheduler_tx/nak_dllp[17] is undriven.
Info:  Net impl:/WORK/ack_nak_scheduler_tx/nak_dllp[16] is undriven.
Info:  Net impl:/WORK/ack_nak_scheduler_tx/nak_dllp[15] is undriven.
Info:  Net impl:/WORK/ack_nak_scheduler_tx/nak_dllp[14] is undriven.
Info:  Net impl:/WORK/ack_nak_scheduler_tx/nak_dllp[13] is undriven.
Info:  Net impl:/WORK/ack_nak_scheduler_tx/nak_dllp[12] is undriven.
Info:  Net impl:/WORK/ack_nak_scheduler_tx/nak_dllp[11] is undriven.
Info:  Net impl:/WORK/ack_nak_scheduler_tx/nak_dllp[10] is undriven.
Info:  Net impl:/WORK/ack_nak_scheduler_tx/nak_dllp[9] is undriven.
Info:  Net impl:/WORK/ack_nak_scheduler_tx/nak_dllp[8] is undriven.
Info:  Net impl:/WORK/ack_nak_scheduler_tx/nak_dllp[7] is undriven.
Info:  Net impl:/WORK/ack_nak_scheduler_tx/nak_dllp[6] is undriven.
Info:  Net impl:/WORK/ack_nak_scheduler_tx/nak_dllp[5] is undriven.
Info:  Net impl:/WORK/ack_nak_scheduler_tx/nak_dllp[4] is undriven.
Info:  Net impl:/WORK/ack_nak_scheduler_tx/nak_dllp[3] is undriven.
Info:  Net impl:/WORK/ack_nak_scheduler_tx/nak_dllp[2] is undriven.
Info:  Net impl:/WORK/ack_nak_scheduler_tx/nak_dllp[1] is undriven.
Info:  Net impl:/WORK/ack_nak_scheduler_tx/nak_dllp[0] is undriven.
Info:  Net impl:/WORK/ack_nak_scheduler_tx/dllp_type[1] is undriven.
Info:  Net impl:/WORK/ack_nak_scheduler_tx/dllp_type[0] is undriven.
Info:  Net impl:/WORK/dllp_mal_chk/dllp_type_ok is undriven.
Info:  Net impl:/WORK/dllp_mal_chk/dllp_clean[43] is undriven.
Info:  Net impl:/WORK/dllp_mal_chk/dllp_clean[39] is undriven.
Info:  Net impl:/WORK/dllp_mal_chk/dllp_clean[38] is undriven.
Info:  Net impl:/WORK/dllp_mal_chk/dllp_clean[11] is undriven.
Info:  Net impl:/WORK/dllp_mal_chk/dllp_clean[10] is undriven.
Info:  Net impl:/WORK/dllp_mal_chk/dllp_clean[9] is undriven.
Info:  Net impl:/WORK/dllp_mal_chk/dllp_clean[8] is undriven.
Info:  Net impl:/WORK/dllp_mal_chk/dllp_clean[7] is undriven.
Info:  Net impl:/WORK/dllp_mal_chk/dllp_clean[6] is undriven.
Info:  Net impl:/WORK/dllp_mal_chk/dllp_clean[5] is undriven.
Info:  Net impl:/WORK/dllp_mal_chk/dllp_clean[4] is undriven.
Info:  Net impl:/WORK/dllp_mal_chk/dllp_clean[3] is undriven.
Info:  Net impl:/WORK/dllp_mal_chk/dllp_clean[2] is undriven.
Info:  Net impl:/WORK/dllp_mal_chk/dllp_clean[1] is undriven.
Info:  Net impl:/WORK/dllp_mal_chk/dllp_clean[0] is undriven.
Info:  Net impl:/WORK/dllp_receiver_decoder/fc_update_pd[11] is undriven.
Info:  Net impl:/WORK/dllp_receiver_decoder/fc_update_pd[10] is undriven.
Info:  Net impl:/WORK/dllp_receiver_decoder/fc_update_cpld[11] is undriven.
Info:  Net impl:/WORK/dllp_receiver_decoder/fc_update_cpld[10] is undriven.
Info:  Net impl:/WORK/dllp_receiver_decoder/pm_type[2] is undriven.
Info:  Net impl:/WORK/dllp_receiver_decoder/ack_out[23] is undriven.
Info:  Net impl:/WORK/dllp_receiver_decoder/ack_out[22] is undriven.
Info:  Net impl:/WORK/dllp_receiver_decoder/ack_out[21] is undriven.
Info:  Net impl:/WORK/dllp_receiver_decoder/ack_out[20] is undriven.
Info:  Net impl:/WORK/dllp_receiver_decoder/ack_out[19] is undriven.
Info:  Net impl:/WORK/dllp_receiver_decoder/ack_out[18] is undriven.
Info:  Net impl:/WORK/dllp_receiver_decoder/ack_out[17] is undriven.
Info:  Net impl:/WORK/dllp_receiver_decoder/ack_out[3] is undriven.
Info:  Net impl:/WORK/dllp_receiver_decoder/ack_out[2] is undriven.
Info:  Net impl:/WORK/dllp_receiver_decoder/ack_out[1] is undriven.
Info:  Net impl:/WORK/dllp_receiver_decoder/ack_out[0] is undriven.
Info:  Net impl:/WORK/ack_nak_receiver/ack_valid is undriven.
Info:  Net impl:/WORK/ack_nak_receiver/retry_req is undriven.
Info:  Net impl:/WORK/tl_interface/dll_flit[2047] is undriven.
Info:  Net impl:/WORK/tl_interface/dll_flit[2046] is undriven.
Info:  Net impl:/WORK/tl_interface/dll_flit[2045] is undriven.
Info:  Net impl:/WORK/tl_interface/dll_flit[2044] is undriven.
Info:  Net impl:/WORK/tl_interface/dll_flit[2043] is undriven.
Info:  Net impl:/WORK/tl_interface/dll_flit[2042] is undriven.
Info:  Net impl:/WORK/tl_interface/dll_flit[2041] is undriven.
Info:  Net impl:/WORK/tl_interface/dll_flit[2040] is undriven.
Info:  Net impl:/WORK/tl_interface/dll_flit[2039] is undriven.
Info:  Net impl:/WORK/tl_interface/dll_flit[2038] is undriven.
Info:  Net impl:/WORK/tl_interface/dll_flit[2037] is undriven.
Info:  Net impl:/WORK/tl_interface/dll_flit[2036] is undriven.
Info:  Net impl:/WORK/tl_interface/dll_flit[2035] is undriven.
Info:  Net impl:/WORK/tl_interface/dll_flit[2034] is undriven.
Info:  Net impl:/WORK/tl_interface/dll_flit[2033] is undriven.
Info:  Net impl:/WORK/tl_interface/dll_flit[2032] is undriven.
Info:  Net impl:/WORK/tl_interface/dll_flit[2031] is undriven.
Info:  Net impl:/WORK/tl_interface/dll_flit[2030] is undriven.
Info:  Net impl:/WORK/tl_interface/dll_flit[2029] is undriven.
Info:  Net impl:/WORK/tl_interface/dll_flit[2028] is undriven.
Info:  Net impl:/WORK/tl_interface/dll_flit[2027] is undriven.
Info:  Net impl:/WORK/tl_interface/dll_flit[2026] is undriven.
Info:  Net impl:/WORK/tl_interface/dll_flit[2025] is undriven.
Info:  Net impl:/WORK/tl_interface/dll_flit[2024] is undriven.
Info:  Net impl:/WORK/tl_interface/dll_flit[2023] is undriven.
Info:  Net impl:/WORK/tl_interface/dll_flit[2022] is undriven.
Info:  Net impl:/WORK/tl_interface/dll_flit[2021] is undriven.
Info:  Net impl:/WORK/tl_interface/dll_flit[2020] is undriven.
Info:  Net impl:/WORK/tl_interface/dll_flit[2019] is undriven.
Info:  Net impl:/WORK/tl_interface/dll_flit[2018] is undriven.
Info:  Net impl:/WORK/tl_interface/dll_flit[2017] is undriven.
Info:  Net impl:/WORK/tl_interface/dll_flit[2016] is undriven.
Info:  Net impl:/WORK/tl_interface/dll_flit[2015] is undriven.
Info:  Net impl:/WORK/tl_interface/dll_flit[2014] is undriven.
Info:  Net impl:/WORK/tl_interface/dll_flit[2013] is undriven.
Info:  Net impl:/WORK/tl_interface/dll_flit[2012] is undriven.
Info:  Net impl:/WORK/tl_interface/dll_flit[2011] is undriven.
Info:  Net impl:/WORK/tl_interface/dll_flit[2010] is undriven.
Info:  Net impl:/WORK/tl_interface/dll_flit[2009] is undriven.
Info:  Net impl:/WORK/tl_interface/dll_flit[2008] is undriven.
Info:  Net impl:/WORK/tl_interface/dll_flit[2007] is undriven.
Info:  Net impl:/WORK/tl_interface/dll_flit[2006] is undriven.
Info:  Net impl:/WORK/tl_interface/dll_flit[2005] is undriven.
Info:  Net impl:/WORK/tl_interface/dll_flit[2004] is undriven.
Info:  Net impl:/WORK/tl_interface/dll_flit[2003] is undriven.
Info:  Net impl:/WORK/tl_interface/dll_flit[2002] is undriven.
Info:  Net impl:/WORK/tl_interface/dll_flit[2001] is undriven.
Info:  Net impl:/WORK/tl_interface/dll_flit[2000] is undriven.
Info:  Net impl:/WORK/tl_interface/dll_flit[1999] is undriven.
Info:  Net impl:/WORK/tl_interface/dll_flit[1998] is undriven.
Info:  Net impl:/WORK/tl_interface/dll_flit[1997] is undriven.
Info:  Net impl:/WORK/tl_interface/dll_flit[1996] is undriven.
Info:  Net impl:/WORK/tl_interface/dll_flit[1995] is undriven.
Info:  Net impl:/WORK/tl_interface/dll_flit[1994] is undriven.
Info:  Net impl:/WORK/tl_interface/dll_flit[1993] is undriven.
Info:  Net impl:/WORK/tl_interface/dll_flit[1992] is undriven.
Info:  Net impl:/WORK/tl_interface/dll_flit[1991] is undriven.
Info:  Net impl:/WORK/tl_interface/dll_flit[1990] is undriven.
Info:  Net impl:/WORK/tl_interface/dll_flit[1989] is undriven.
Info:  Net impl:/WORK/tl_interface/dll_flit[1988] is undriven.
Info:  Net impl:/WORK/tl_interface/dll_flit[1987] is undriven.
Info:  Net impl:/WORK/tl_interface/dll_flit[1986] is undriven.
Info:  Net impl:/WORK/tl_interface/dll_flit[1985] is undriven.
Info:  Net impl:/WORK/tl_interface/dll_flit[1984] is undriven.
Info:  Net impl:/WORK/tl_interface/dll_flit[1983] is undriven.
Info:  Net impl:/WORK/tl_interface/dll_flit[1982] is undriven.
Info:  Net impl:/WORK/tl_interface/dll_flit[1981] is undriven.
Info:  Net impl:/WORK/tl_interface/dll_flit[1980] is undriven.
Info:  Net impl:/WORK/tl_interface/dll_flit[1979] is undriven.
Info:  Net impl:/WORK/tl_interface/dll_flit[1978] is undriven.
Info:  Net impl:/WORK/tl_interface/dll_flit[1977] is undriven.
Info:  Net impl:/WORK/tl_interface/dll_flit[1976] is undriven.
Info:  Net impl:/WORK/tl_interface/dll_flit[1975] is undriven.
Info:  Net impl:/WORK/tl_interface/dll_flit[1974] is undriven.
Info:  Net impl:/WORK/tl_interface/dll_flit[1973] is undriven.
Info:  Net impl:/WORK/tl_interface/dll_flit[1972] is undriven.
Info:  Net impl:/WORK/tl_interface/dll_flit[1971] is undriven.
Info:  Net impl:/WORK/tl_interface/dll_flit[1970] is undriven.
Info:  Net impl:/WORK/tl_interface/dll_flit[1969] is undriven.
Info:  Net impl:/WORK/tl_interface/dll_flit[1968] is undriven.
Info:  Net impl:/WORK/tl_interface/dll_flit[1967] is undriven.
Info:  Net impl:/WORK/tl_interface/dll_flit[1966] is undriven.
Info:  Net impl:/WORK/tl_interface/dll_flit[1965] is undriven.
Info:  Net impl:/WORK/tl_interface/dll_flit[1964] is undriven.
Info:  Net impl:/WORK/tl_interface/dll_flit[1963] is undriven.
Info:  Net impl:/WORK/tl_interface/dll_flit[1962] is undriven.
Info:  Net impl:/WORK/tl_interface/dll_flit[1961] is undriven.
Info:  Net impl:/WORK/tl_interface/dll_flit[1960] is undriven.
Info:  Net impl:/WORK/tl_interface/dll_flit[1959] is undriven.
Info:  Net impl:/WORK/tl_interface/dll_flit[1958] is undriven.
Info:  Net impl:/WORK/tl_interface/dll_flit[1957] is undriven.
Info:  Net impl:/WORK/tl_interface/dll_flit[1956] is undriven.
Info:  Net impl:/WORK/tl_interface/dll_flit[1955] is undriven.
Info:  Net impl:/WORK/tl_interface/dll_flit[1954] is undriven.
Info:  Net impl:/WORK/tl_interface/dll_flit[1953] is undriven.
Info:  Net impl:/WORK/tl_interface/dll_flit[1952] is undriven.
Info:  Net impl:/WORK/tl_interface/dll_flit[1951] is undriven.
Info:  Net impl:/WORK/tl_interface/dll_flit[1950] is undriven.
Info:  Net impl:/WORK/tl_interface/dll_flit[1949] is undriven.
Info:  Net impl:/WORK/tl_interface/dll_flit[1948] is undriven.
Info:  Net impl:/WORK/tl_interface/dll_flit[1947] is undriven.
Info:  Net impl:/WORK/tl_interface/dll_flit[1946] is undriven.
Info:  Net impl:/WORK/tl_interface/dll_flit[1945] is undriven.
Info:  Net impl:/WORK/tl_interface/dll_flit[1944] is undriven.
Info:  Net impl:/WORK/tl_interface/dll_flit[1943] is undriven.
Info:  Net impl:/WORK/tl_interface/dll_flit[1942] is undriven.
Info:  Net impl:/WORK/tl_interface/dll_flit[1941] is undriven.
Info:  Net impl:/WORK/tl_interface/dll_flit[1940] is undriven.
Info:  Net impl:/WORK/tl_interface/dll_flit[1939] is undriven.
Info:  Net impl:/WORK/tl_interface/dll_flit[1938] is undriven.
Info:  Net impl:/WORK/tl_interface/dll_flit[1937] is undriven.
Info:  Net impl:/WORK/tl_interface/dll_flit[1936] is undriven.
Info:  Net impl:/WORK/tl_interface/dll_flit[1935] is undriven.
Info:  Net impl:/WORK/tl_interface/dll_flit[1934] is undriven.
Info:  Net impl:/WORK/tl_interface/dll_flit[1933] is undriven.
Info:  Net impl:/WORK/tl_interface/dll_flit[1932] is undriven.
Info:  Net impl:/WORK/tl_interface/dll_flit[1931] is undriven.
Info:  Net impl:/WORK/tl_interface/dll_flit[1930] is undriven.
Info:  Net impl:/WORK/tl_interface/dll_flit[1929] is undriven.
Info:  Net impl:/WORK/tl_interface/dll_flit[1928] is undriven.
Info:  Net impl:/WORK/tl_interface/dll_flit[1927] is undriven.
Info:  Net impl:/WORK/tl_interface/dll_flit[1926] is undriven.
Info:  Net impl:/WORK/tl_interface/dll_flit[1925] is undriven.
Info:  Net impl:/WORK/tl_interface/dll_flit[1924] is undriven.
Info:  Net impl:/WORK/tl_interface/dll_flit[1923] is undriven.
Info:  Net impl:/WORK/tl_interface/dll_flit[1922] is undriven.
Info:  Net impl:/WORK/tl_interface/dll_flit[1921] is undriven.
Info:  Net impl:/WORK/tl_interface/dll_flit[1920] is undriven.
Info:  Net impl:/WORK/tl_interface/dll_flit[1919] is undriven.
Info:  Net impl:/WORK/tl_interface/dll_flit[1918] is undriven.
Info:  Net impl:/WORK/tl_interface/dll_flit[1917] is undriven.
Info:  Net impl:/WORK/tl_interface/dll_flit[1916] is undriven.
Info:  Net impl:/WORK/tl_interface/dll_flit[1915] is undriven.
Info:  Net impl:/WORK/tl_interface/dll_flit[1914] is undriven.
Info:  Net impl:/WORK/tl_interface/dll_flit[1913] is undriven.
Info:  Net impl:/WORK/tl_interface/dll_flit[1912] is undriven.
Info:  Net impl:/WORK/tl_interface/dll_flit[1911] is undriven.
Info:  Net impl:/WORK/tl_interface/dll_flit[1910] is undriven.
Info:  Net impl:/WORK/tl_interface/dll_flit[1909] is undriven.
Info:  Net impl:/WORK/tl_interface/dll_flit[1908] is undriven.
Info:  Net impl:/WORK/tl_interface/dll_flit[1907] is undriven.
Info:  Net impl:/WORK/tl_interface/dll_flit[1906] is undriven.
Info:  Net impl:/WORK/tl_interface/dll_flit[1905] is undriven.
Info:  Net impl:/WORK/tl_interface/dll_flit[1904] is undriven.
Info:  Net impl:/WORK/tl_interface/dll_flit[1903] is undriven.
Info:  Net impl:/WORK/tl_interface/dll_flit[1902] is undriven.
Info:  Net impl:/WORK/tl_interface/dll_flit[1901] is undriven.
Info:  Net impl:/WORK/tl_interface/dll_flit[1900] is undriven.
Info:  Net impl:/WORK/tl_interface/dll_flit[1899] is undriven.
Info:  Net impl:/WORK/tl_interface/dll_flit[1898] is undriven.
Info:  Net impl:/WORK/tl_interface/dll_flit[1897] is undriven.
Info:  Net impl:/WORK/tl_interface/dll_flit[1896] is undriven.
Info:  Net impl:/WORK/tl_interface/dll_flit[1895] is undriven.
Info:  Net impl:/WORK/tl_interface/dll_flit[1894] is undriven.
Info:  Net impl:/WORK/tl_interface/dll_flit[1893] is undriven.
Info:  Net impl:/WORK/tl_interface/dll_flit[1892] is undriven.
Info:  Net impl:/WORK/tl_interface/dll_flit[1891] is undriven.
Info:  Net impl:/WORK/tl_interface/dll_flit[1890] is undriven.
Info:  Net impl:/WORK/tl_interface/dll_flit[1889] is undriven.
Info:  Net impl:/WORK/tl_interface/dll_flit[1888] is undriven.
Info:  Net impl:/WORK/tl_interface/dll_flit[1887] is undriven.
Info:  Net impl:/WORK/tl_interface/dll_flit[1886] is undriven.
Info:  Net impl:/WORK/tl_interface/dll_flit[1885] is undriven.
Info:  Net impl:/WORK/tl_interface/dll_flit[1884] is undriven.
Info:  Net impl:/WORK/tl_interface/dll_flit[1883] is undriven.
Info:  Net impl:/WORK/tl_interface/dll_flit[1882] is undriven.
Info:  Net impl:/WORK/tl_interface/dll_flit[1881] is undriven.
Info:  Net impl:/WORK/tl_interface/dll_flit[1880] is undriven.
Info:  Net impl:/WORK/tl_interface/dll_flit[1879] is undriven.
Info:  Net impl:/WORK/tl_interface/dll_flit[1878] is undriven.
Info:  Net impl:/WORK/tl_interface/dll_flit[1877] is undriven.
Info:  Net impl:/WORK/tl_interface/dll_flit[1876] is undriven.
Info:  Net impl:/WORK/tl_interface/dll_flit[1875] is undriven.
Info:  Net impl:/WORK/tl_interface/dll_flit[1874] is undriven.
Info:  Net impl:/WORK/tl_interface/dll_flit[1873] is undriven.
Info:  Net impl:/WORK/tl_interface/dll_flit[1872] is undriven.
Info:  Net impl:/WORK/tl_interface/dll_flit[1871] is undriven.
Info:  Net impl:/WORK/tl_interface/dll_flit[1870] is undriven.
Info:  Net impl:/WORK/tl_interface/dll_flit[1869] is undriven.
Info:  Net impl:/WORK/tl_interface/dll_flit[1868] is undriven.
Info:  Net impl:/WORK/tl_interface/dll_flit[1867] is undriven.
Info:  Net impl:/WORK/tl_interface/dll_flit[1866] is undriven.
Info:  Net impl:/WORK/tl_interface/dll_flit[1865] is undriven.
Info:  Net impl:/WORK/tl_interface/dll_flit[1864] is undriven.
Info:  Net impl:/WORK/tl_interface/dll_flit[1863] is undriven.
Info:  Net impl:/WORK/tl_interface/dll_flit[1862] is undriven.
Info:  Net impl:/WORK/tl_interface/dll_flit[1861] is undriven.
Info:  Net impl:/WORK/tl_interface/dll_flit[1860] is undriven.
Info:  Net impl:/WORK/tl_interface/dll_flit[1859] is undriven.
Info:  Net impl:/WORK/tl_interface/dll_flit[1858] is undriven.
Info:  Net impl:/WORK/tl_interface/dll_flit[1857] is undriven.
Info:  Net impl:/WORK/tl_interface/dll_flit[1856] is undriven.
Info:  Net impl:/WORK/tl_interface/dll_flit[1855] is undriven.
Info:  Net impl:/WORK/tl_interface/dll_flit[1854] is undriven.
Info:  Net impl:/WORK/tl_interface/dll_flit[1853] is undriven.
Info:  Net impl:/WORK/tl_interface/dll_flit[1852] is undriven.
Info:  Net impl:/WORK/tl_interface/dll_flit[1851] is undriven.
Info:  Net impl:/WORK/tl_interface/dll_flit[1850] is undriven.
Info:  Net impl:/WORK/tl_interface/dll_flit[1849] is undriven.
Info:  Net impl:/WORK/tl_interface/dll_flit[1848] is undriven.
Info:  Net impl:/WORK/tl_interface/dll_flit[1847] is undriven.
Info:  Net impl:/WORK/tl_interface/dll_flit[1846] is undriven.
Info:  Net impl:/WORK/tl_interface/dll_flit[1845] is undriven.
Info:  Net impl:/WORK/tl_interface/dll_flit[1844] is undriven.
Info:  Net impl:/WORK/tl_interface/dll_flit[1843] is undriven.
Info:  Net impl:/WORK/tl_interface/dll_flit[1842] is undriven.
Info:  Net impl:/WORK/tl_interface/dll_flit[1841] is undriven.
Info:  Net impl:/WORK/tl_interface/dll_flit[1840] is undriven.
Info:  Net impl:/WORK/tl_interface/dll_flit[1839] is undriven.
Info:  Net impl:/WORK/tl_interface/dll_flit[1838] is undriven.
Info:  Net impl:/WORK/tl_interface/dll_flit[1837] is undriven.
Info:  Net impl:/WORK/tl_interface/dll_flit[1836] is undriven.
Info:  Net impl:/WORK/tl_interface/dll_flit[1835] is undriven.
Info:  Net impl:/WORK/tl_interface/dll_flit[1834] is undriven.
Info:  Net impl:/WORK/tl_interface/dll_flit[1833] is undriven.
Info:  Net impl:/WORK/tl_interface/dll_flit[1832] is undriven.
Info:  Net impl:/WORK/tl_interface/dll_flit[1831] is undriven.
Info:  Net impl:/WORK/tl_interface/dll_flit[1830] is undriven.
Info:  Net impl:/WORK/tl_interface/dll_flit[1829] is undriven.
Info:  Net impl:/WORK/tl_interface/dll_flit[1828] is undriven.
Info:  Net impl:/WORK/tl_interface/dll_flit[1827] is undriven.
Info:  Net impl:/WORK/tl_interface/dll_flit[1826] is undriven.
Info:  Net impl:/WORK/tl_interface/dll_flit[1825] is undriven.
Info:  Net impl:/WORK/tl_interface/dll_flit[1824] is undriven.
Info:  Net impl:/WORK/tl_interface/dll_flit[1823] is undriven.
Info:  Net impl:/WORK/tl_interface/dll_flit[1822] is undriven.
Info:  Net impl:/WORK/tl_interface/dll_flit[1821] is undriven.
Info:  Net impl:/WORK/tl_interface/dll_flit[1820] is undriven.
Info:  Net impl:/WORK/tl_interface/dll_flit[1819] is undriven.
Info:  Net impl:/WORK/tl_interface/dll_flit[1818] is undriven.
Info:  Net impl:/WORK/tl_interface/dll_flit[1817] is undriven.
Info:  Net impl:/WORK/tl_interface/dll_flit[1816] is undriven.
Info:  Net impl:/WORK/tl_interface/dll_flit[1815] is undriven.
Info:  Net impl:/WORK/tl_interface/dll_flit[1814] is undriven.
Info:  Net impl:/WORK/tl_interface/dll_flit[1813] is undriven.
Info:  Net impl:/WORK/tl_interface/dll_flit[1812] is undriven.
Info:  Net impl:/WORK/tl_interface/dll_flit[1811] is undriven.
Info:  Net impl:/WORK/tl_interface/dll_flit[1810] is undriven.
Info:  Net impl:/WORK/tl_interface/dll_flit[1809] is undriven.
Info:  Net impl:/WORK/tl_interface/dll_flit[1808] is undriven.
Info:  Net impl:/WORK/tl_interface/dll_flit[1807] is undriven.
Info:  Net impl:/WORK/tl_interface/dll_flit[1806] is undriven.
Info:  Net impl:/WORK/tl_interface/dll_flit[1805] is undriven.
Info:  Net impl:/WORK/tl_interface/dll_flit[1804] is undriven.
Info:  Net impl:/WORK/tl_interface/dll_flit[1803] is undriven.
Info:  Net impl:/WORK/tl_interface/dll_flit[1802] is undriven.
Info:  Net impl:/WORK/tl_interface/dll_flit[1801] is undriven.
Info:  Net impl:/WORK/tl_interface/dll_flit[1800] is undriven.
Info:  Net impl:/WORK/tl_interface/dll_flit[1799] is undriven.
Info:  Net impl:/WORK/tl_interface/dll_flit[1798] is undriven.
Info:  Net impl:/WORK/tl_interface/dll_flit[1797] is undriven.
Info:  Net impl:/WORK/tl_interface/dll_flit[1796] is undriven.
Info:  Net impl:/WORK/tl_interface/dll_flit[1795] is undriven.
Info:  Net impl:/WORK/tl_interface/dll_flit[1794] is undriven.
Info:  Net impl:/WORK/tl_interface/dll_flit[1793] is undriven.
Info:  Net impl:/WORK/tl_interface/dll_flit[1792] is undriven.
Info:  Net impl:/WORK/tl_interface/dll_flit[1791] is undriven.
Info:  Net impl:/WORK/tl_interface/dll_flit[1790] is undriven.
Info:  Net impl:/WORK/tl_interface/dll_flit[1789] is undriven.
Info:  Net impl:/WORK/tl_interface/dll_flit[1788] is undriven.
Info:  Net impl:/WORK/tl_interface/dll_flit[1787] is undriven.
Info:  Net impl:/WORK/tl_interface/dll_flit[1786] is undriven.
Info:  Net impl:/WORK/tl_interface/dll_flit[1785] is undriven.
Info:  Net impl:/WORK/tl_interface/dll_flit[1784] is undriven.
Info:  Net impl:/WORK/tl_interface/dll_flit[1783] is undriven.
Info:  Net impl:/WORK/tl_interface/dll_flit[1782] is undriven.
Info:  Net impl:/WORK/tl_interface/dll_flit[1781] is undriven.
Info:  Net impl:/WORK/tl_interface/dll_flit[1780] is undriven.
Info:  Net impl:/WORK/tl_interface/dll_flit[1779] is undriven.
Info:  Net impl:/WORK/tl_interface/dll_flit[1778] is undriven.
Info:  Net impl:/WORK/tl_interface/dll_flit[1777] is undriven.
Info:  Net impl:/WORK/tl_interface/dll_flit[1776] is undriven.
Info:  Net impl:/WORK/tl_interface/dll_flit[1775] is undriven.
Info:  Net impl:/WORK/tl_interface/dll_flit[1774] is undriven.
Info:  Net impl:/WORK/tl_interface/dll_flit[1773] is undriven.
Info:  Net impl:/WORK/tl_interface/dll_flit[1772] is undriven.
Info:  Net impl:/WORK/tl_interface/dll_flit[1771] is undriven.
Info:  Net impl:/WORK/tl_interface/dll_flit[1770] is undriven.
Info:  Net impl:/WORK/tl_interface/dll_flit[1769] is undriven.
Info:  Net impl:/WORK/tl_interface/dll_flit[1768] is undriven.
Info:  Net impl:/WORK/tl_interface/dll_flit[1767] is undriven.
Info:  Net impl:/WORK/tl_interface/dll_flit[1766] is undriven.
Info:  Net impl:/WORK/tl_interface/dll_flit[1765] is undriven.
Info:  Net impl:/WORK/tl_interface/dll_flit[1764] is undriven.
Info:  Net impl:/WORK/tl_interface/dll_flit[1763] is undriven.
Info:  Net impl:/WORK/tl_interface/dll_flit[1762] is undriven.
Info:  Net impl:/WORK/tl_interface/dll_flit[1761] is undriven.
Info:  Net impl:/WORK/tl_interface/dll_flit[1760] is undriven.
Info:  Net impl:/WORK/tl_interface/dll_flit[1759] is undriven.
Info:  Net impl:/WORK/tl_interface/dll_flit[1758] is undriven.
Info:  Net impl:/WORK/tl_interface/dll_flit[1757] is undriven.
Info:  Net impl:/WORK/tl_interface/dll_flit[1756] is undriven.
Info:  Net impl:/WORK/tl_interface/dll_flit[1755] is undriven.
Info:  Net impl:/WORK/tl_interface/dll_flit[1754] is undriven.
Info:  Net impl:/WORK/tl_interface/dll_flit[1753] is undriven.
Info:  Net impl:/WORK/tl_interface/dll_flit[1752] is undriven.
Info:  Net impl:/WORK/tl_interface/dll_flit[1751] is undriven.
Info:  Net impl:/WORK/tl_interface/dll_flit[1750] is undriven.
Info:  Net impl:/WORK/tl_interface/dll_flit[1749] is undriven.
Info:  Net impl:/WORK/tl_interface/dll_flit[1748] is undriven.
Info:  Net impl:/WORK/tl_interface/dll_flit[1747] is undriven.
Info:  Net impl:/WORK/tl_interface/dll_flit[1746] is undriven.
Info:  Net impl:/WORK/tl_interface/dll_flit[1745] is undriven.
Info:  Net impl:/WORK/tl_interface/dll_flit[1744] is undriven.
Info:  Net impl:/WORK/tl_interface/dll_flit[1743] is undriven.
Info:  Net impl:/WORK/tl_interface/dll_flit[1742] is undriven.
Info:  Net impl:/WORK/tl_interface/dll_flit[1741] is undriven.
Info:  Net impl:/WORK/tl_interface/dll_flit[1740] is undriven.
Info:  Net impl:/WORK/tl_interface/dll_flit[1739] is undriven.
Info:  Net impl:/WORK/tl_interface/dll_flit[1738] is undriven.
Info:  Net impl:/WORK/tl_interface/dll_flit[1737] is undriven.
Info:  Net impl:/WORK/tl_interface/dll_flit[1736] is undriven.
Info:  Net impl:/WORK/tl_interface/dll_flit[1735] is undriven.
Info:  Net impl:/WORK/tl_interface/dll_flit[1734] is undriven.
Info:  Net impl:/WORK/tl_interface/dll_flit[1733] is undriven.
Info:  Net impl:/WORK/tl_interface/dll_flit[1732] is undriven.
Info:  Net impl:/WORK/tl_interface/dll_flit[1731] is undriven.
Info:  Net impl:/WORK/tl_interface/dll_flit[1730] is undriven.
Info:  Net impl:/WORK/tl_interface/dll_flit[1729] is undriven.
Info:  Net impl:/WORK/tl_interface/dll_flit[1728] is undriven.
Info:  Net impl:/WORK/tl_interface/dll_flit[1727] is undriven.
Info:  Net impl:/WORK/tl_interface/dll_flit[1726] is undriven.
Info:  Net impl:/WORK/tl_interface/dll_flit[1725] is undriven.
Info:  Net impl:/WORK/tl_interface/dll_flit[1724] is undriven.
Info:  Net impl:/WORK/tl_interface/dll_flit[1723] is undriven.
Info:  Net impl:/WORK/tl_interface/dll_flit[1722] is undriven.
Info:  Net impl:/WORK/tl_interface/dll_flit[1721] is undriven.
Info:  Net impl:/WORK/tl_interface/dll_flit[1720] is undriven.
Info:  Net impl:/WORK/tl_interface/dll_flit[1719] is undriven.
Info:  Net impl:/WORK/tl_interface/dll_flit[1718] is undriven.
Info:  Net impl:/WORK/tl_interface/dll_flit[1717] is undriven.
Info:  Net impl:/WORK/tl_interface/dll_flit[1716] is undriven.
Info:  Net impl:/WORK/tl_interface/dll_flit[1715] is undriven.
Info:  Net impl:/WORK/tl_interface/dll_flit[1714] is undriven.
Info:  Net impl:/WORK/tl_interface/dll_flit[1713] is undriven.
Info:  Net impl:/WORK/tl_interface/dll_flit[1712] is undriven.
Info:  Net impl:/WORK/tl_interface/dll_flit[1711] is undriven.
Info:  Net impl:/WORK/tl_interface/dll_flit[1710] is undriven.
Info:  Net impl:/WORK/tl_interface/dll_flit[1709] is undriven.
Info:  Net impl:/WORK/tl_interface/dll_flit[1708] is undriven.
Info:  Net impl:/WORK/tl_interface/dll_flit[1707] is undriven.
Info:  Net impl:/WORK/tl_interface/dll_flit[1706] is undriven.
Info:  Net impl:/WORK/tl_interface/dll_flit[1705] is undriven.
Info:  Net impl:/WORK/tl_interface/dll_flit[1704] is undriven.
Info:  Net impl:/WORK/tl_interface/dll_flit[1703] is undriven.
Info:  Net impl:/WORK/tl_interface/dll_flit[1702] is undriven.
Info:  Net impl:/WORK/tl_interface/dll_flit[1701] is undriven.
Info:  Net impl:/WORK/tl_interface/dll_flit[1700] is undriven.
Info:  Net impl:/WORK/tl_interface/dll_flit[1699] is undriven.
Info:  Net impl:/WORK/tl_interface/dll_flit[1698] is undriven.
Info:  Net impl:/WORK/tl_interface/dll_flit[1697] is undriven.
Info:  Net impl:/WORK/tl_interface/dll_flit[1696] is undriven.
Info:  Net impl:/WORK/tl_interface/dll_flit[1695] is undriven.
Info:  Net impl:/WORK/tl_interface/dll_flit[1694] is undriven.
Info:  Net impl:/WORK/tl_interface/dll_flit[1693] is undriven.
Info:  Net impl:/WORK/tl_interface/dll_flit[1692] is undriven.
Info:  Net impl:/WORK/tl_interface/dll_flit[1691] is undriven.
Info:  Net impl:/WORK/tl_interface/dll_flit[1690] is undriven.
Info:  Net impl:/WORK/tl_interface/dll_flit[1689] is undriven.
Info:  Net impl:/WORK/tl_interface/dll_flit[1688] is undriven.
Info:  Net impl:/WORK/tl_interface/dll_flit[1687] is undriven.
Info:  Net impl:/WORK/tl_interface/dll_flit[1686] is undriven.
Info:  Net impl:/WORK/tl_interface/dll_flit[1685] is undriven.
Info:  Net impl:/WORK/tl_interface/dll_flit[1684] is undriven.
Info:  Net impl:/WORK/tl_interface/dll_flit[1683] is undriven.
Info:  Net impl:/WORK/tl_interface/dll_flit[1682] is undriven.
Info:  Net impl:/WORK/tl_interface/dll_flit[1681] is undriven.
Info:  Net impl:/WORK/tl_interface/dll_flit[1680] is undriven.
Info:  Net impl:/WORK/tl_interface/dll_flit[1679] is undriven.
Info:  Net impl:/WORK/tl_interface/dll_flit[1678] is undriven.
Info:  Net impl:/WORK/tl_interface/dll_flit[1677] is undriven.
Info:  Net impl:/WORK/tl_interface/dll_flit[1676] is undriven.
Info:  Net impl:/WORK/tl_interface/dll_flit[1675] is undriven.
Info:  Net impl:/WORK/tl_interface/dll_flit[1674] is undriven.
Info:  Net impl:/WORK/tl_interface/dll_flit[1673] is undriven.
Info:  Net impl:/WORK/tl_interface/dll_flit[1672] is undriven.
Info:  Net impl:/WORK/tl_interface/dll_flit[1671] is undriven.
Info:  Net impl:/WORK/tl_interface/dll_flit[1670] is undriven.
Info:  Net impl:/WORK/tl_interface/dll_flit[1669] is undriven.
Info:  Net impl:/WORK/tl_interface/dll_flit[1668] is undriven.
Info:  Net impl:/WORK/tl_interface/dll_flit[1667] is undriven.
Info:  Net impl:/WORK/tl_interface/dll_flit[1666] is undriven.
Info:  Net impl:/WORK/tl_interface/dll_flit[1665] is undriven.
Info:  Net impl:/WORK/tl_interface/dll_flit[1664] is undriven.
Info:  Net impl:/WORK/tl_interface/dll_flit[1663] is undriven.
Info:  Net impl:/WORK/tl_interface/dll_flit[1662] is undriven.
Info:  Net impl:/WORK/tl_interface/dll_flit[1661] is undriven.
Info:  Net impl:/WORK/tl_interface/dll_flit[1660] is undriven.
Info:  Net impl:/WORK/tl_interface/dll_flit[1659] is undriven.
Info:  Net impl:/WORK/tl_interface/dll_flit[1658] is undriven.
Info:  Net impl:/WORK/tl_interface/dll_flit[1657] is undriven.
Info:  Net impl:/WORK/tl_interface/dll_flit[1656] is undriven.
Info:  Net impl:/WORK/tl_interface/dll_flit[1655] is undriven.
Info:  Net impl:/WORK/tl_interface/dll_flit[1654] is undriven.
Info:  Net impl:/WORK/tl_interface/dll_flit[1653] is undriven.
Info:  Net impl:/WORK/tl_interface/dll_flit[1652] is undriven.
Info:  Net impl:/WORK/tl_interface/dll_flit[1651] is undriven.
Info:  Net impl:/WORK/tl_interface/dll_flit[1650] is undriven.
Info:  Net impl:/WORK/tl_interface/dll_flit[1649] is undriven.
Info:  Net impl:/WORK/tl_interface/dll_flit[1648] is undriven.
Info:  Net impl:/WORK/tl_interface/dll_flit[1647] is undriven.
Info:  Net impl:/WORK/tl_interface/dll_flit[1646] is undriven.
Info:  Net impl:/WORK/tl_interface/dll_flit[1645] is undriven.
Info:  Net impl:/WORK/tl_interface/dll_flit[1644] is undriven.
Info:  Net impl:/WORK/tl_interface/dll_flit[1643] is undriven.
Info:  Net impl:/WORK/tl_interface/dll_flit[1642] is undriven.
Info:  Net impl:/WORK/tl_interface/dll_flit[1641] is undriven.
Info:  Net impl:/WORK/tl_interface/dll_flit[1640] is undriven.
Info:  Net impl:/WORK/tl_interface/dll_flit[1639] is undriven.
Info:  Net impl:/WORK/tl_interface/dll_flit[1638] is undriven.
Info:  Net impl:/WORK/tl_interface/dll_flit[1637] is undriven.
Info:  Net impl:/WORK/tl_interface/dll_flit[1636] is undriven.
Info:  Net impl:/WORK/tl_interface/dll_flit[1635] is undriven.
Info:  Net impl:/WORK/tl_interface/dll_flit[1634] is undriven.
Info:  Net impl:/WORK/tl_interface/dll_flit[1633] is undriven.
Info:  Net impl:/WORK/tl_interface/dll_flit[1632] is undriven.
Info:  Net impl:/WORK/tl_interface/dll_flit[1631] is undriven.
Info:  Net impl:/WORK/tl_interface/dll_flit[1630] is undriven.
Info:  Net impl:/WORK/tl_interface/dll_flit[1629] is undriven.
Info:  Net impl:/WORK/tl_interface/dll_flit[1628] is undriven.
Info:  Net impl:/WORK/tl_interface/dll_flit[1627] is undriven.
Info:  Net impl:/WORK/tl_interface/dll_flit[1626] is undriven.
Info:  Net impl:/WORK/tl_interface/dll_flit[1625] is undriven.
Info:  Net impl:/WORK/tl_interface/dll_flit[1624] is undriven.
Info:  Net impl:/WORK/tl_interface/dll_flit[1623] is undriven.
Info:  Net impl:/WORK/tl_interface/dll_flit[1622] is undriven.
Info:  Net impl:/WORK/tl_interface/dll_flit[1621] is undriven.
Info:  Net impl:/WORK/tl_interface/dll_flit[1620] is undriven.
Info:  Net impl:/WORK/tl_interface/dll_flit[1619] is undriven.
Info:  Net impl:/WORK/tl_interface/dll_flit[1618] is undriven.
Info:  Net impl:/WORK/tl_interface/dll_flit[1617] is undriven.
Info:  Net impl:/WORK/tl_interface/dll_flit[1616] is undriven.
Info:  Net impl:/WORK/tl_interface/dll_flit[1615] is undriven.
Info:  Net impl:/WORK/tl_interface/dll_flit[1614] is undriven.
Info:  Net impl:/WORK/tl_interface/dll_flit[1613] is undriven.
Info:  Net impl:/WORK/tl_interface/dll_flit[1612] is undriven.
Info:  Net impl:/WORK/tl_interface/dll_flit[1611] is undriven.
Info:  Net impl:/WORK/tl_interface/dll_flit[1610] is undriven.
Info:  Net impl:/WORK/tl_interface/dll_flit[1609] is undriven.
Info:  Net impl:/WORK/tl_interface/dll_flit[1608] is undriven.
Info:  Net impl:/WORK/tl_interface/dll_flit[1607] is undriven.
Info:  Net impl:/WORK/tl_interface/dll_flit[1606] is undriven.
Info:  Net impl:/WORK/tl_interface/dll_flit[1605] is undriven.
Info:  Net impl:/WORK/tl_interface/dll_flit[1604] is undriven.
Info:  Net impl:/WORK/tl_interface/dll_flit[1603] is undriven.
Info:  Net impl:/WORK/tl_interface/dll_flit[1602] is undriven.
Info:  Net impl:/WORK/tl_interface/dll_flit[1601] is undriven.
Info:  Net impl:/WORK/tl_interface/dll_flit[1600] is undriven.
Info:  Net impl:/WORK/tl_interface/dll_flit[1599] is undriven.
Info:  Net impl:/WORK/tl_interface/dll_flit[1598] is undriven.
Info:  Net impl:/WORK/tl_interface/dll_flit[1597] is undriven.
Info:  Net impl:/WORK/tl_interface/dll_flit[1596] is undriven.
Info:  Net impl:/WORK/tl_interface/dll_flit[1595] is undriven.
Info:  Net impl:/WORK/tl_interface/dll_flit[1594] is undriven.
Info:  Net impl:/WORK/tl_interface/dll_flit[1593] is undriven.
Info:  Net impl:/WORK/tl_interface/dll_flit[1592] is undriven.
Info:  Net impl:/WORK/tl_interface/dll_flit[1591] is undriven.
Info:  Net impl:/WORK/tl_interface/dll_flit[1590] is undriven.
Info:  Net impl:/WORK/tl_interface/dll_flit[1589] is undriven.
Info:  Net impl:/WORK/tl_interface/dll_flit[1588] is undriven.
Info:  Net impl:/WORK/tl_interface/dll_flit[1587] is undriven.
Info:  Net impl:/WORK/tl_interface/dll_flit[1586] is undriven.
Info:  Net impl:/WORK/tl_interface/dll_flit[1585] is undriven.
Info:  Net impl:/WORK/tl_interface/dll_flit[1584] is undriven.
Info:  Net impl:/WORK/tl_interface/dll_flit[1583] is undriven.
Info:  Net impl:/WORK/tl_interface/dll_flit[1582] is undriven.
Info:  Net impl:/WORK/tl_interface/dll_flit[1581] is undriven.
Info:  Net impl:/WORK/tl_interface/dll_flit[1580] is undriven.
Info:  Net impl:/WORK/tl_interface/dll_flit[1579] is undriven.
Info:  Net impl:/WORK/tl_interface/dll_flit[1578] is undriven.
Info:  Net impl:/WORK/tl_interface/dll_flit[1577] is undriven.
Info:  Net impl:/WORK/tl_interface/dll_flit[1576] is undriven.
Info:  Net impl:/WORK/tl_interface/dll_flit[1575] is undriven.
Info:  Net impl:/WORK/tl_interface/dll_flit[1574] is undriven.
Info:  Net impl:/WORK/tl_interface/dll_flit[1573] is undriven.
Info:  Net impl:/WORK/tl_interface/dll_flit[1572] is undriven.
Info:  Net impl:/WORK/tl_interface/dll_flit[1571] is undriven.
Info:  Net impl:/WORK/tl_interface/dll_flit[1570] is undriven.
Info:  Net impl:/WORK/tl_interface/dll_flit[1569] is undriven.
Info:  Net impl:/WORK/tl_interface/dll_flit[1568] is undriven.
Info:  Net impl:/WORK/tl_interface/dll_flit[1567] is undriven.
Info:  Net impl:/WORK/tl_interface/dll_flit[1566] is undriven.
Info:  Net impl:/WORK/tl_interface/dll_flit[1565] is undriven.
Info:  Net impl:/WORK/tl_interface/dll_flit[1564] is undriven.
Info:  Net impl:/WORK/tl_interface/dll_flit[1563] is undriven.
Info:  Net impl:/WORK/tl_interface/dll_flit[1562] is undriven.
Info:  Net impl:/WORK/tl_interface/dll_flit[1561] is undriven.
Info:  Net impl:/WORK/tl_interface/dll_flit[1560] is undriven.
Info:  Net impl:/WORK/tl_interface/dll_flit[1559] is undriven.
Info:  Net impl:/WORK/tl_interface/dll_flit[1558] is undriven.
Info:  Net impl:/WORK/tl_interface/dll_flit[1557] is undriven.
Info:  Net impl:/WORK/tl_interface/dll_flit[1556] is undriven.
Info:  Net impl:/WORK/tl_interface/dll_flit[1555] is undriven.
Info:  Net impl:/WORK/tl_interface/dll_flit[1554] is undriven.
Info:  Net impl:/WORK/tl_interface/dll_flit[1553] is undriven.
Info:  Net impl:/WORK/tl_interface/dll_flit[1552] is undriven.
Info:  Net impl:/WORK/tl_interface/dll_flit[1551] is undriven.
Info:  Net impl:/WORK/tl_interface/dll_flit[1550] is undriven.
Info:  Net impl:/WORK/tl_interface/dll_flit[1549] is undriven.
Info:  Net impl:/WORK/tl_interface/dll_flit[1548] is undriven.
Info:  Net impl:/WORK/tl_interface/dll_flit[1547] is undriven.
Info:  Net impl:/WORK/tl_interface/dll_flit[1546] is undriven.
Info:  Net impl:/WORK/tl_interface/dll_flit[1545] is undriven.
Info:  Net impl:/WORK/tl_interface/dll_flit[1544] is undriven.
Info:  Net impl:/WORK/tl_interface/dll_flit[1543] is undriven.
Info:  Net impl:/WORK/tl_interface/dll_flit[1542] is undriven.
Info:  Net impl:/WORK/tl_interface/dll_flit[1541] is undriven.
Info:  Net impl:/WORK/tl_interface/dll_flit[1540] is undriven.
Info:  Net impl:/WORK/tl_interface/dll_flit[1539] is undriven.
Info:  Net impl:/WORK/tl_interface/dll_flit[1538] is undriven.
Info:  Net impl:/WORK/tl_interface/dll_flit[1537] is undriven.
Info:  Net impl:/WORK/tl_interface/dll_flit[1536] is undriven.
Info:  Net impl:/WORK/tl_interface/dll_flit[1535] is undriven.
Info:  Net impl:/WORK/tl_interface/dll_flit[1534] is undriven.
Info:  Net impl:/WORK/tl_interface/dll_flit[1533] is undriven.
Info:  Net impl:/WORK/tl_interface/dll_flit[1532] is undriven.
Info:  Net impl:/WORK/tl_interface/dll_flit[1531] is undriven.
Info:  Net impl:/WORK/tl_interface/dll_flit[1530] is undriven.
Info:  Net impl:/WORK/tl_interface/dll_flit[1529] is undriven.
Info:  Net impl:/WORK/tl_interface/dll_flit[1528] is undriven.
Info:  Net impl:/WORK/tl_interface/dll_flit[1527] is undriven.
Info:  Net impl:/WORK/tl_interface/dll_flit[1526] is undriven.
Info:  Net impl:/WORK/tl_interface/dll_flit[1525] is undriven.
Info:  Net impl:/WORK/tl_interface/dll_flit[1524] is undriven.
Info:  Net impl:/WORK/tl_interface/dll_flit[1523] is undriven.
Info:  Net impl:/WORK/tl_interface/dll_flit[1522] is undriven.
Info:  Net impl:/WORK/tl_interface/dll_flit[1521] is undriven.
Info:  Net impl:/WORK/tl_interface/dll_flit[1520] is undriven.
Info:  Net impl:/WORK/tl_interface/dll_flit[1519] is undriven.
Info:  Net impl:/WORK/tl_interface/dll_flit[1518] is undriven.
Info:  Net impl:/WORK/tl_interface/dll_flit[1517] is undriven.
Info:  Net impl:/WORK/tl_interface/dll_flit[1516] is undriven.
Info:  Net impl:/WORK/tl_interface/dll_flit[1515] is undriven.
Info:  Net impl:/WORK/tl_interface/dll_flit[1514] is undriven.
Info:  Net impl:/WORK/tl_interface/dll_flit[1513] is undriven.
Info:  Net impl:/WORK/tl_interface/dll_flit[1512] is undriven.
Info:  Net impl:/WORK/tl_interface/dll_flit[1511] is undriven.
Info:  Net impl:/WORK/tl_interface/dll_flit[1510] is undriven.
Info:  Net impl:/WORK/tl_interface/dll_flit[1509] is undriven.
Info:  Net impl:/WORK/tl_interface/dll_flit[1508] is undriven.
Info:  Net impl:/WORK/tl_interface/dll_flit[1507] is undriven.
Info:  Net impl:/WORK/tl_interface/dll_flit[1506] is undriven.
Info:  Net impl:/WORK/tl_interface/dll_flit[1505] is undriven.
Info:  Net impl:/WORK/tl_interface/dll_flit[1504] is undriven.
Info:  Net impl:/WORK/tl_interface/dll_flit[1503] is undriven.
Info:  Net impl:/WORK/tl_interface/dll_flit[1502] is undriven.
Info:  Net impl:/WORK/tl_interface/dll_flit[1501] is undriven.
Info:  Net impl:/WORK/tl_interface/dll_flit[1500] is undriven.
Info:  Net impl:/WORK/tl_interface/dll_flit[1499] is undriven.
Info:  Net impl:/WORK/tl_interface/dll_flit[1498] is undriven.
Info:  Net impl:/WORK/tl_interface/dll_flit[1497] is undriven.
Info:  Net impl:/WORK/tl_interface/dll_flit[1496] is undriven.
Info:  Net impl:/WORK/tl_interface/dll_flit[1495] is undriven.
Info:  Net impl:/WORK/tl_interface/dll_flit[1494] is undriven.
Info:  Net impl:/WORK/tl_interface/dll_flit[1493] is undriven.
Info:  Net impl:/WORK/tl_interface/dll_flit[1492] is undriven.
Info:  Net impl:/WORK/tl_interface/dll_flit[1491] is undriven.
Info:  Net impl:/WORK/tl_interface/dll_flit[1490] is undriven.
Info:  Net impl:/WORK/tl_interface/dll_flit[1489] is undriven.
Info:  Net impl:/WORK/tl_interface/dll_flit[1488] is undriven.
Info:  Net impl:/WORK/tl_interface/dll_flit[1487] is undriven.
Info:  Net impl:/WORK/tl_interface/dll_flit[1486] is undriven.
Info:  Net impl:/WORK/tl_interface/dll_flit[1485] is undriven.
Info:  Net impl:/WORK/tl_interface/dll_flit[1484] is undriven.
Info:  Net impl:/WORK/tl_interface/dll_flit[1483] is undriven.
Info:  Net impl:/WORK/tl_interface/dll_flit[1482] is undriven.
Info:  Net impl:/WORK/tl_interface/dll_flit[1481] is undriven.
Info:  Net impl:/WORK/tl_interface/dll_flit[1480] is undriven.
Info:  Net impl:/WORK/tl_interface/dll_flit[1479] is undriven.
Info:  Net impl:/WORK/tl_interface/dll_flit[1478] is undriven.
Info:  Net impl:/WORK/tl_interface/dll_flit[1477] is undriven.
Info:  Net impl:/WORK/tl_interface/dll_flit[1476] is undriven.
Info:  Net impl:/WORK/tl_interface/dll_flit[1475] is undriven.
Info:  Net impl:/WORK/tl_interface/dll_flit[1474] is undriven.
Info:  Net impl:/WORK/tl_interface/dll_flit[1473] is undriven.
Info:  Net impl:/WORK/tl_interface/dll_flit[1472] is undriven.
Info:  Net impl:/WORK/tl_interface/dll_flit[1471] is undriven.
Info:  Net impl:/WORK/tl_interface/dll_flit[1470] is undriven.
Info:  Net impl:/WORK/tl_interface/dll_flit[1469] is undriven.
Info:  Net impl:/WORK/tl_interface/dll_flit[1468] is undriven.
Info:  Net impl:/WORK/tl_interface/dll_flit[1467] is undriven.
Info:  Net impl:/WORK/tl_interface/dll_flit[1466] is undriven.
Info:  Net impl:/WORK/tl_interface/dll_flit[1465] is undriven.
Info:  Net impl:/WORK/tl_interface/dll_flit[1464] is undriven.
Info:  Net impl:/WORK/tl_interface/dll_flit[1463] is undriven.
Info:  Net impl:/WORK/tl_interface/dll_flit[1462] is undriven.
Info:  Net impl:/WORK/tl_interface/dll_flit[1461] is undriven.
Info:  Net impl:/WORK/tl_interface/dll_flit[1460] is undriven.
Info:  Net impl:/WORK/tl_interface/dll_flit[1459] is undriven.
Info:  Net impl:/WORK/tl_interface/dll_flit[1458] is undriven.
Info:  Net impl:/WORK/tl_interface/dll_flit[1457] is undriven.
Info:  Net impl:/WORK/tl_interface/dll_flit[1456] is undriven.
Info:  Net impl:/WORK/tl_interface/dll_flit[1455] is undriven.
Info:  Net impl:/WORK/tl_interface/dll_flit[1454] is undriven.
Info:  Net impl:/WORK/tl_interface/dll_flit[1453] is undriven.
Info:  Net impl:/WORK/tl_interface/dll_flit[1452] is undriven.
Info:  Net impl:/WORK/tl_interface/dll_flit[1451] is undriven.
Info:  Net impl:/WORK/tl_interface/dll_flit[1450] is undriven.
Info:  Net impl:/WORK/tl_interface/dll_flit[1449] is undriven.
Info:  Net impl:/WORK/tl_interface/dll_flit[1448] is undriven.
Info:  Net impl:/WORK/tl_interface/dll_flit[1447] is undriven.
Info:  Net impl:/WORK/tl_interface/dll_flit[1446] is undriven.
Info:  Net impl:/WORK/tl_interface/dll_flit[1445] is undriven.
Info:  Net impl:/WORK/tl_interface/dll_flit[1444] is undriven.
Info:  Net impl:/WORK/tl_interface/dll_flit[1443] is undriven.
Info:  Net impl:/WORK/tl_interface/dll_flit[1442] is undriven.
Info:  Net impl:/WORK/tl_interface/dll_flit[1441] is undriven.
Info:  Net impl:/WORK/tl_interface/dll_flit[1440] is undriven.
Info:  Net impl:/WORK/tl_interface/dll_flit[1439] is undriven.
Info:  Net impl:/WORK/tl_interface/dll_flit[1438] is undriven.
Info:  Net impl:/WORK/tl_interface/dll_flit[1437] is undriven.
Info:  Net impl:/WORK/tl_interface/dll_flit[1436] is undriven.
Info:  Net impl:/WORK/tl_interface/dll_flit[1435] is undriven.
Info:  Net impl:/WORK/tl_interface/dll_flit[1434] is undriven.
Info:  Net impl:/WORK/tl_interface/dll_flit[1433] is undriven.
Info:  Net impl:/WORK/tl_interface/dll_flit[1432] is undriven.
Info:  Net impl:/WORK/tl_interface/dll_flit[1431] is undriven.
Info:  Net impl:/WORK/tl_interface/dll_flit[1430] is undriven.
Info:  Net impl:/WORK/tl_interface/dll_flit[1429] is undriven.
Info:  Net impl:/WORK/tl_interface/dll_flit[1428] is undriven.
Info:  Net impl:/WORK/tl_interface/dll_flit[1427] is undriven.
Info:  Net impl:/WORK/tl_interface/dll_flit[1426] is undriven.
Info:  Net impl:/WORK/tl_interface/dll_flit[1425] is undriven.
Info:  Net impl:/WORK/tl_interface/dll_flit[1424] is undriven.
Info:  Net impl:/WORK/tl_interface/dll_flit[1423] is undriven.
Info:  Net impl:/WORK/tl_interface/dll_flit[1422] is undriven.
Info:  Net impl:/WORK/tl_interface/dll_flit[1421] is undriven.
Info:  Net impl:/WORK/tl_interface/dll_flit[1420] is undriven.
Info:  Net impl:/WORK/tl_interface/dll_flit[1419] is undriven.
Info:  Net impl:/WORK/tl_interface/dll_flit[1418] is undriven.
Info:  Net impl:/WORK/tl_interface/dll_flit[1417] is undriven.
Info:  Net impl:/WORK/tl_interface/dll_flit[1416] is undriven.
Info:  Net impl:/WORK/tl_interface/dll_flit[1415] is undriven.
Info:  Net impl:/WORK/tl_interface/dll_flit[1414] is undriven.
Info:  Net impl:/WORK/tl_interface/dll_flit[1413] is undriven.
Info:  Net impl:/WORK/tl_interface/dll_flit[1412] is undriven.
Info:  Net impl:/WORK/tl_interface/dll_flit[1411] is undriven.
Info:  Net impl:/WORK/tl_interface/dll_flit[1410] is undriven.
Info:  Net impl:/WORK/tl_interface/dll_flit[1409] is undriven.
Info:  Net impl:/WORK/tl_interface/dll_flit[1408] is undriven.
Info:  Net impl:/WORK/tl_interface/dll_flit[1407] is undriven.
Info:  Net impl:/WORK/tl_interface/dll_flit[1406] is undriven.
Info:  Net impl:/WORK/tl_interface/dll_flit[1405] is undriven.
Info:  Net impl:/WORK/tl_interface/dll_flit[1404] is undriven.
Info:  Net impl:/WORK/tl_interface/dll_flit[1403] is undriven.
Info:  Net impl:/WORK/tl_interface/dll_flit[1402] is undriven.
Info:  Net impl:/WORK/tl_interface/dll_flit[1401] is undriven.
Info:  Net impl:/WORK/tl_interface/dll_flit[1400] is undriven.
Info:  Net impl:/WORK/tl_interface/dll_flit[1399] is undriven.
Info:  Net impl:/WORK/tl_interface/dll_flit[1398] is undriven.
Info:  Net impl:/WORK/tl_interface/dll_flit[1397] is undriven.
Info:  Net impl:/WORK/tl_interface/dll_flit[1396] is undriven.
Info:  Net impl:/WORK/tl_interface/dll_flit[1395] is undriven.
Info:  Net impl:/WORK/tl_interface/dll_flit[1394] is undriven.
Info:  Net impl:/WORK/tl_interface/dll_flit[1393] is undriven.
Info:  Net impl:/WORK/tl_interface/dll_flit[1392] is undriven.
Info:  Net impl:/WORK/tl_interface/dll_flit[1391] is undriven.
Info:  Net impl:/WORK/tl_interface/dll_flit[1390] is undriven.
Info:  Net impl:/WORK/tl_interface/dll_flit[1389] is undriven.
Info:  Net impl:/WORK/tl_interface/dll_flit[1388] is undriven.
Info:  Net impl:/WORK/tl_interface/dll_flit[1387] is undriven.
Info:  Net impl:/WORK/tl_interface/dll_flit[1386] is undriven.
Info:  Net impl:/WORK/tl_interface/dll_flit[1385] is undriven.
Info:  Net impl:/WORK/tl_interface/dll_flit[1384] is undriven.
Info:  Net impl:/WORK/tl_interface/dll_flit[1383] is undriven.
Info:  Net impl:/WORK/tl_interface/dll_flit[1382] is undriven.
Info:  Net impl:/WORK/tl_interface/dll_flit[1381] is undriven.
Info:  Net impl:/WORK/tl_interface/dll_flit[1380] is undriven.
Info:  Net impl:/WORK/tl_interface/dll_flit[1379] is undriven.
Info:  Net impl:/WORK/tl_interface/dll_flit[1378] is undriven.
Info:  Net impl:/WORK/tl_interface/dll_flit[1377] is undriven.
Info:  Net impl:/WORK/tl_interface/dll_flit[1376] is undriven.
Info:  Net impl:/WORK/tl_interface/dll_flit[1375] is undriven.
Info:  Net impl:/WORK/tl_interface/dll_flit[1374] is undriven.
Info:  Net impl:/WORK/tl_interface/dll_flit[1373] is undriven.
Info:  Net impl:/WORK/tl_interface/dll_flit[1372] is undriven.
Info:  Net impl:/WORK/tl_interface/dll_flit[1371] is undriven.
Info:  Net impl:/WORK/tl_interface/dll_flit[1370] is undriven.
Info:  Net impl:/WORK/tl_interface/dll_flit[1369] is undriven.
Info:  Net impl:/WORK/tl_interface/dll_flit[1368] is undriven.
Info:  Net impl:/WORK/tl_interface/dll_flit[1367] is undriven.
Info:  Net impl:/WORK/tl_interface/dll_flit[1366] is undriven.
Info:  Net impl:/WORK/tl_interface/dll_flit[1365] is undriven.
Info:  Net impl:/WORK/tl_interface/dll_flit[1364] is undriven.
Info:  Net impl:/WORK/tl_interface/dll_flit[1363] is undriven.
Info:  Net impl:/WORK/tl_interface/dll_flit[1362] is undriven.
Info:  Net impl:/WORK/tl_interface/dll_flit[1361] is undriven.
Info:  Net impl:/WORK/tl_interface/dll_flit[1360] is undriven.
Info:  Net impl:/WORK/tl_interface/dll_flit[1359] is undriven.
Info:  Net impl:/WORK/tl_interface/dll_flit[1358] is undriven.
Info:  Net impl:/WORK/tl_interface/dll_flit[1357] is undriven.
Info:  Net impl:/WORK/tl_interface/dll_flit[1356] is undriven.
Info:  Net impl:/WORK/tl_interface/dll_flit[1355] is undriven.
Info:  Net impl:/WORK/tl_interface/dll_flit[1354] is undriven.
Info:  Net impl:/WORK/tl_interface/dll_flit[1353] is undriven.
Info:  Net impl:/WORK/tl_interface/dll_flit[1352] is undriven.
Info:  Net impl:/WORK/tl_interface/dll_flit[1351] is undriven.
Info:  Net impl:/WORK/tl_interface/dll_flit[1350] is undriven.
Info:  Net impl:/WORK/tl_interface/dll_flit[1349] is undriven.
Info:  Net impl:/WORK/tl_interface/dll_flit[1348] is undriven.
Info:  Net impl:/WORK/tl_interface/dll_flit[1347] is undriven.
Info:  Net impl:/WORK/tl_interface/dll_flit[1346] is undriven.
Info:  Net impl:/WORK/tl_interface/dll_flit[1345] is undriven.
Info:  Net impl:/WORK/tl_interface/dll_flit[1344] is undriven.
Info:  Net impl:/WORK/tl_interface/dll_flit[1343] is undriven.
Info:  Net impl:/WORK/tl_interface/dll_flit[1342] is undriven.
Info:  Net impl:/WORK/tl_interface/dll_flit[1341] is undriven.
Info:  Net impl:/WORK/tl_interface/dll_flit[1340] is undriven.
Info:  Net impl:/WORK/tl_interface/dll_flit[1339] is undriven.
Info:  Net impl:/WORK/tl_interface/dll_flit[1338] is undriven.
Info:  Net impl:/WORK/tl_interface/dll_flit[1337] is undriven.
Info:  Net impl:/WORK/tl_interface/dll_flit[1336] is undriven.
Info:  Net impl:/WORK/tl_interface/dll_flit[1335] is undriven.
Info:  Net impl:/WORK/tl_interface/dll_flit[1334] is undriven.
Info:  Net impl:/WORK/tl_interface/dll_flit[1333] is undriven.
Info:  Net impl:/WORK/tl_interface/dll_flit[1332] is undriven.
Info:  Net impl:/WORK/tl_interface/dll_flit[1331] is undriven.
Info:  Net impl:/WORK/tl_interface/dll_flit[1330] is undriven.
Info:  Net impl:/WORK/tl_interface/dll_flit[1329] is undriven.
Info:  Net impl:/WORK/tl_interface/dll_flit[1328] is undriven.
Info:  Net impl:/WORK/tl_interface/dll_flit[1327] is undriven.
Info:  Net impl:/WORK/tl_interface/dll_flit[1326] is undriven.
Info:  Net impl:/WORK/tl_interface/dll_flit[1325] is undriven.
Info:  Net impl:/WORK/tl_interface/dll_flit[1324] is undriven.
Info:  Net impl:/WORK/tl_interface/dll_flit[1323] is undriven.
Info:  Net impl:/WORK/tl_interface/dll_flit[1322] is undriven.
Info:  Net impl:/WORK/tl_interface/dll_flit[1321] is undriven.
Info:  Net impl:/WORK/tl_interface/dll_flit[1320] is undriven.
Info:  Net impl:/WORK/tl_interface/dll_flit[1319] is undriven.
Info:  Net impl:/WORK/tl_interface/dll_flit[1318] is undriven.
Info:  Net impl:/WORK/tl_interface/dll_flit[1317] is undriven.
Info:  Net impl:/WORK/tl_interface/dll_flit[1316] is undriven.
Info:  Net impl:/WORK/tl_interface/dll_flit[1315] is undriven.
Info:  Net impl:/WORK/tl_interface/dll_flit[1314] is undriven.
Info:  Net impl:/WORK/tl_interface/dll_flit[1313] is undriven.
Info:  Net impl:/WORK/tl_interface/dll_flit[1312] is undriven.
Info:  Net impl:/WORK/tl_interface/dll_flit[1311] is undriven.
Info:  Net impl:/WORK/tl_interface/dll_flit[1310] is undriven.
Info:  Net impl:/WORK/tl_interface/dll_flit[1309] is undriven.
Info:  Net impl:/WORK/tl_interface/dll_flit[1308] is undriven.
Info:  Net impl:/WORK/tl_interface/dll_flit[1307] is undriven.
Info:  Net impl:/WORK/tl_interface/dll_flit[1306] is undriven.
Info:  Net impl:/WORK/tl_interface/dll_flit[1305] is undriven.
Info:  Net impl:/WORK/tl_interface/dll_flit[1304] is undriven.
Info:  Net impl:/WORK/tl_interface/dll_flit[1303] is undriven.
Info:  Net impl:/WORK/tl_interface/dll_flit[1302] is undriven.
Info:  Net impl:/WORK/tl_interface/dll_flit[1301] is undriven.
Info:  Net impl:/WORK/tl_interface/dll_flit[1300] is undriven.
Info:  Net impl:/WORK/tl_interface/dll_flit[1299] is undriven.
Info:  Net impl:/WORK/tl_interface/dll_flit[1298] is undriven.
Info:  Net impl:/WORK/tl_interface/dll_flit[1297] is undriven.
Info:  Net impl:/WORK/tl_interface/dll_flit[1296] is undriven.
Info:  Net impl:/WORK/tl_interface/dll_flit[1295] is undriven.
Info:  Net impl:/WORK/tl_interface/dll_flit[1294] is undriven.
Info:  Net impl:/WORK/tl_interface/dll_flit[1293] is undriven.
Info:  Net impl:/WORK/tl_interface/dll_flit[1292] is undriven.
Info:  Net impl:/WORK/tl_interface/dll_flit[1291] is undriven.
Info:  Net impl:/WORK/tl_interface/dll_flit[1290] is undriven.
Info:  Net impl:/WORK/tl_interface/dll_flit[1289] is undriven.
Info:  Net impl:/WORK/tl_interface/dll_flit[1288] is undriven.
Info:  Net impl:/WORK/tl_interface/dll_flit[1287] is undriven.
Info:  Net impl:/WORK/tl_interface/dll_flit[1286] is undriven.
Info:  Net impl:/WORK/tl_interface/dll_flit[1285] is undriven.
Info:  Net impl:/WORK/tl_interface/dll_flit[1284] is undriven.
Info:  Net impl:/WORK/tl_interface/dll_flit[1283] is undriven.
Info:  Net impl:/WORK/tl_interface/dll_flit[1282] is undriven.
Info:  Net impl:/WORK/tl_interface/dll_flit[1281] is undriven.
Info:  Net impl:/WORK/tl_interface/dll_flit[1280] is undriven.
Info:  Net impl:/WORK/tl_interface/dll_flit[1279] is undriven.
Info:  Net impl:/WORK/tl_interface/dll_flit[1278] is undriven.
Info:  Net impl:/WORK/tl_interface/dll_flit[1277] is undriven.
Info:  Net impl:/WORK/tl_interface/dll_flit[1276] is undriven.
Info:  Net impl:/WORK/tl_interface/dll_flit[1275] is undriven.
Info:  Net impl:/WORK/tl_interface/dll_flit[1274] is undriven.
Info:  Net impl:/WORK/tl_interface/dll_flit[1273] is undriven.
Info:  Net impl:/WORK/tl_interface/dll_flit[1272] is undriven.
Info:  Net impl:/WORK/tl_interface/dll_flit[1271] is undriven.
Info:  Net impl:/WORK/tl_interface/dll_flit[1270] is undriven.
Info:  Net impl:/WORK/tl_interface/dll_flit[1269] is undriven.
Info:  Net impl:/WORK/tl_interface/dll_flit[1268] is undriven.
Info:  Net impl:/WORK/tl_interface/dll_flit[1267] is undriven.
Info:  Net impl:/WORK/tl_interface/dll_flit[1266] is undriven.
Info:  Net impl:/WORK/tl_interface/dll_flit[1265] is undriven.
Info:  Net impl:/WORK/tl_interface/dll_flit[1264] is undriven.
Info:  Net impl:/WORK/tl_interface/dll_flit[1263] is undriven.
Info:  Net impl:/WORK/tl_interface/dll_flit[1262] is undriven.
Info:  Net impl:/WORK/tl_interface/dll_flit[1261] is undriven.
Info:  Net impl:/WORK/tl_interface/dll_flit[1260] is undriven.
Info:  Net impl:/WORK/tl_interface/dll_flit[1259] is undriven.
Info:  Net impl:/WORK/tl_interface/dll_flit[1258] is undriven.
Info:  Net impl:/WORK/tl_interface/dll_flit[1257] is undriven.
Info:  Net impl:/WORK/tl_interface/dll_flit[1256] is undriven.
Info:  Net impl:/WORK/tl_interface/dll_flit[1255] is undriven.
Info:  Net impl:/WORK/tl_interface/dll_flit[1254] is undriven.
Info:  Net impl:/WORK/tl_interface/dll_flit[1253] is undriven.
Info:  Net impl:/WORK/tl_interface/dll_flit[1252] is undriven.
Info:  Net impl:/WORK/tl_interface/dll_flit[1251] is undriven.
Info:  Net impl:/WORK/tl_interface/dll_flit[1250] is undriven.
Info:  Net impl:/WORK/tl_interface/dll_flit[1249] is undriven.
Info:  Net impl:/WORK/tl_interface/dll_flit[1248] is undriven.
Info:  Net impl:/WORK/tl_interface/dll_flit[1247] is undriven.
Info:  Net impl:/WORK/tl_interface/dll_flit[1246] is undriven.
Info:  Net impl:/WORK/tl_interface/dll_flit[1245] is undriven.
Info:  Net impl:/WORK/tl_interface/dll_flit[1244] is undriven.
Info:  Net impl:/WORK/tl_interface/dll_flit[1243] is undriven.
Info:  Net impl:/WORK/tl_interface/dll_flit[1242] is undriven.
Info:  Net impl:/WORK/tl_interface/dll_flit[1241] is undriven.
Info:  Net impl:/WORK/tl_interface/dll_flit[1240] is undriven.
Info:  Net impl:/WORK/tl_interface/dll_flit[1239] is undriven.
Info:  Net impl:/WORK/tl_interface/dll_flit[1238] is undriven.
Info:  Net impl:/WORK/tl_interface/dll_flit[1237] is undriven.
Info:  Net impl:/WORK/tl_interface/dll_flit[1236] is undriven.
Info:  Net impl:/WORK/tl_interface/dll_flit[1235] is undriven.
Info:  Net impl:/WORK/tl_interface/dll_flit[1234] is undriven.
Info:  Net impl:/WORK/tl_interface/dll_flit[1233] is undriven.
Info:  Net impl:/WORK/tl_interface/dll_flit[1232] is undriven.
Info:  Net impl:/WORK/tl_interface/dll_flit[1231] is undriven.
Info:  Net impl:/WORK/tl_interface/dll_flit[1230] is undriven.
Info:  Net impl:/WORK/tl_interface/dll_flit[1229] is undriven.
Info:  Net impl:/WORK/tl_interface/dll_flit[1228] is undriven.
Info:  Net impl:/WORK/tl_interface/dll_flit[1227] is undriven.
Info:  Net impl:/WORK/tl_interface/dll_flit[1226] is undriven.
Info:  Net impl:/WORK/tl_interface/dll_flit[1225] is undriven.
Info:  Net impl:/WORK/tl_interface/dll_flit[1224] is undriven.
Info:  Net impl:/WORK/tl_interface/dll_flit[1223] is undriven.
Info:  Net impl:/WORK/tl_interface/dll_flit[1222] is undriven.
Info:  Net impl:/WORK/tl_interface/dll_flit[1221] is undriven.
Info:  Net impl:/WORK/tl_interface/dll_flit[1220] is undriven.
Info:  Net impl:/WORK/tl_interface/dll_flit[1219] is undriven.
Info:  Net impl:/WORK/tl_interface/dll_flit[1218] is undriven.
Info:  Net impl:/WORK/tl_interface/dll_flit[1217] is undriven.
Info:  Net impl:/WORK/tl_interface/dll_flit[1216] is undriven.
Info:  Net impl:/WORK/tl_interface/dll_flit[1215] is undriven.
Info:  Net impl:/WORK/tl_interface/dll_flit[1214] is undriven.
Info:  Net impl:/WORK/tl_interface/dll_flit[1213] is undriven.
Info:  Net impl:/WORK/tl_interface/dll_flit[1212] is undriven.
Info:  Net impl:/WORK/tl_interface/dll_flit[1211] is undriven.
Info:  Net impl:/WORK/tl_interface/dll_flit[1210] is undriven.
Info:  Net impl:/WORK/tl_interface/dll_flit[1209] is undriven.
Info:  Net impl:/WORK/tl_interface/dll_flit[1208] is undriven.
Info:  Net impl:/WORK/tl_interface/dll_flit[1207] is undriven.
Info:  Net impl:/WORK/tl_interface/dll_flit[1206] is undriven.
Info:  Net impl:/WORK/tl_interface/dll_flit[1205] is undriven.
Info:  Net impl:/WORK/tl_interface/dll_flit[1204] is undriven.
Info:  Net impl:/WORK/tl_interface/dll_flit[1203] is undriven.
Info:  Net impl:/WORK/tl_interface/dll_flit[1202] is undriven.
Info:  Net impl:/WORK/tl_interface/dll_flit[1201] is undriven.
Info:  Net impl:/WORK/tl_interface/dll_flit[1200] is undriven.
Info:  Net impl:/WORK/tl_interface/dll_flit[1199] is undriven.
Info:  Net impl:/WORK/tl_interface/dll_flit[1198] is undriven.
Info:  Net impl:/WORK/tl_interface/dll_flit[1197] is undriven.
Info:  Net impl:/WORK/tl_interface/dll_flit[1196] is undriven.
Info:  Net impl:/WORK/tl_interface/dll_flit[1195] is undriven.
Info:  Net impl:/WORK/tl_interface/dll_flit[1194] is undriven.
Info:  Net impl:/WORK/tl_interface/dll_flit[1193] is undriven.
Info:  Net impl:/WORK/tl_interface/dll_flit[1192] is undriven.
Info:  Net impl:/WORK/tl_interface/dll_flit[1191] is undriven.
Info:  Net impl:/WORK/tl_interface/dll_flit[1190] is undriven.
Info:  Net impl:/WORK/tl_interface/dll_flit[1189] is undriven.
Info:  Net impl:/WORK/tl_interface/dll_flit[1188] is undriven.
Info:  Net impl:/WORK/tl_interface/dll_flit[1187] is undriven.
Info:  Net impl:/WORK/tl_interface/dll_flit[1186] is undriven.
Info:  Net impl:/WORK/tl_interface/dll_flit[1185] is undriven.
Info:  Net impl:/WORK/tl_interface/dll_flit[1184] is undriven.
Info:  Net impl:/WORK/tl_interface/dll_flit[1183] is undriven.
Info:  Net impl:/WORK/tl_interface/dll_flit[1182] is undriven.
Info:  Net impl:/WORK/tl_interface/dll_flit[1181] is undriven.
Info:  Net impl:/WORK/tl_interface/dll_flit[1180] is undriven.
Info:  Net impl:/WORK/tl_interface/dll_flit[1179] is undriven.
Info:  Net impl:/WORK/tl_interface/dll_flit[1178] is undriven.
Info:  Net impl:/WORK/tl_interface/dll_flit[1177] is undriven.
Info:  Net impl:/WORK/tl_interface/dll_flit[1176] is undriven.
Info:  Net impl:/WORK/tl_interface/dll_flit[1175] is undriven.
Info:  Net impl:/WORK/tl_interface/dll_flit[1174] is undriven.
Info:  Net impl:/WORK/tl_interface/dll_flit[1173] is undriven.
Info:  Net impl:/WORK/tl_interface/dll_flit[1172] is undriven.
Info:  Net impl:/WORK/tl_interface/dll_flit[1171] is undriven.
Info:  Net impl:/WORK/tl_interface/dll_flit[1170] is undriven.
Info:  Net impl:/WORK/tl_interface/dll_flit[1169] is undriven.
Info:  Net impl:/WORK/tl_interface/dll_flit[1168] is undriven.
Info:  Net impl:/WORK/tl_interface/dll_flit[1167] is undriven.
Info:  Net impl:/WORK/tl_interface/dll_flit[1166] is undriven.
Info:  Net impl:/WORK/tl_interface/dll_flit[1165] is undriven.
Info:  Net impl:/WORK/tl_interface/dll_flit[1164] is undriven.
Info:  Net impl:/WORK/tl_interface/dll_flit[1163] is undriven.
Info:  Net impl:/WORK/tl_interface/dll_flit[1162] is undriven.
Info:  Net impl:/WORK/tl_interface/dll_flit[1161] is undriven.
Info:  Net impl:/WORK/tl_interface/dll_flit[1160] is undriven.
Info:  Net impl:/WORK/tl_interface/dll_flit[1159] is undriven.
Info:  Net impl:/WORK/tl_interface/dll_flit[1158] is undriven.
Info:  Net impl:/WORK/tl_interface/dll_flit[1157] is undriven.
Info:  Net impl:/WORK/tl_interface/dll_flit[1156] is undriven.
Info:  Net impl:/WORK/tl_interface/dll_flit[1155] is undriven.
Info:  Net impl:/WORK/tl_interface/dll_flit[1154] is undriven.
Info:  Net impl:/WORK/tl_interface/dll_flit[1153] is undriven.
Info:  Net impl:/WORK/tl_interface/dll_flit[1152] is undriven.
Info:  Net impl:/WORK/tl_interface/dll_flit[1151] is undriven.
Info:  Net impl:/WORK/tl_interface/dll_flit[1150] is undriven.
Info:  Net impl:/WORK/tl_interface/dll_flit[1149] is undriven.
Info:  Net impl:/WORK/tl_interface/dll_flit[1148] is undriven.
Info:  Net impl:/WORK/tl_interface/dll_flit[1147] is undriven.
Info:  Net impl:/WORK/tl_interface/dll_flit[1146] is undriven.
Info:  Net impl:/WORK/tl_interface/dll_flit[1145] is undriven.
Info:  Net impl:/WORK/tl_interface/dll_flit[1144] is undriven.
Info:  Net impl:/WORK/tl_interface/dll_flit[1143] is undriven.
Info:  Net impl:/WORK/tl_interface/dll_flit[1142] is undriven.
Info:  Net impl:/WORK/tl_interface/dll_flit[1141] is undriven.
Info:  Net impl:/WORK/tl_interface/dll_flit[1140] is undriven.
Info:  Net impl:/WORK/tl_interface/dll_flit[1139] is undriven.
Info:  Net impl:/WORK/tl_interface/dll_flit[1138] is undriven.
Info:  Net impl:/WORK/tl_interface/dll_flit[1137] is undriven.
Info:  Net impl:/WORK/tl_interface/dll_flit[1136] is undriven.
Info:  Net impl:/WORK/tl_interface/dll_flit[1135] is undriven.
Info:  Net impl:/WORK/tl_interface/dll_flit[1134] is undriven.
Info:  Net impl:/WORK/tl_interface/dll_flit[1133] is undriven.
Info:  Net impl:/WORK/tl_interface/dll_flit[1132] is undriven.
Info:  Net impl:/WORK/tl_interface/dll_flit[1131] is undriven.
Info:  Net impl:/WORK/tl_interface/dll_flit[1130] is undriven.
Info:  Net impl:/WORK/tl_interface/dll_flit[1129] is undriven.
Info:  Net impl:/WORK/tl_interface/dll_flit[1128] is undriven.
Info:  Net impl:/WORK/tl_interface/dll_flit[1127] is undriven.
Info:  Net impl:/WORK/tl_interface/dll_flit[1126] is undriven.
Info:  Net impl:/WORK/tl_interface/dll_flit[1125] is undriven.
Info:  Net impl:/WORK/tl_interface/dll_flit[1124] is undriven.
Info:  Net impl:/WORK/tl_interface/dll_flit[1123] is undriven.
Info:  Net impl:/WORK/tl_interface/dll_flit[1122] is undriven.
Info:  Net impl:/WORK/tl_interface/dll_flit[1121] is undriven.
Info:  Net impl:/WORK/tl_interface/dll_flit[1120] is undriven.
Info:  Net impl:/WORK/tl_interface/dll_flit[1119] is undriven.
Info:  Net impl:/WORK/tl_interface/dll_flit[1118] is undriven.
Info:  Net impl:/WORK/tl_interface/dll_flit[1117] is undriven.
Info:  Net impl:/WORK/tl_interface/dll_flit[1116] is undriven.
Info:  Net impl:/WORK/tl_interface/dll_flit[1115] is undriven.
Info:  Net impl:/WORK/tl_interface/dll_flit[1114] is undriven.
Info:  Net impl:/WORK/tl_interface/dll_flit[1113] is undriven.
Info:  Net impl:/WORK/tl_interface/dll_flit[1112] is undriven.
Info:  Net impl:/WORK/tl_interface/dll_flit[1111] is undriven.
Info:  Net impl:/WORK/tl_interface/dll_flit[1110] is undriven.
Info:  Net impl:/WORK/tl_interface/dll_flit[1109] is undriven.
Info:  Net impl:/WORK/tl_interface/dll_flit[1108] is undriven.
Info:  Net impl:/WORK/tl_interface/dll_flit[1107] is undriven.
Info:  Net impl:/WORK/tl_interface/dll_flit[1106] is undriven.
Info:  Net impl:/WORK/tl_interface/dll_flit[1105] is undriven.
Info:  Net impl:/WORK/tl_interface/dll_flit[1104] is undriven.
Info:  Net impl:/WORK/tl_interface/dll_flit[1103] is undriven.
Info:  Net impl:/WORK/tl_interface/dll_flit[1102] is undriven.
Info:  Net impl:/WORK/tl_interface/dll_flit[1101] is undriven.
Info:  Net impl:/WORK/tl_interface/dll_flit[1100] is undriven.
Info:  Net impl:/WORK/tl_interface/dll_flit[1099] is undriven.
Info:  Net impl:/WORK/tl_interface/dll_flit[1098] is undriven.
Info:  Net impl:/WORK/tl_interface/dll_flit[1097] is undriven.
Info:  Net impl:/WORK/tl_interface/dll_flit[1096] is undriven.
Info:  Net impl:/WORK/tl_interface/dll_flit[1095] is undriven.
Info:  Net impl:/WORK/tl_interface/dll_flit[1094] is undriven.
Info:  Net impl:/WORK/tl_interface/dll_flit[1093] is undriven.
Info:  Net impl:/WORK/tl_interface/dll_flit[1092] is undriven.
Info:  Net impl:/WORK/tl_interface/dll_flit[1091] is undriven.
Info:  Net impl:/WORK/tl_interface/dll_flit[1090] is undriven.
Info:  Net impl:/WORK/tl_interface/dll_flit[1089] is undriven.
Info:  Net impl:/WORK/tl_interface/dll_flit[1088] is undriven.
Info:  Net impl:/WORK/tl_interface/dll_flit[1087] is undriven.
Info:  Net impl:/WORK/tl_interface/dll_flit[1086] is undriven.
Info:  Net impl:/WORK/tl_interface/dll_flit[1085] is undriven.
Info:  Net impl:/WORK/tl_interface/dll_flit[1084] is undriven.
Info:  Net impl:/WORK/tl_interface/dll_flit[1083] is undriven.
Info:  Net impl:/WORK/tl_interface/dll_flit[1082] is undriven.
Info:  Net impl:/WORK/tl_interface/dll_flit[1081] is undriven.
Info:  Net impl:/WORK/tl_interface/dll_flit[1080] is undriven.
Info:  Net impl:/WORK/tl_interface/dll_flit[1079] is undriven.
Info:  Net impl:/WORK/tl_interface/dll_flit[1078] is undriven.
Info:  Net impl:/WORK/tl_interface/dll_flit[1077] is undriven.
Info:  Net impl:/WORK/tl_interface/dll_flit[1076] is undriven.
Info:  Net impl:/WORK/tl_interface/dll_flit[1075] is undriven.
Info:  Net impl:/WORK/tl_interface/dll_flit[1074] is undriven.
Info:  Net impl:/WORK/tl_interface/dll_flit[1073] is undriven.
Info:  Net impl:/WORK/tl_interface/dll_flit[1072] is undriven.
Info:  Net impl:/WORK/tl_interface/dll_flit[1071] is undriven.
Info:  Net impl:/WORK/tl_interface/dll_flit[1070] is undriven.
Info:  Net impl:/WORK/tl_interface/dll_flit[1069] is undriven.
Info:  Net impl:/WORK/tl_interface/dll_flit[1068] is undriven.
Info:  Net impl:/WORK/tl_interface/dll_flit[1067] is undriven.
Info:  Net impl:/WORK/tl_interface/dll_flit[1066] is undriven.
Info:  Net impl:/WORK/tl_interface/dll_flit[1065] is undriven.
Info:  Net impl:/WORK/tl_interface/dll_flit[1064] is undriven.
Info:  Net impl:/WORK/tl_interface/dll_flit[1063] is undriven.
Info:  Net impl:/WORK/tl_interface/dll_flit[1062] is undriven.
Info:  Net impl:/WORK/tl_interface/dll_flit[1061] is undriven.
Info:  Net impl:/WORK/tl_interface/dll_flit[1060] is undriven.
Info:  Net impl:/WORK/tl_interface/dll_flit[1059] is undriven.
Info:  Net impl:/WORK/tl_interface/dll_flit[1058] is undriven.
Info:  Net impl:/WORK/tl_interface/dll_flit[1057] is undriven.
Info:  Net impl:/WORK/tl_interface/dll_flit[1056] is undriven.
Info:  Net impl:/WORK/tl_interface/dll_flit[1055] is undriven.
Info:  Net impl:/WORK/tl_interface/dll_flit[1054] is undriven.
Info:  Net impl:/WORK/tl_interface/dll_flit[1053] is undriven.
Info:  Net impl:/WORK/tl_interface/dll_flit[1052] is undriven.
Info:  Net impl:/WORK/tl_interface/dll_flit[1051] is undriven.
Info:  Net impl:/WORK/tl_interface/dll_flit[1050] is undriven.
Info:  Net impl:/WORK/tl_interface/dll_flit[1049] is undriven.
Info:  Net impl:/WORK/tl_interface/dll_flit[1048] is undriven.
Info:  Net impl:/WORK/tl_interface/dll_flit[1047] is undriven.
Info:  Net impl:/WORK/tl_interface/dll_flit[1046] is undriven.
Info:  Net impl:/WORK/tl_interface/dll_flit[1045] is undriven.
Info:  Net impl:/WORK/tl_interface/dll_flit[1044] is undriven.
Info:  Net impl:/WORK/tl_interface/dll_flit[1043] is undriven.
Info:  Net impl:/WORK/tl_interface/dll_flit[1042] is undriven.
Info:  Net impl:/WORK/tl_interface/dll_flit[1041] is undriven.
Info:  Net impl:/WORK/tl_interface/dll_flit[1040] is undriven.
Info:  Net impl:/WORK/tl_interface/dll_flit[1039] is undriven.
Info:  Net impl:/WORK/tl_interface/dll_flit[1038] is undriven.
Info:  Net impl:/WORK/tl_interface/dll_flit[1037] is undriven.
Info:  Net impl:/WORK/tl_interface/dll_flit[1036] is undriven.
Info:  Net impl:/WORK/tl_interface/dll_flit[1035] is undriven.
Info:  Net impl:/WORK/tl_interface/dll_flit[1034] is undriven.
Info:  Net impl:/WORK/tl_interface/dll_flit[1033] is undriven.
Info:  Net impl:/WORK/tl_interface/dll_flit[1032] is undriven.
Info:  Net impl:/WORK/tl_interface/dll_flit[1031] is undriven.
Info:  Net impl:/WORK/tl_interface/dll_flit[1030] is undriven.
Info:  Net impl:/WORK/tl_interface/dll_flit[1029] is undriven.
Info:  Net impl:/WORK/tl_interface/dll_flit[1028] is undriven.
Info:  Net impl:/WORK/tl_interface/dll_flit[1027] is undriven.
Info:  Net impl:/WORK/tl_interface/dll_flit[1026] is undriven.
Info:  Net impl:/WORK/tl_interface/dll_flit[1025] is undriven.
Info:  Net impl:/WORK/tl_interface/dll_flit[1024] is undriven.
Info:  Net impl:/WORK/tl_interface/dll_flit[1023] is undriven.
Info:  Net impl:/WORK/tl_interface/dll_flit[1022] is undriven.
Info:  Net impl:/WORK/tl_interface/dll_flit[1021] is undriven.
Info:  Net impl:/WORK/tl_interface/dll_flit[1020] is undriven.
Info:  Net impl:/WORK/tl_interface/dll_flit[1019] is undriven.
Info:  Net impl:/WORK/tl_interface/dll_flit[1018] is undriven.
Info:  Net impl:/WORK/tl_interface/dll_flit[1017] is undriven.
Info:  Net impl:/WORK/tl_interface/dll_flit[1016] is undriven.
Info:  Net impl:/WORK/tl_interface/dll_flit[1015] is undriven.
Info:  Net impl:/WORK/tl_interface/dll_flit[1014] is undriven.
Info:  Net impl:/WORK/tl_interface/dll_flit[1013] is undriven.
Info:  Net impl:/WORK/tl_interface/dll_flit[1012] is undriven.
Info:  Net impl:/WORK/tl_interface/dll_flit[1011] is undriven.
Info:  Net impl:/WORK/tl_interface/dll_flit[1010] is undriven.
Info:  Net impl:/WORK/tl_interface/dll_flit[1009] is undriven.
Info:  Net impl:/WORK/tl_interface/dll_flit[1008] is undriven.
Info:  Net impl:/WORK/tl_interface/dll_flit[1007] is undriven.
Info:  Net impl:/WORK/tl_interface/dll_flit[1006] is undriven.
Info:  Net impl:/WORK/tl_interface/dll_flit[1005] is undriven.
Info:  Net impl:/WORK/tl_interface/dll_flit[1004] is undriven.
Info:  Net impl:/WORK/tl_interface/dll_flit[1003] is undriven.
Info:  Net impl:/WORK/tl_interface/dll_flit[1002] is undriven.
Info:  Net impl:/WORK/tl_interface/dll_flit[1001] is undriven.
Info:  Net impl:/WORK/tl_interface/dll_flit[1000] is undriven.
Info:  Net impl:/WORK/tl_interface/dll_flit[999] is undriven.
Info:  Net impl:/WORK/tl_interface/dll_flit[998] is undriven.
Info:  Net impl:/WORK/tl_interface/dll_flit[997] is undriven.
Info:  Net impl:/WORK/tl_interface/dll_flit[996] is undriven.
Info:  Net impl:/WORK/tl_interface/dll_flit[995] is undriven.
Info:  Net impl:/WORK/tl_interface/dll_flit[994] is undriven.
Info:  Net impl:/WORK/tl_interface/dll_flit[993] is undriven.
Info:  Net impl:/WORK/tl_interface/dll_flit[992] is undriven.
Info:  Net impl:/WORK/tl_interface/dll_flit[991] is undriven.
Info:  Net impl:/WORK/tl_interface/dll_flit[990] is undriven.
Info:  Net impl:/WORK/tl_interface/dll_flit[989] is undriven.
Info:  Net impl:/WORK/tl_interface/dll_flit[988] is undriven.
Info:  Net impl:/WORK/tl_interface/dll_flit[987] is undriven.
Info:  Net impl:/WORK/tl_interface/dll_flit[986] is undriven.
Info:  Net impl:/WORK/tl_interface/dll_flit[985] is undriven.
Info:  Net impl:/WORK/tl_interface/dll_flit[984] is undriven.
Info:  Net impl:/WORK/tl_interface/dll_flit[983] is undriven.
Info:  Net impl:/WORK/tl_interface/dll_flit[982] is undriven.
Info:  Net impl:/WORK/tl_interface/dll_flit[981] is undriven.
Info:  Net impl:/WORK/tl_interface/dll_flit[980] is undriven.
Info:  Net impl:/WORK/tl_interface/dll_flit[979] is undriven.
Info:  Net impl:/WORK/tl_interface/dll_flit[978] is undriven.
Info:  Net impl:/WORK/tl_interface/dll_flit[977] is undriven.
Info:  Net impl:/WORK/tl_interface/dll_flit[976] is undriven.
Info:  Net impl:/WORK/tl_interface/dll_flit[975] is undriven.
Info:  Net impl:/WORK/tl_interface/dll_flit[974] is undriven.
Info:  Net impl:/WORK/tl_interface/dll_flit[973] is undriven.
Info:  Net impl:/WORK/tl_interface/dll_flit[972] is undriven.
Info:  Net impl:/WORK/tl_interface/dll_flit[971] is undriven.
Info:  Net impl:/WORK/tl_interface/dll_flit[970] is undriven.
Info:  Net impl:/WORK/tl_interface/dll_flit[969] is undriven.
Info:  Net impl:/WORK/tl_interface/dll_flit[968] is undriven.
Info:  Net impl:/WORK/tl_interface/dll_flit[967] is undriven.
Info:  Net impl:/WORK/tl_interface/dll_flit[966] is undriven.
Info:  Net impl:/WORK/tl_interface/dll_flit[965] is undriven.
Info:  Net impl:/WORK/tl_interface/dll_flit[964] is undriven.
Info:  Net impl:/WORK/tl_interface/dll_flit[963] is undriven.
Info:  Net impl:/WORK/tl_interface/dll_flit[962] is undriven.
Info:  Net impl:/WORK/tl_interface/dll_flit[961] is undriven.
Info:  Net impl:/WORK/tl_interface/dll_flit[960] is undriven.
Info:  Net impl:/WORK/tl_interface/dll_flit[959] is undriven.
Info:  Net impl:/WORK/tl_interface/dll_flit[958] is undriven.
Info:  Net impl:/WORK/tl_interface/dll_flit[957] is undriven.
Info:  Net impl:/WORK/tl_interface/dll_flit[956] is undriven.
Info:  Net impl:/WORK/tl_interface/dll_flit[955] is undriven.
Info:  Net impl:/WORK/tl_interface/dll_flit[954] is undriven.
Info:  Net impl:/WORK/tl_interface/dll_flit[953] is undriven.
Info:  Net impl:/WORK/tl_interface/dll_flit[952] is undriven.
Info:  Net impl:/WORK/tl_interface/dll_flit[951] is undriven.
Info:  Net impl:/WORK/tl_interface/dll_flit[950] is undriven.
Info:  Net impl:/WORK/tl_interface/dll_flit[949] is undriven.
Info:  Net impl:/WORK/tl_interface/dll_flit[948] is undriven.
Info:  Net impl:/WORK/tl_interface/dll_flit[947] is undriven.
Info:  Net impl:/WORK/tl_interface/dll_flit[946] is undriven.
Info:  Net impl:/WORK/tl_interface/dll_flit[945] is undriven.
Info:  Net impl:/WORK/tl_interface/dll_flit[944] is undriven.
Info:  Net impl:/WORK/tl_interface/dll_flit[943] is undriven.
Info:  Net impl:/WORK/tl_interface/dll_flit[942] is undriven.
Info:  Net impl:/WORK/tl_interface/dll_flit[941] is undriven.
Info:  Net impl:/WORK/tl_interface/dll_flit[940] is undriven.
Info:  Net impl:/WORK/tl_interface/dll_flit[939] is undriven.
Info:  Net impl:/WORK/tl_interface/dll_flit[938] is undriven.
Info:  Net impl:/WORK/tl_interface/dll_flit[937] is undriven.
Info:  Net impl:/WORK/tl_interface/dll_flit[936] is undriven.
Info:  Net impl:/WORK/tl_interface/dll_flit[935] is undriven.
Info:  Net impl:/WORK/tl_interface/dll_flit[934] is undriven.
Info:  Net impl:/WORK/tl_interface/dll_flit[933] is undriven.
Info:  Net impl:/WORK/tl_interface/dll_flit[932] is undriven.
Info:  Net impl:/WORK/tl_interface/dll_flit[931] is undriven.
Info:  Net impl:/WORK/tl_interface/dll_flit[930] is undriven.
Info:  Net impl:/WORK/tl_interface/dll_flit[929] is undriven.
Info:  Net impl:/WORK/tl_interface/dll_flit[928] is undriven.
Info:  Net impl:/WORK/tl_interface/dll_flit[927] is undriven.
Info:  Net impl:/WORK/tl_interface/dll_flit[926] is undriven.
Info:  Net impl:/WORK/tl_interface/dll_flit[925] is undriven.
Info:  Net impl:/WORK/tl_interface/dll_flit[924] is undriven.
Info:  Net impl:/WORK/tl_interface/dll_flit[923] is undriven.
Info:  Net impl:/WORK/tl_interface/dll_flit[922] is undriven.
Info:  Net impl:/WORK/tl_interface/dll_flit[921] is undriven.
Info:  Net impl:/WORK/tl_interface/dll_flit[920] is undriven.
Info:  Net impl:/WORK/tl_interface/dll_flit[919] is undriven.
Info:  Net impl:/WORK/tl_interface/dll_flit[918] is undriven.
Info:  Net impl:/WORK/tl_interface/dll_flit[917] is undriven.
Info:  Net impl:/WORK/tl_interface/dll_flit[916] is undriven.
Info:  Net impl:/WORK/tl_interface/dll_flit[915] is undriven.
Info:  Net impl:/WORK/tl_interface/dll_flit[914] is undriven.
Info:  Net impl:/WORK/tl_interface/dll_flit[913] is undriven.
Info:  Net impl:/WORK/tl_interface/dll_flit[912] is undriven.
Info:  Net impl:/WORK/tl_interface/dll_flit[911] is undriven.
Info:  Net impl:/WORK/tl_interface/dll_flit[910] is undriven.
Info:  Net impl:/WORK/tl_interface/dll_flit[909] is undriven.
Info:  Net impl:/WORK/tl_interface/dll_flit[908] is undriven.
Info:  Net impl:/WORK/tl_interface/dll_flit[907] is undriven.
Info:  Net impl:/WORK/tl_interface/dll_flit[906] is undriven.
Info:  Net impl:/WORK/tl_interface/dll_flit[905] is undriven.
Info:  Net impl:/WORK/tl_interface/dll_flit[904] is undriven.
Info:  Net impl:/WORK/tl_interface/dll_flit[903] is undriven.
Info:  Net impl:/WORK/tl_interface/dll_flit[902] is undriven.
Info:  Net impl:/WORK/tl_interface/dll_flit[901] is undriven.
Info:  Net impl:/WORK/tl_interface/dll_flit[900] is undriven.
Info:  Net impl:/WORK/tl_interface/dll_flit[899] is undriven.
Info:  Net impl:/WORK/tl_interface/dll_flit[898] is undriven.
Info:  Net impl:/WORK/tl_interface/dll_flit[897] is undriven.
Info:  Net impl:/WORK/tl_interface/dll_flit[896] is undriven.
Info:  Net impl:/WORK/tl_interface/dll_flit[895] is undriven.
Info:  Net impl:/WORK/tl_interface/dll_flit[894] is undriven.
Info:  Net impl:/WORK/tl_interface/dll_flit[893] is undriven.
Info:  Net impl:/WORK/tl_interface/dll_flit[892] is undriven.
Info:  Net impl:/WORK/tl_interface/dll_flit[891] is undriven.
Info:  Net impl:/WORK/tl_interface/dll_flit[890] is undriven.
Info:  Net impl:/WORK/tl_interface/dll_flit[889] is undriven.
Info:  Net impl:/WORK/tl_interface/dll_flit[888] is undriven.
Info:  Net impl:/WORK/tl_interface/dll_flit[887] is undriven.
Info:  Net impl:/WORK/tl_interface/dll_flit[886] is undriven.
Info:  Net impl:/WORK/tl_interface/dll_flit[885] is undriven.
Info:  Net impl:/WORK/tl_interface/dll_flit[884] is undriven.
Info:  Net impl:/WORK/tl_interface/dll_flit[883] is undriven.
Info:  Net impl:/WORK/tl_interface/dll_flit[882] is undriven.
Info:  Net impl:/WORK/tl_interface/dll_flit[881] is undriven.
Info:  Net impl:/WORK/tl_interface/dll_flit[880] is undriven.
Info:  Net impl:/WORK/tl_interface/dll_flit[879] is undriven.
Info:  Net impl:/WORK/tl_interface/dll_flit[878] is undriven.
Info:  Net impl:/WORK/tl_interface/dll_flit[877] is undriven.
Info:  Net impl:/WORK/tl_interface/dll_flit[876] is undriven.
Info:  Net impl:/WORK/tl_interface/dll_flit[875] is undriven.
Info:  Net impl:/WORK/tl_interface/dll_flit[874] is undriven.
Info:  Net impl:/WORK/tl_interface/dll_flit[873] is undriven.
Info:  Net impl:/WORK/tl_interface/dll_flit[872] is undriven.
Info:  Net impl:/WORK/tl_interface/dll_flit[871] is undriven.
Info:  Net impl:/WORK/tl_interface/dll_flit[870] is undriven.
Info:  Net impl:/WORK/tl_interface/dll_flit[869] is undriven.
Info:  Net impl:/WORK/tl_interface/dll_flit[868] is undriven.
Info:  Net impl:/WORK/tl_interface/dll_flit[867] is undriven.
Info:  Net impl:/WORK/tl_interface/dll_flit[866] is undriven.
Info:  Net impl:/WORK/tl_interface/dll_flit[865] is undriven.
Info:  Net impl:/WORK/tl_interface/dll_flit[864] is undriven.
Info:  Net impl:/WORK/tl_interface/dll_flit[863] is undriven.
Info:  Net impl:/WORK/tl_interface/dll_flit[862] is undriven.
Info:  Net impl:/WORK/tl_interface/dll_flit[861] is undriven.
Info:  Net impl:/WORK/tl_interface/dll_flit[860] is undriven.
Info:  Net impl:/WORK/tl_interface/dll_flit[859] is undriven.
Info:  Net impl:/WORK/tl_interface/dll_flit[858] is undriven.
Info:  Net impl:/WORK/tl_interface/dll_flit[857] is undriven.
Info:  Net impl:/WORK/tl_interface/dll_flit[856] is undriven.
Info:  Net impl:/WORK/tl_interface/dll_flit[855] is undriven.
Info:  Net impl:/WORK/tl_interface/dll_flit[854] is undriven.
Info:  Net impl:/WORK/tl_interface/dll_flit[853] is undriven.
Info:  Net impl:/WORK/tl_interface/dll_flit[852] is undriven.
Info:  Net impl:/WORK/tl_interface/dll_flit[851] is undriven.
Info:  Net impl:/WORK/tl_interface/dll_flit[850] is undriven.
Info:  Net impl:/WORK/tl_interface/dll_flit[849] is undriven.
Info:  Net impl:/WORK/tl_interface/dll_flit[848] is undriven.
Info:  Net impl:/WORK/tl_interface/dll_flit[847] is undriven.
Info:  Net impl:/WORK/tl_interface/dll_flit[846] is undriven.
Info:  Net impl:/WORK/tl_interface/dll_flit[845] is undriven.
Info:  Net impl:/WORK/tl_interface/dll_flit[844] is undriven.
Info:  Net impl:/WORK/tl_interface/dll_flit[843] is undriven.
Info:  Net impl:/WORK/tl_interface/dll_flit[842] is undriven.
Info:  Net impl:/WORK/tl_interface/dll_flit[841] is undriven.
Info:  Net impl:/WORK/tl_interface/dll_flit[840] is undriven.
Info:  Net impl:/WORK/tl_interface/dll_flit[839] is undriven.
Info:  Net impl:/WORK/tl_interface/dll_flit[838] is undriven.
Info:  Net impl:/WORK/tl_interface/dll_flit[837] is undriven.
Info:  Net impl:/WORK/tl_interface/dll_flit[836] is undriven.
Info:  Net impl:/WORK/tl_interface/dll_flit[835] is undriven.
Info:  Net impl:/WORK/tl_interface/dll_flit[834] is undriven.
Info:  Net impl:/WORK/tl_interface/dll_flit[833] is undriven.
Info:  Net impl:/WORK/tl_interface/dll_flit[832] is undriven.
Info:  Net impl:/WORK/tl_interface/dll_flit[831] is undriven.
Info:  Net impl:/WORK/tl_interface/dll_flit[830] is undriven.
Info:  Net impl:/WORK/tl_interface/dll_flit[829] is undriven.
Info:  Net impl:/WORK/tl_interface/dll_flit[828] is undriven.
Info:  Net impl:/WORK/tl_interface/dll_flit[827] is undriven.
Info:  Net impl:/WORK/tl_interface/dll_flit[826] is undriven.
Info:  Net impl:/WORK/tl_interface/dll_flit[825] is undriven.
Info:  Net impl:/WORK/tl_interface/dll_flit[824] is undriven.
Info:  Net impl:/WORK/tl_interface/dll_flit[823] is undriven.
Info:  Net impl:/WORK/tl_interface/dll_flit[822] is undriven.
Info:  Net impl:/WORK/tl_interface/dll_flit[821] is undriven.
Info:  Net impl:/WORK/tl_interface/dll_flit[820] is undriven.
Info:  Net impl:/WORK/tl_interface/dll_flit[819] is undriven.
Info:  Net impl:/WORK/tl_interface/dll_flit[818] is undriven.
Info:  Net impl:/WORK/tl_interface/dll_flit[817] is undriven.
Info:  Net impl:/WORK/tl_interface/dll_flit[816] is undriven.
Info:  Net impl:/WORK/tl_interface/dll_flit[815] is undriven.
Info:  Net impl:/WORK/tl_interface/dll_flit[814] is undriven.
Info:  Net impl:/WORK/tl_interface/dll_flit[813] is undriven.
Info:  Net impl:/WORK/tl_interface/dll_flit[812] is undriven.
Info:  Net impl:/WORK/tl_interface/dll_flit[811] is undriven.
Info:  Net impl:/WORK/tl_interface/dll_flit[810] is undriven.
Info:  Net impl:/WORK/tl_interface/dll_flit[809] is undriven.
Info:  Net impl:/WORK/tl_interface/dll_flit[808] is undriven.
Info:  Net impl:/WORK/tl_interface/dll_flit[807] is undriven.
Info:  Net impl:/WORK/tl_interface/dll_flit[806] is undriven.
Info:  Net impl:/WORK/tl_interface/dll_flit[805] is undriven.
Info:  Net impl:/WORK/tl_interface/dll_flit[804] is undriven.
Info:  Net impl:/WORK/tl_interface/dll_flit[803] is undriven.
Info:  Net impl:/WORK/tl_interface/dll_flit[802] is undriven.
Info:  Net impl:/WORK/tl_interface/dll_flit[801] is undriven.
Info:  Net impl:/WORK/tl_interface/dll_flit[800] is undriven.
Info:  Net impl:/WORK/tl_interface/dll_flit[799] is undriven.
Info:  Net impl:/WORK/tl_interface/dll_flit[798] is undriven.
Info:  Net impl:/WORK/tl_interface/dll_flit[797] is undriven.
Info:  Net impl:/WORK/tl_interface/dll_flit[796] is undriven.
Info:  Net impl:/WORK/tl_interface/dll_flit[795] is undriven.
Info:  Net impl:/WORK/tl_interface/dll_flit[794] is undriven.
Info:  Net impl:/WORK/tl_interface/dll_flit[793] is undriven.
Info:  Net impl:/WORK/tl_interface/dll_flit[792] is undriven.
Info:  Net impl:/WORK/tl_interface/dll_flit[791] is undriven.
Info:  Net impl:/WORK/tl_interface/dll_flit[790] is undriven.
Info:  Net impl:/WORK/tl_interface/dll_flit[789] is undriven.
Info:  Net impl:/WORK/tl_interface/dll_flit[788] is undriven.
Info:  Net impl:/WORK/tl_interface/dll_flit[787] is undriven.
Info:  Net impl:/WORK/tl_interface/dll_flit[786] is undriven.
Info:  Net impl:/WORK/tl_interface/dll_flit[785] is undriven.
Info:  Net impl:/WORK/tl_interface/dll_flit[784] is undriven.
Info:  Net impl:/WORK/tl_interface/dll_flit[783] is undriven.
Info:  Net impl:/WORK/tl_interface/dll_flit[782] is undriven.
Info:  Net impl:/WORK/tl_interface/dll_flit[781] is undriven.
Info:  Net impl:/WORK/tl_interface/dll_flit[780] is undriven.
Info:  Net impl:/WORK/tl_interface/dll_flit[779] is undriven.
Info:  Net impl:/WORK/tl_interface/dll_flit[778] is undriven.
Info:  Net impl:/WORK/tl_interface/dll_flit[777] is undriven.
Info:  Net impl:/WORK/tl_interface/dll_flit[776] is undriven.
Info:  Net impl:/WORK/tl_interface/dll_flit[775] is undriven.
Info:  Net impl:/WORK/tl_interface/dll_flit[774] is undriven.
Info:  Net impl:/WORK/tl_interface/dll_flit[773] is undriven.
Info:  Net impl:/WORK/tl_interface/dll_flit[772] is undriven.
Info:  Net impl:/WORK/tl_interface/dll_flit[771] is undriven.
Info:  Net impl:/WORK/tl_interface/dll_flit[770] is undriven.
Info:  Net impl:/WORK/tl_interface/dll_flit[769] is undriven.
Info:  Net impl:/WORK/tl_interface/dll_flit[768] is undriven.
Info:  Net impl:/WORK/tl_interface/dll_flit[767] is undriven.
Info:  Net impl:/WORK/tl_interface/dll_flit[766] is undriven.
Info:  Net impl:/WORK/tl_interface/dll_flit[765] is undriven.
Info:  Net impl:/WORK/tl_interface/dll_flit[764] is undriven.
Info:  Net impl:/WORK/tl_interface/dll_flit[763] is undriven.
Info:  Net impl:/WORK/tl_interface/dll_flit[762] is undriven.
Info:  Net impl:/WORK/tl_interface/dll_flit[761] is undriven.
Info:  Net impl:/WORK/tl_interface/dll_flit[760] is undriven.
Info:  Net impl:/WORK/tl_interface/dll_flit[759] is undriven.
Info:  Net impl:/WORK/tl_interface/dll_flit[758] is undriven.
Info:  Net impl:/WORK/tl_interface/dll_flit[757] is undriven.
Info:  Net impl:/WORK/tl_interface/dll_flit[756] is undriven.
Info:  Net impl:/WORK/tl_interface/dll_flit[755] is undriven.
Info:  Net impl:/WORK/tl_interface/dll_flit[754] is undriven.
Info:  Net impl:/WORK/tl_interface/dll_flit[753] is undriven.
Info:  Net impl:/WORK/tl_interface/dll_flit[752] is undriven.
Info:  Net impl:/WORK/tl_interface/dll_flit[751] is undriven.
Info:  Net impl:/WORK/tl_interface/dll_flit[750] is undriven.
Info:  Net impl:/WORK/tl_interface/dll_flit[749] is undriven.
Info:  Net impl:/WORK/tl_interface/dll_flit[748] is undriven.
Info:  Net impl:/WORK/tl_interface/dll_flit[747] is undriven.
Info:  Net impl:/WORK/tl_interface/dll_flit[746] is undriven.
Info:  Net impl:/WORK/tl_interface/dll_flit[745] is undriven.
Info:  Net impl:/WORK/tl_interface/dll_flit[744] is undriven.
Info:  Net impl:/WORK/tl_interface/dll_flit[743] is undriven.
Info:  Net impl:/WORK/tl_interface/dll_flit[742] is undriven.
Info:  Net impl:/WORK/tl_interface/dll_flit[741] is undriven.
Info:  Net impl:/WORK/tl_interface/dll_flit[740] is undriven.
Info:  Net impl:/WORK/tl_interface/dll_flit[739] is undriven.
Info:  Net impl:/WORK/tl_interface/dll_flit[738] is undriven.
Info:  Net impl:/WORK/tl_interface/dll_flit[737] is undriven.
Info:  Net impl:/WORK/tl_interface/dll_flit[736] is undriven.
Info:  Net impl:/WORK/tl_interface/dll_flit[735] is undriven.
Info:  Net impl:/WORK/tl_interface/dll_flit[734] is undriven.
Info:  Net impl:/WORK/tl_interface/dll_flit[733] is undriven.
Info:  Net impl:/WORK/tl_interface/dll_flit[732] is undriven.
Info:  Net impl:/WORK/tl_interface/dll_flit[731] is undriven.
Info:  Net impl:/WORK/tl_interface/dll_flit[730] is undriven.
Info:  Net impl:/WORK/tl_interface/dll_flit[729] is undriven.
Info:  Net impl:/WORK/tl_interface/dll_flit[728] is undriven.
Info:  Net impl:/WORK/tl_interface/dll_flit[727] is undriven.
Info:  Net impl:/WORK/tl_interface/dll_flit[726] is undriven.
Info:  Net impl:/WORK/tl_interface/dll_flit[725] is undriven.
Info:  Net impl:/WORK/tl_interface/dll_flit[724] is undriven.
Info:  Net impl:/WORK/tl_interface/dll_flit[723] is undriven.
Info:  Net impl:/WORK/tl_interface/dll_flit[722] is undriven.
Info:  Net impl:/WORK/tl_interface/dll_flit[721] is undriven.
Info:  Net impl:/WORK/tl_interface/dll_flit[720] is undriven.
Info:  Net impl:/WORK/tl_interface/dll_flit[719] is undriven.
Info:  Net impl:/WORK/tl_interface/dll_flit[718] is undriven.
Info:  Net impl:/WORK/tl_interface/dll_flit[717] is undriven.
Info:  Net impl:/WORK/tl_interface/dll_flit[716] is undriven.
Info:  Net impl:/WORK/tl_interface/dll_flit[715] is undriven.
Info:  Net impl:/WORK/tl_interface/dll_flit[714] is undriven.
Info:  Net impl:/WORK/tl_interface/dll_flit[713] is undriven.
Info:  Net impl:/WORK/tl_interface/dll_flit[712] is undriven.
Info:  Net impl:/WORK/tl_interface/dll_flit[711] is undriven.
Info:  Net impl:/WORK/tl_interface/dll_flit[710] is undriven.
Info:  Net impl:/WORK/tl_interface/dll_flit[709] is undriven.
Info:  Net impl:/WORK/tl_interface/dll_flit[708] is undriven.
Info:  Net impl:/WORK/tl_interface/dll_flit[707] is undriven.
Info:  Net impl:/WORK/tl_interface/dll_flit[706] is undriven.
Info:  Net impl:/WORK/tl_interface/dll_flit[705] is undriven.
Info:  Net impl:/WORK/tl_interface/dll_flit[704] is undriven.
Info:  Net impl:/WORK/tl_interface/dll_flit[703] is undriven.
Info:  Net impl:/WORK/tl_interface/dll_flit[702] is undriven.
Info:  Net impl:/WORK/tl_interface/dll_flit[701] is undriven.
Info:  Net impl:/WORK/tl_interface/dll_flit[700] is undriven.
Info:  Net impl:/WORK/tl_interface/dll_flit[699] is undriven.
Info:  Net impl:/WORK/tl_interface/dll_flit[698] is undriven.
Info:  Net impl:/WORK/tl_interface/dll_flit[697] is undriven.
Info:  Net impl:/WORK/tl_interface/dll_flit[696] is undriven.
Info:  Net impl:/WORK/tl_interface/dll_flit[695] is undriven.
Info:  Net impl:/WORK/tl_interface/dll_flit[694] is undriven.
Info:  Net impl:/WORK/tl_interface/dll_flit[693] is undriven.
Info:  Net impl:/WORK/tl_interface/dll_flit[692] is undriven.
Info:  Net impl:/WORK/tl_interface/dll_flit[691] is undriven.
Info:  Net impl:/WORK/tl_interface/dll_flit[690] is undriven.
Info:  Net impl:/WORK/tl_interface/dll_flit[689] is undriven.
Info:  Net impl:/WORK/tl_interface/dll_flit[688] is undriven.
Info:  Net impl:/WORK/tl_interface/dll_flit[687] is undriven.
Info:  Net impl:/WORK/tl_interface/dll_flit[686] is undriven.
Info:  Net impl:/WORK/tl_interface/dll_flit[685] is undriven.
Info:  Net impl:/WORK/tl_interface/dll_flit[684] is undriven.
Info:  Net impl:/WORK/tl_interface/dll_flit[683] is undriven.
Info:  Net impl:/WORK/tl_interface/dll_flit[682] is undriven.
Info:  Net impl:/WORK/tl_interface/dll_flit[681] is undriven.
Info:  Net impl:/WORK/tl_interface/dll_flit[680] is undriven.
Info:  Net impl:/WORK/tl_interface/dll_flit[679] is undriven.
Info:  Net impl:/WORK/tl_interface/dll_flit[678] is undriven.
Info:  Net impl:/WORK/tl_interface/dll_flit[677] is undriven.
Info:  Net impl:/WORK/tl_interface/dll_flit[676] is undriven.
Info:  Net impl:/WORK/tl_interface/dll_flit[675] is undriven.
Info:  Net impl:/WORK/tl_interface/dll_flit[674] is undriven.
Info:  Net impl:/WORK/tl_interface/dll_flit[673] is undriven.
Info:  Net impl:/WORK/tl_interface/dll_flit[672] is undriven.
Info:  Net impl:/WORK/tl_interface/dll_flit[671] is undriven.
Info:  Net impl:/WORK/tl_interface/dll_flit[670] is undriven.
Info:  Net impl:/WORK/tl_interface/dll_flit[669] is undriven.
Info:  Net impl:/WORK/tl_interface/dll_flit[668] is undriven.
Info:  Net impl:/WORK/tl_interface/dll_flit[667] is undriven.
Info:  Net impl:/WORK/tl_interface/dll_flit[666] is undriven.
Info:  Net impl:/WORK/tl_interface/dll_flit[665] is undriven.
Info:  Net impl:/WORK/tl_interface/dll_flit[664] is undriven.
Info:  Net impl:/WORK/tl_interface/dll_flit[663] is undriven.
Info:  Net impl:/WORK/tl_interface/dll_flit[662] is undriven.
Info:  Net impl:/WORK/tl_interface/dll_flit[661] is undriven.
Info:  Net impl:/WORK/tl_interface/dll_flit[660] is undriven.
Info:  Net impl:/WORK/tl_interface/dll_flit[659] is undriven.
Info:  Net impl:/WORK/tl_interface/dll_flit[658] is undriven.
Info:  Net impl:/WORK/tl_interface/dll_flit[657] is undriven.
Info:  Net impl:/WORK/tl_interface/dll_flit[656] is undriven.
Info:  Net impl:/WORK/tl_interface/dll_flit[655] is undriven.
Info:  Net impl:/WORK/tl_interface/dll_flit[654] is undriven.
Info:  Net impl:/WORK/tl_interface/dll_flit[653] is undriven.
Info:  Net impl:/WORK/tl_interface/dll_flit[652] is undriven.
Info:  Net impl:/WORK/tl_interface/dll_flit[651] is undriven.
Info:  Net impl:/WORK/tl_interface/dll_flit[650] is undriven.
Info:  Net impl:/WORK/tl_interface/dll_flit[649] is undriven.
Info:  Net impl:/WORK/tl_interface/dll_flit[648] is undriven.
Info:  Net impl:/WORK/tl_interface/dll_flit[647] is undriven.
Info:  Net impl:/WORK/tl_interface/dll_flit[646] is undriven.
Info:  Net impl:/WORK/tl_interface/dll_flit[645] is undriven.
Info:  Net impl:/WORK/tl_interface/dll_flit[644] is undriven.
Info:  Net impl:/WORK/tl_interface/dll_flit[643] is undriven.
Info:  Net impl:/WORK/tl_interface/dll_flit[642] is undriven.
Info:  Net impl:/WORK/tl_interface/dll_flit[641] is undriven.
Info:  Net impl:/WORK/tl_interface/dll_flit[640] is undriven.
Info:  Net impl:/WORK/tl_interface/dll_flit[639] is undriven.
Info:  Net impl:/WORK/tl_interface/dll_flit[638] is undriven.
Info:  Net impl:/WORK/tl_interface/dll_flit[637] is undriven.
Info:  Net impl:/WORK/tl_interface/dll_flit[636] is undriven.
Info:  Net impl:/WORK/tl_interface/dll_flit[635] is undriven.
Info:  Net impl:/WORK/tl_interface/dll_flit[634] is undriven.
Info:  Net impl:/WORK/tl_interface/dll_flit[633] is undriven.
Info:  Net impl:/WORK/tl_interface/dll_flit[632] is undriven.
Info:  Net impl:/WORK/tl_interface/dll_flit[631] is undriven.
Info:  Net impl:/WORK/tl_interface/dll_flit[630] is undriven.
Info:  Net impl:/WORK/tl_interface/dll_flit[629] is undriven.
Info:  Net impl:/WORK/tl_interface/dll_flit[628] is undriven.
Info:  Net impl:/WORK/tl_interface/dll_flit[627] is undriven.
Info:  Net impl:/WORK/tl_interface/dll_flit[626] is undriven.
Info:  Net impl:/WORK/tl_interface/dll_flit[625] is undriven.
Info:  Net impl:/WORK/tl_interface/dll_flit[624] is undriven.
Info:  Net impl:/WORK/tl_interface/dll_flit[623] is undriven.
Info:  Net impl:/WORK/tl_interface/dll_flit[622] is undriven.
Info:  Net impl:/WORK/tl_interface/dll_flit[621] is undriven.
Info:  Net impl:/WORK/tl_interface/dll_flit[620] is undriven.
Info:  Net impl:/WORK/tl_interface/dll_flit[619] is undriven.
Info:  Net impl:/WORK/tl_interface/dll_flit[618] is undriven.
Info:  Net impl:/WORK/tl_interface/dll_flit[617] is undriven.
Info:  Net impl:/WORK/tl_interface/dll_flit[616] is undriven.
Info:  Net impl:/WORK/tl_interface/dll_flit[615] is undriven.
Info:  Net impl:/WORK/tl_interface/dll_flit[614] is undriven.
Info:  Net impl:/WORK/tl_interface/dll_flit[613] is undriven.
Info:  Net impl:/WORK/tl_interface/dll_flit[612] is undriven.
Info:  Net impl:/WORK/tl_interface/dll_flit[611] is undriven.
Info:  Net impl:/WORK/tl_interface/dll_flit[610] is undriven.
Info:  Net impl:/WORK/tl_interface/dll_flit[609] is undriven.
Info:  Net impl:/WORK/tl_interface/dll_flit[608] is undriven.
Info:  Net impl:/WORK/tl_interface/dll_flit[607] is undriven.
Info:  Net impl:/WORK/tl_interface/dll_flit[606] is undriven.
Info:  Net impl:/WORK/tl_interface/dll_flit[605] is undriven.
Info:  Net impl:/WORK/tl_interface/dll_flit[604] is undriven.
Info:  Net impl:/WORK/tl_interface/dll_flit[603] is undriven.
Info:  Net impl:/WORK/tl_interface/dll_flit[602] is undriven.
Info:  Net impl:/WORK/tl_interface/dll_flit[601] is undriven.
Info:  Net impl:/WORK/tl_interface/dll_flit[600] is undriven.
Info:  Net impl:/WORK/tl_interface/dll_flit[599] is undriven.
Info:  Net impl:/WORK/tl_interface/dll_flit[598] is undriven.
Info:  Net impl:/WORK/tl_interface/dll_flit[597] is undriven.
Info:  Net impl:/WORK/tl_interface/dll_flit[596] is undriven.
Info:  Net impl:/WORK/tl_interface/dll_flit[595] is undriven.
Info:  Net impl:/WORK/tl_interface/dll_flit[594] is undriven.
Info:  Net impl:/WORK/tl_interface/dll_flit[593] is undriven.
Info:  Net impl:/WORK/tl_interface/dll_flit[592] is undriven.
Info:  Net impl:/WORK/tl_interface/dll_flit[591] is undriven.
Info:  Net impl:/WORK/tl_interface/dll_flit[590] is undriven.
Info:  Net impl:/WORK/tl_interface/dll_flit[589] is undriven.
Info:  Net impl:/WORK/tl_interface/dll_flit[588] is undriven.
Info:  Net impl:/WORK/tl_interface/dll_flit[587] is undriven.
Info:  Net impl:/WORK/tl_interface/dll_flit[586] is undriven.
Info:  Net impl:/WORK/tl_interface/dll_flit[585] is undriven.
Info:  Net impl:/WORK/tl_interface/dll_flit[584] is undriven.
Info:  Net impl:/WORK/tl_interface/dll_flit[583] is undriven.
Info:  Net impl:/WORK/tl_interface/dll_flit[582] is undriven.
Info:  Net impl:/WORK/tl_interface/dll_flit[581] is undriven.
Info:  Net impl:/WORK/tl_interface/dll_flit[580] is undriven.
Info:  Net impl:/WORK/tl_interface/dll_flit[579] is undriven.
Info:  Net impl:/WORK/tl_interface/dll_flit[578] is undriven.
Info:  Net impl:/WORK/tl_interface/dll_flit[577] is undriven.
Info:  Net impl:/WORK/tl_interface/dll_flit[576] is undriven.
Info:  Net impl:/WORK/tl_interface/dll_flit[575] is undriven.
Info:  Net impl:/WORK/tl_interface/dll_flit[574] is undriven.
Info:  Net impl:/WORK/tl_interface/dll_flit[573] is undriven.
Info:  Net impl:/WORK/tl_interface/dll_flit[572] is undriven.
Info:  Net impl:/WORK/tl_interface/dll_flit[571] is undriven.
Info:  Net impl:/WORK/tl_interface/dll_flit[570] is undriven.
Info:  Net impl:/WORK/tl_interface/dll_flit[569] is undriven.
Info:  Net impl:/WORK/tl_interface/dll_flit[568] is undriven.
Info:  Net impl:/WORK/tl_interface/dll_flit[567] is undriven.
Info:  Net impl:/WORK/tl_interface/dll_flit[566] is undriven.
Info:  Net impl:/WORK/tl_interface/dll_flit[565] is undriven.
Info:  Net impl:/WORK/tl_interface/dll_flit[564] is undriven.
Info:  Net impl:/WORK/tl_interface/dll_flit[563] is undriven.
Info:  Net impl:/WORK/tl_interface/dll_flit[562] is undriven.
Info:  Net impl:/WORK/tl_interface/dll_flit[561] is undriven.
Info:  Net impl:/WORK/tl_interface/dll_flit[560] is undriven.
Info:  Net impl:/WORK/tl_interface/dll_flit[559] is undriven.
Info:  Net impl:/WORK/tl_interface/dll_flit[558] is undriven.
Info:  Net impl:/WORK/tl_interface/dll_flit[557] is undriven.
Info:  Net impl:/WORK/tl_interface/dll_flit[556] is undriven.
Info:  Net impl:/WORK/tl_interface/dll_flit[555] is undriven.
Info:  Net impl:/WORK/tl_interface/dll_flit[554] is undriven.
Info:  Net impl:/WORK/tl_interface/dll_flit[553] is undriven.
Info:  Net impl:/WORK/tl_interface/dll_flit[552] is undriven.
Info:  Net impl:/WORK/tl_interface/dll_flit[551] is undriven.
Info:  Net impl:/WORK/tl_interface/dll_flit[550] is undriven.
Info:  Net impl:/WORK/tl_interface/dll_flit[549] is undriven.
Info:  Net impl:/WORK/tl_interface/dll_flit[548] is undriven.
Info:  Net impl:/WORK/tl_interface/dll_flit[547] is undriven.
Info:  Net impl:/WORK/tl_interface/dll_flit[546] is undriven.
Info:  Net impl:/WORK/tl_interface/dll_flit[545] is undriven.
Info:  Net impl:/WORK/tl_interface/dll_flit[544] is undriven.
Info:  Net impl:/WORK/tl_interface/dll_flit[543] is undriven.
Info:  Net impl:/WORK/tl_interface/dll_flit[542] is undriven.
Info:  Net impl:/WORK/tl_interface/dll_flit[541] is undriven.
Info:  Net impl:/WORK/tl_interface/dll_flit[540] is undriven.
Info:  Net impl:/WORK/tl_interface/dll_flit[539] is undriven.
Info:  Net impl:/WORK/tl_interface/dll_flit[538] is undriven.
Info:  Net impl:/WORK/tl_interface/dll_flit[537] is undriven.
Info:  Net impl:/WORK/tl_interface/dll_flit[536] is undriven.
Info:  Net impl:/WORK/tl_interface/dll_flit[535] is undriven.
Info:  Net impl:/WORK/tl_interface/dll_flit[534] is undriven.
Info:  Net impl:/WORK/tl_interface/dll_flit[533] is undriven.
Info:  Net impl:/WORK/tl_interface/dll_flit[532] is undriven.
Info:  Net impl:/WORK/tl_interface/dll_flit[531] is undriven.
Info:  Net impl:/WORK/tl_interface/dll_flit[530] is undriven.
Info:  Net impl:/WORK/tl_interface/dll_flit[529] is undriven.
Info:  Net impl:/WORK/tl_interface/dll_flit[528] is undriven.
Info:  Net impl:/WORK/tl_interface/dll_flit[527] is undriven.
Info:  Net impl:/WORK/tl_interface/dll_flit[526] is undriven.
Info:  Net impl:/WORK/tl_interface/dll_flit[525] is undriven.
Info:  Net impl:/WORK/tl_interface/dll_flit[524] is undriven.
Info:  Net impl:/WORK/tl_interface/dll_flit[523] is undriven.
Info:  Net impl:/WORK/tl_interface/dll_flit[522] is undriven.
Info:  Net impl:/WORK/tl_interface/dll_flit[521] is undriven.
Info:  Net impl:/WORK/tl_interface/dll_flit[520] is undriven.
Info:  Net impl:/WORK/tl_interface/dll_flit[519] is undriven.
Info:  Net impl:/WORK/tl_interface/dll_flit[518] is undriven.
Info:  Net impl:/WORK/tl_interface/dll_flit[517] is undriven.
Info:  Net impl:/WORK/tl_interface/dll_flit[516] is undriven.
Info:  Net impl:/WORK/tl_interface/dll_flit[515] is undriven.
Info:  Net impl:/WORK/tl_interface/dll_flit[514] is undriven.
Info:  Net impl:/WORK/tl_interface/dll_flit[513] is undriven.
Info:  Net impl:/WORK/tl_interface/dll_flit[512] is undriven.
Info:  Net impl:/WORK/tl_interface/dll_flit[511] is undriven.
Info:  Net impl:/WORK/tl_interface/dll_flit[510] is undriven.
Info:  Net impl:/WORK/tl_interface/dll_flit[509] is undriven.
Info:  Net impl:/WORK/tl_interface/dll_flit[508] is undriven.
Info:  Net impl:/WORK/tl_interface/dll_flit[507] is undriven.
Info:  Net impl:/WORK/tl_interface/dll_flit[506] is undriven.
Info:  Net impl:/WORK/tl_interface/dll_flit[505] is undriven.
Info:  Net impl:/WORK/tl_interface/dll_flit[504] is undriven.
Info:  Net impl:/WORK/tl_interface/dll_flit[503] is undriven.
Info:  Net impl:/WORK/tl_interface/dll_flit[502] is undriven.
Info:  Net impl:/WORK/tl_interface/dll_flit[501] is undriven.
Info:  Net impl:/WORK/tl_interface/dll_flit[500] is undriven.
Info:  Net impl:/WORK/tl_interface/dll_flit[499] is undriven.
Info:  Net impl:/WORK/tl_interface/dll_flit[498] is undriven.
Info:  Net impl:/WORK/tl_interface/dll_flit[497] is undriven.
Info:  Net impl:/WORK/tl_interface/dll_flit[496] is undriven.
Info:  Net impl:/WORK/tl_interface/dll_flit[495] is undriven.
Info:  Net impl:/WORK/tl_interface/dll_flit[494] is undriven.
Info:  Net impl:/WORK/tl_interface/dll_flit[493] is undriven.
Info:  Net impl:/WORK/tl_interface/dll_flit[492] is undriven.
Info:  Net impl:/WORK/tl_interface/dll_flit[491] is undriven.
Info:  Net impl:/WORK/tl_interface/dll_flit[490] is undriven.
Info:  Net impl:/WORK/tl_interface/dll_flit[489] is undriven.
Info:  Net impl:/WORK/tl_interface/dll_flit[488] is undriven.
Info:  Net impl:/WORK/tl_interface/dll_flit[487] is undriven.
Info:  Net impl:/WORK/tl_interface/dll_flit[486] is undriven.
Info:  Net impl:/WORK/tl_interface/dll_flit[485] is undriven.
Info:  Net impl:/WORK/tl_interface/dll_flit[484] is undriven.
Info:  Net impl:/WORK/tl_interface/dll_flit[483] is undriven.
Info:  Net impl:/WORK/tl_interface/dll_flit[482] is undriven.
Info:  Net impl:/WORK/tl_interface/dll_flit[481] is undriven.
Info:  Net impl:/WORK/tl_interface/dll_flit[480] is undriven.
Info:  Net impl:/WORK/tl_interface/dll_flit[479] is undriven.
Info:  Net impl:/WORK/tl_interface/dll_flit[478] is undriven.
Info:  Net impl:/WORK/tl_interface/dll_flit[477] is undriven.
Info:  Net impl:/WORK/tl_interface/dll_flit[476] is undriven.
Info:  Net impl:/WORK/tl_interface/dll_flit[475] is undriven.
Info:  Net impl:/WORK/tl_interface/dll_flit[474] is undriven.
Info:  Net impl:/WORK/tl_interface/dll_flit[473] is undriven.
Info:  Net impl:/WORK/tl_interface/dll_flit[472] is undriven.
Info:  Net impl:/WORK/tl_interface/dll_flit[471] is undriven.
Info:  Net impl:/WORK/tl_interface/dll_flit[470] is undriven.
Info:  Net impl:/WORK/tl_interface/dll_flit[469] is undriven.
Info:  Net impl:/WORK/tl_interface/dll_flit[468] is undriven.
Info:  Net impl:/WORK/tl_interface/dll_flit[467] is undriven.
Info:  Net impl:/WORK/tl_interface/dll_flit[466] is undriven.
Info:  Net impl:/WORK/tl_interface/dll_flit[465] is undriven.
Info:  Net impl:/WORK/tl_interface/dll_flit[464] is undriven.
Info:  Net impl:/WORK/tl_interface/dll_flit[463] is undriven.
Info:  Net impl:/WORK/tl_interface/dll_flit[462] is undriven.
Info:  Net impl:/WORK/tl_interface/dll_flit[461] is undriven.
Info:  Net impl:/WORK/tl_interface/dll_flit[460] is undriven.
Info:  Net impl:/WORK/tl_interface/dll_flit[459] is undriven.
Info:  Net impl:/WORK/tl_interface/dll_flit[458] is undriven.
Info:  Net impl:/WORK/tl_interface/dll_flit[457] is undriven.
Info:  Net impl:/WORK/tl_interface/dll_flit[456] is undriven.
Info:  Net impl:/WORK/tl_interface/dll_flit[455] is undriven.
Info:  Net impl:/WORK/tl_interface/dll_flit[454] is undriven.
Info:  Net impl:/WORK/tl_interface/dll_flit[453] is undriven.
Info:  Net impl:/WORK/tl_interface/dll_flit[452] is undriven.
Info:  Net impl:/WORK/tl_interface/dll_flit[451] is undriven.
Info:  Net impl:/WORK/tl_interface/dll_flit[450] is undriven.
Info:  Net impl:/WORK/tl_interface/dll_flit[449] is undriven.
Info:  Net impl:/WORK/tl_interface/dll_flit[448] is undriven.
Info:  Net impl:/WORK/tl_interface/dll_flit[447] is undriven.
Info:  Net impl:/WORK/tl_interface/dll_flit[446] is undriven.
Info:  Net impl:/WORK/tl_interface/dll_flit[445] is undriven.
Info:  Net impl:/WORK/tl_interface/dll_flit[444] is undriven.
Info:  Net impl:/WORK/tl_interface/dll_flit[443] is undriven.
Info:  Net impl:/WORK/tl_interface/dll_flit[442] is undriven.
Info:  Net impl:/WORK/tl_interface/dll_flit[441] is undriven.
Info:  Net impl:/WORK/tl_interface/dll_flit[440] is undriven.
Info:  Net impl:/WORK/tl_interface/dll_flit[439] is undriven.
Info:  Net impl:/WORK/tl_interface/dll_flit[438] is undriven.
Info:  Net impl:/WORK/tl_interface/dll_flit[437] is undriven.
Info:  Net impl:/WORK/tl_interface/dll_flit[436] is undriven.
Info:  Net impl:/WORK/tl_interface/dll_flit[435] is undriven.
Info:  Net impl:/WORK/tl_interface/dll_flit[434] is undriven.
Info:  Net impl:/WORK/tl_interface/dll_flit[433] is undriven.
Info:  Net impl:/WORK/tl_interface/dll_flit[432] is undriven.
Info:  Net impl:/WORK/tl_interface/dll_flit[431] is undriven.
Info:  Net impl:/WORK/tl_interface/dll_flit[430] is undriven.
Info:  Net impl:/WORK/tl_interface/dll_flit[429] is undriven.
Info:  Net impl:/WORK/tl_interface/dll_flit[428] is undriven.
Info:  Net impl:/WORK/tl_interface/dll_flit[427] is undriven.
Info:  Net impl:/WORK/tl_interface/dll_flit[426] is undriven.
Info:  Net impl:/WORK/tl_interface/dll_flit[425] is undriven.
Info:  Net impl:/WORK/tl_interface/dll_flit[424] is undriven.
Info:  Net impl:/WORK/tl_interface/dll_flit[423] is undriven.
Info:  Net impl:/WORK/tl_interface/dll_flit[422] is undriven.
Info:  Net impl:/WORK/tl_interface/dll_flit[421] is undriven.
Info:  Net impl:/WORK/tl_interface/dll_flit[420] is undriven.
Info:  Net impl:/WORK/tl_interface/dll_flit[419] is undriven.
Info:  Net impl:/WORK/tl_interface/dll_flit[418] is undriven.
Info:  Net impl:/WORK/tl_interface/dll_flit[417] is undriven.
Info:  Net impl:/WORK/tl_interface/dll_flit[416] is undriven.
Info:  Net impl:/WORK/tl_interface/dll_flit[415] is undriven.
Info:  Net impl:/WORK/tl_interface/dll_flit[414] is undriven.
Info:  Net impl:/WORK/tl_interface/dll_flit[413] is undriven.
Info:  Net impl:/WORK/tl_interface/dll_flit[412] is undriven.
Info:  Net impl:/WORK/tl_interface/dll_flit[411] is undriven.
Info:  Net impl:/WORK/tl_interface/dll_flit[410] is undriven.
Info:  Net impl:/WORK/tl_interface/dll_flit[409] is undriven.
Info:  Net impl:/WORK/tl_interface/dll_flit[408] is undriven.
Info:  Net impl:/WORK/tl_interface/dll_flit[407] is undriven.
Info:  Net impl:/WORK/tl_interface/dll_flit[406] is undriven.
Info:  Net impl:/WORK/tl_interface/dll_flit[405] is undriven.
Info:  Net impl:/WORK/tl_interface/dll_flit[404] is undriven.
Info:  Net impl:/WORK/tl_interface/dll_flit[403] is undriven.
Info:  Net impl:/WORK/tl_interface/dll_flit[402] is undriven.
Info:  Net impl:/WORK/tl_interface/dll_flit[401] is undriven.
Info:  Net impl:/WORK/tl_interface/dll_flit[400] is undriven.
Info:  Net impl:/WORK/tl_interface/dll_flit[399] is undriven.
Info:  Net impl:/WORK/tl_interface/dll_flit[398] is undriven.
Info:  Net impl:/WORK/tl_interface/dll_flit[397] is undriven.
Info:  Net impl:/WORK/tl_interface/dll_flit[396] is undriven.
Info:  Net impl:/WORK/tl_interface/dll_flit[395] is undriven.
Info:  Net impl:/WORK/tl_interface/dll_flit[394] is undriven.
Info:  Net impl:/WORK/tl_interface/dll_flit[393] is undriven.
Info:  Net impl:/WORK/tl_interface/dll_flit[392] is undriven.
Info:  Net impl:/WORK/tl_interface/dll_flit[391] is undriven.
Info:  Net impl:/WORK/tl_interface/dll_flit[390] is undriven.
Info:  Net impl:/WORK/tl_interface/dll_flit[389] is undriven.
Info:  Net impl:/WORK/tl_interface/dll_flit[388] is undriven.
Info:  Net impl:/WORK/tl_interface/dll_flit[387] is undriven.
Info:  Net impl:/WORK/tl_interface/dll_flit[386] is undriven.
Info:  Net impl:/WORK/tl_interface/dll_flit[385] is undriven.
Info:  Net impl:/WORK/tl_interface/dll_flit[384] is undriven.
Info:  Net impl:/WORK/tl_interface/dll_flit[383] is undriven.
Info:  Net impl:/WORK/tl_interface/dll_flit[382] is undriven.
Info:  Net impl:/WORK/tl_interface/dll_flit[381] is undriven.
Info:  Net impl:/WORK/tl_interface/dll_flit[380] is undriven.
Info:  Net impl:/WORK/tl_interface/dll_flit[379] is undriven.
Info:  Net impl:/WORK/tl_interface/dll_flit[378] is undriven.
Info:  Net impl:/WORK/tl_interface/dll_flit[377] is undriven.
Info:  Net impl:/WORK/tl_interface/dll_flit[376] is undriven.
Info:  Net impl:/WORK/tl_interface/dll_flit[375] is undriven.
Info:  Net impl:/WORK/tl_interface/dll_flit[374] is undriven.
Info:  Net impl:/WORK/tl_interface/dll_flit[373] is undriven.
Info:  Net impl:/WORK/tl_interface/dll_flit[372] is undriven.
Info:  Net impl:/WORK/tl_interface/dll_flit[371] is undriven.
Info:  Net impl:/WORK/tl_interface/dll_flit[370] is undriven.
Info:  Net impl:/WORK/tl_interface/dll_flit[369] is undriven.
Info:  Net impl:/WORK/tl_interface/dll_flit[368] is undriven.
Info:  Net impl:/WORK/tl_interface/dll_flit[367] is undriven.
Info:  Net impl:/WORK/tl_interface/dll_flit[366] is undriven.
Info:  Net impl:/WORK/tl_interface/dll_flit[365] is undriven.
Info:  Net impl:/WORK/tl_interface/dll_flit[364] is undriven.
Info:  Net impl:/WORK/tl_interface/dll_flit[363] is undriven.
Info:  Net impl:/WORK/tl_interface/dll_flit[362] is undriven.
Info:  Net impl:/WORK/tl_interface/dll_flit[361] is undriven.
Info:  Net impl:/WORK/tl_interface/dll_flit[360] is undriven.
Info:  Net impl:/WORK/tl_interface/dll_flit[359] is undriven.
Info:  Net impl:/WORK/tl_interface/dll_flit[358] is undriven.
Info:  Net impl:/WORK/tl_interface/dll_flit[357] is undriven.
Info:  Net impl:/WORK/tl_interface/dll_flit[356] is undriven.
Info:  Net impl:/WORK/tl_interface/dll_flit[355] is undriven.
Info:  Net impl:/WORK/tl_interface/dll_flit[354] is undriven.
Info:  Net impl:/WORK/tl_interface/dll_flit[353] is undriven.
Info:  Net impl:/WORK/tl_interface/dll_flit[352] is undriven.
Info:  Net impl:/WORK/tl_interface/dll_flit[351] is undriven.
Info:  Net impl:/WORK/tl_interface/dll_flit[350] is undriven.
Info:  Net impl:/WORK/tl_interface/dll_flit[349] is undriven.
Info:  Net impl:/WORK/tl_interface/dll_flit[348] is undriven.
Info:  Net impl:/WORK/tl_interface/dll_flit[347] is undriven.
Info:  Net impl:/WORK/tl_interface/dll_flit[346] is undriven.
Info:  Net impl:/WORK/tl_interface/dll_flit[345] is undriven.
Info:  Net impl:/WORK/tl_interface/dll_flit[344] is undriven.
Info:  Net impl:/WORK/tl_interface/dll_flit[343] is undriven.
Info:  Net impl:/WORK/tl_interface/dll_flit[342] is undriven.
Info:  Net impl:/WORK/tl_interface/dll_flit[341] is undriven.
Info:  Net impl:/WORK/tl_interface/dll_flit[340] is undriven.
Info:  Net impl:/WORK/tl_interface/dll_flit[339] is undriven.
Info:  Net impl:/WORK/tl_interface/dll_flit[338] is undriven.
Info:  Net impl:/WORK/tl_interface/dll_flit[337] is undriven.
Info:  Net impl:/WORK/tl_interface/dll_flit[336] is undriven.
Info:  Net impl:/WORK/tl_interface/dll_flit[335] is undriven.
Info:  Net impl:/WORK/tl_interface/dll_flit[334] is undriven.
Info:  Net impl:/WORK/tl_interface/dll_flit[333] is undriven.
Info:  Net impl:/WORK/tl_interface/dll_flit[332] is undriven.
Info:  Net impl:/WORK/tl_interface/dll_flit[331] is undriven.
Info:  Net impl:/WORK/tl_interface/dll_flit[330] is undriven.
Info:  Net impl:/WORK/tl_interface/dll_flit[329] is undriven.
Info:  Net impl:/WORK/tl_interface/dll_flit[328] is undriven.
Info:  Net impl:/WORK/tl_interface/dll_flit[327] is undriven.
Info:  Net impl:/WORK/tl_interface/dll_flit[326] is undriven.
Info:  Net impl:/WORK/tl_interface/dll_flit[325] is undriven.
Info:  Net impl:/WORK/tl_interface/dll_flit[324] is undriven.
Info:  Net impl:/WORK/tl_interface/dll_flit[323] is undriven.
Info:  Net impl:/WORK/tl_interface/dll_flit[322] is undriven.
Info:  Net impl:/WORK/tl_interface/dll_flit[321] is undriven.
Info:  Net impl:/WORK/tl_interface/dll_flit[320] is undriven.
Info:  Net impl:/WORK/tl_interface/dll_flit[319] is undriven.
Info:  Net impl:/WORK/tl_interface/dll_flit[318] is undriven.
Info:  Net impl:/WORK/tl_interface/dll_flit[317] is undriven.
Info:  Net impl:/WORK/tl_interface/dll_flit[316] is undriven.
Info:  Net impl:/WORK/tl_interface/dll_flit[315] is undriven.
Info:  Net impl:/WORK/tl_interface/dll_flit[314] is undriven.
Info:  Net impl:/WORK/tl_interface/dll_flit[313] is undriven.
Info:  Net impl:/WORK/tl_interface/dll_flit[312] is undriven.
Info:  Net impl:/WORK/tl_interface/dll_flit[311] is undriven.
Info:  Net impl:/WORK/tl_interface/dll_flit[310] is undriven.
Info:  Net impl:/WORK/tl_interface/dll_flit[309] is undriven.
Info:  Net impl:/WORK/tl_interface/dll_flit[308] is undriven.
Info:  Net impl:/WORK/tl_interface/dll_flit[307] is undriven.
Info:  Net impl:/WORK/tl_interface/dll_flit[306] is undriven.
Info:  Net impl:/WORK/tl_interface/dll_flit[305] is undriven.
Info:  Net impl:/WORK/tl_interface/dll_flit[304] is undriven.
Info:  Net impl:/WORK/tl_interface/dll_flit[303] is undriven.
Info:  Net impl:/WORK/tl_interface/dll_flit[302] is undriven.
Info:  Net impl:/WORK/tl_interface/dll_flit[301] is undriven.
Info:  Net impl:/WORK/tl_interface/dll_flit[300] is undriven.
Info:  Net impl:/WORK/tl_interface/dll_flit[299] is undriven.
Info:  Net impl:/WORK/tl_interface/dll_flit[298] is undriven.
Info:  Net impl:/WORK/tl_interface/dll_flit[297] is undriven.
Info:  Net impl:/WORK/tl_interface/dll_flit[296] is undriven.
Info:  Net impl:/WORK/tl_interface/dll_flit[295] is undriven.
Info:  Net impl:/WORK/tl_interface/dll_flit[294] is undriven.
Info:  Net impl:/WORK/tl_interface/dll_flit[293] is undriven.
Info:  Net impl:/WORK/tl_interface/dll_flit[292] is undriven.
Info:  Net impl:/WORK/tl_interface/dll_flit[291] is undriven.
Info:  Net impl:/WORK/tl_interface/dll_flit[290] is undriven.
Info:  Net impl:/WORK/tl_interface/dll_flit[289] is undriven.
Info:  Net impl:/WORK/tl_interface/dll_flit[288] is undriven.
Info:  Net impl:/WORK/tl_interface/dll_flit[287] is undriven.
Info:  Net impl:/WORK/tl_interface/dll_flit[286] is undriven.
Info:  Net impl:/WORK/tl_interface/dll_flit[285] is undriven.
Info:  Net impl:/WORK/tl_interface/dll_flit[284] is undriven.
Info:  Net impl:/WORK/tl_interface/dll_flit[283] is undriven.
Info:  Net impl:/WORK/tl_interface/dll_flit[282] is undriven.
Info:  Net impl:/WORK/tl_interface/dll_flit[281] is undriven.
Info:  Net impl:/WORK/tl_interface/dll_flit[280] is undriven.
Info:  Net impl:/WORK/tl_interface/dll_flit[279] is undriven.
Info:  Net impl:/WORK/tl_interface/dll_flit[278] is undriven.
Info:  Net impl:/WORK/tl_interface/dll_flit[277] is undriven.
Info:  Net impl:/WORK/tl_interface/dll_flit[276] is undriven.
Info:  Net impl:/WORK/tl_interface/dll_flit[275] is undriven.
Info:  Net impl:/WORK/tl_interface/dll_flit[274] is undriven.
Info:  Net impl:/WORK/tl_interface/dll_flit[273] is undriven.
Info:  Net impl:/WORK/tl_interface/dll_flit[272] is undriven.
Info:  Net impl:/WORK/tl_interface/dll_flit[271] is undriven.
Info:  Net impl:/WORK/tl_interface/dll_flit[270] is undriven.
Info:  Net impl:/WORK/tl_interface/dll_flit[269] is undriven.
Info:  Net impl:/WORK/tl_interface/dll_flit[268] is undriven.
Info:  Net impl:/WORK/tl_interface/dll_flit[267] is undriven.
Info:  Net impl:/WORK/tl_interface/dll_flit[266] is undriven.
Info:  Net impl:/WORK/tl_interface/dll_flit[265] is undriven.
Info:  Net impl:/WORK/tl_interface/dll_flit[264] is undriven.
Info:  Net impl:/WORK/tl_interface/dll_flit[263] is undriven.
Info:  Net impl:/WORK/tl_interface/dll_flit[262] is undriven.
Info:  Net impl:/WORK/tl_interface/dll_flit[261] is undriven.
Info:  Net impl:/WORK/tl_interface/dll_flit[260] is undriven.
Info:  Net impl:/WORK/tl_interface/dll_flit[259] is undriven.
Info:  Net impl:/WORK/tl_interface/dll_flit[258] is undriven.
Info:  Net impl:/WORK/tl_interface/dll_flit[257] is undriven.
Info:  Net impl:/WORK/tl_interface/dll_flit[256] is undriven.
Info:  Net impl:/WORK/tl_interface/dll_flit[255] is undriven.
Info:  Net impl:/WORK/tl_interface/dll_flit[254] is undriven.
Info:  Net impl:/WORK/tl_interface/dll_flit[253] is undriven.
Info:  Net impl:/WORK/tl_interface/dll_flit[252] is undriven.
Info:  Net impl:/WORK/tl_interface/dll_flit[251] is undriven.
Info:  Net impl:/WORK/tl_interface/dll_flit[250] is undriven.
Info:  Net impl:/WORK/tl_interface/dll_flit[249] is undriven.
Info:  Net impl:/WORK/tl_interface/dll_flit[248] is undriven.
Info:  Net impl:/WORK/tl_interface/dll_flit[247] is undriven.
Info:  Net impl:/WORK/tl_interface/dll_flit[246] is undriven.
Info:  Net impl:/WORK/tl_interface/dll_flit[245] is undriven.
Info:  Net impl:/WORK/tl_interface/dll_flit[244] is undriven.
Info:  Net impl:/WORK/tl_interface/dll_flit[243] is undriven.
Info:  Net impl:/WORK/tl_interface/dll_flit[242] is undriven.
Info:  Net impl:/WORK/tl_interface/dll_flit[241] is undriven.
Info:  Net impl:/WORK/tl_interface/dll_flit[240] is undriven.
Info:  Net impl:/WORK/tl_interface/dll_flit[239] is undriven.
Info:  Net impl:/WORK/tl_interface/dll_flit[238] is undriven.
Info:  Net impl:/WORK/tl_interface/dll_flit[237] is undriven.
Info:  Net impl:/WORK/tl_interface/dll_flit[236] is undriven.
Info:  Net impl:/WORK/tl_interface/dll_flit[235] is undriven.
Info:  Net impl:/WORK/tl_interface/dll_flit[234] is undriven.
Info:  Net impl:/WORK/tl_interface/dll_flit[233] is undriven.
Info:  Net impl:/WORK/tl_interface/dll_flit[232] is undriven.
Info:  Net impl:/WORK/tl_interface/dll_flit[231] is undriven.
Info:  Net impl:/WORK/tl_interface/dll_flit[230] is undriven.
Info:  Net impl:/WORK/tl_interface/dll_flit[229] is undriven.
Info:  Net impl:/WORK/tl_interface/dll_flit[228] is undriven.
Info:  Net impl:/WORK/tl_interface/dll_flit[227] is undriven.
Info:  Net impl:/WORK/tl_interface/dll_flit[226] is undriven.
Info:  Net impl:/WORK/tl_interface/dll_flit[225] is undriven.
Info:  Net impl:/WORK/tl_interface/dll_flit[224] is undriven.
Info:  Net impl:/WORK/tl_interface/dll_flit[223] is undriven.
Info:  Net impl:/WORK/tl_interface/dll_flit[222] is undriven.
Info:  Net impl:/WORK/tl_interface/dll_flit[221] is undriven.
Info:  Net impl:/WORK/tl_interface/dll_flit[220] is undriven.
Info:  Net impl:/WORK/tl_interface/dll_flit[219] is undriven.
Info:  Net impl:/WORK/tl_interface/dll_flit[218] is undriven.
Info:  Net impl:/WORK/tl_interface/dll_flit[217] is undriven.
Info:  Net impl:/WORK/tl_interface/dll_flit[216] is undriven.
Info:  Net impl:/WORK/tl_interface/dll_flit[215] is undriven.
Info:  Net impl:/WORK/tl_interface/dll_flit[214] is undriven.
Info:  Net impl:/WORK/tl_interface/dll_flit[213] is undriven.
Info:  Net impl:/WORK/tl_interface/dll_flit[212] is undriven.
Info:  Net impl:/WORK/tl_interface/dll_flit[211] is undriven.
Info:  Net impl:/WORK/tl_interface/dll_flit[210] is undriven.
Info:  Net impl:/WORK/tl_interface/dll_flit[209] is undriven.
Info:  Net impl:/WORK/tl_interface/dll_flit[208] is undriven.
Info:  Net impl:/WORK/tl_interface/dll_flit[207] is undriven.
Info:  Net impl:/WORK/tl_interface/dll_flit[206] is undriven.
Info:  Net impl:/WORK/tl_interface/dll_flit[205] is undriven.
Info:  Net impl:/WORK/tl_interface/dll_flit[204] is undriven.
Info:  Net impl:/WORK/tl_interface/dll_flit[203] is undriven.
Info:  Net impl:/WORK/tl_interface/dll_flit[202] is undriven.
Info:  Net impl:/WORK/tl_interface/dll_flit[201] is undriven.
Info:  Net impl:/WORK/tl_interface/dll_flit[200] is undriven.
Info:  Net impl:/WORK/tl_interface/dll_flit[199] is undriven.
Info:  Net impl:/WORK/tl_interface/dll_flit[198] is undriven.
Info:  Net impl:/WORK/tl_interface/dll_flit[197] is undriven.
Info:  Net impl:/WORK/tl_interface/dll_flit[196] is undriven.
Info:  Net impl:/WORK/tl_interface/dll_flit[195] is undriven.
Info:  Net impl:/WORK/tl_interface/dll_flit[194] is undriven.
Info:  Net impl:/WORK/tl_interface/dll_flit[193] is undriven.
Info:  Net impl:/WORK/tl_interface/dll_flit[192] is undriven.
Info:  Net impl:/WORK/tl_interface/dll_flit[191] is undriven.
Info:  Net impl:/WORK/tl_interface/dll_flit[190] is undriven.
Info:  Net impl:/WORK/tl_interface/dll_flit[189] is undriven.
Info:  Net impl:/WORK/tl_interface/dll_flit[188] is undriven.
Info:  Net impl:/WORK/tl_interface/dll_flit[187] is undriven.
Info:  Net impl:/WORK/tl_interface/dll_flit[186] is undriven.
Info:  Net impl:/WORK/tl_interface/dll_flit[185] is undriven.
Info:  Net impl:/WORK/tl_interface/dll_flit[184] is undriven.
Info:  Net impl:/WORK/tl_interface/dll_flit[183] is undriven.
Info:  Net impl:/WORK/tl_interface/dll_flit[182] is undriven.
Info:  Net impl:/WORK/tl_interface/dll_flit[181] is undriven.
Info:  Net impl:/WORK/tl_interface/dll_flit[180] is undriven.
Info:  Net impl:/WORK/tl_interface/dll_flit[179] is undriven.
Info:  Net impl:/WORK/tl_interface/dll_flit[178] is undriven.
Info:  Net impl:/WORK/tl_interface/dll_flit[177] is undriven.
Info:  Net impl:/WORK/tl_interface/dll_flit[176] is undriven.
Info:  Net impl:/WORK/tl_interface/dll_flit[175] is undriven.
Info:  Net impl:/WORK/tl_interface/dll_flit[174] is undriven.
Info:  Net impl:/WORK/tl_interface/dll_flit[173] is undriven.
Info:  Net impl:/WORK/tl_interface/dll_flit[172] is undriven.
Info:  Net impl:/WORK/tl_interface/dll_flit[171] is undriven.
Info:  Net impl:/WORK/tl_interface/dll_flit[170] is undriven.
Info:  Net impl:/WORK/tl_interface/dll_flit[169] is undriven.
Info:  Net impl:/WORK/tl_interface/dll_flit[168] is undriven.
Info:  Net impl:/WORK/tl_interface/dll_flit[167] is undriven.
Info:  Net impl:/WORK/tl_interface/dll_flit[166] is undriven.
Info:  Net impl:/WORK/tl_interface/dll_flit[165] is undriven.
Info:  Net impl:/WORK/tl_interface/dll_flit[164] is undriven.
Info:  Net impl:/WORK/tl_interface/dll_flit[163] is undriven.
Info:  Net impl:/WORK/tl_interface/dll_flit[162] is undriven.
Info:  Net impl:/WORK/tl_interface/dll_flit[161] is undriven.
Info:  Net impl:/WORK/tl_interface/dll_flit[160] is undriven.
Info:  Net impl:/WORK/tl_interface/dll_flit[159] is undriven.
Info:  Net impl:/WORK/tl_interface/dll_flit[158] is undriven.
Info:  Net impl:/WORK/tl_interface/dll_flit[157] is undriven.
Info:  Net impl:/WORK/tl_interface/dll_flit[156] is undriven.
Info:  Net impl:/WORK/tl_interface/dll_flit[155] is undriven.
Info:  Net impl:/WORK/tl_interface/dll_flit[154] is undriven.
Info:  Net impl:/WORK/tl_interface/dll_flit[153] is undriven.
Info:  Net impl:/WORK/tl_interface/dll_flit[152] is undriven.
Info:  Net impl:/WORK/tl_interface/dll_flit[151] is undriven.
Info:  Net impl:/WORK/tl_interface/dll_flit[150] is undriven.
Info:  Net impl:/WORK/tl_interface/dll_flit[149] is undriven.
Info:  Net impl:/WORK/tl_interface/dll_flit[148] is undriven.
Info:  Net impl:/WORK/tl_interface/dll_flit[147] is undriven.
Info:  Net impl:/WORK/tl_interface/dll_flit[146] is undriven.
Info:  Net impl:/WORK/tl_interface/dll_flit[145] is undriven.
Info:  Net impl:/WORK/tl_interface/dll_flit[144] is undriven.
Info:  Net impl:/WORK/tl_interface/dll_flit[143] is undriven.
Info:  Net impl:/WORK/tl_interface/dll_flit[142] is undriven.
Info:  Net impl:/WORK/tl_interface/dll_flit[141] is undriven.
Info:  Net impl:/WORK/tl_interface/dll_flit[140] is undriven.
Info:  Net impl:/WORK/tl_interface/dll_flit[139] is undriven.
Info:  Net impl:/WORK/tl_interface/dll_flit[138] is undriven.
Info:  Net impl:/WORK/tl_interface/dll_flit[137] is undriven.
Info:  Net impl:/WORK/tl_interface/dll_flit[136] is undriven.
Info:  Net impl:/WORK/tl_interface/dll_flit[135] is undriven.
Info:  Net impl:/WORK/tl_interface/dll_flit[134] is undriven.
Info:  Net impl:/WORK/tl_interface/dll_flit[133] is undriven.
Info:  Net impl:/WORK/tl_interface/dll_flit[132] is undriven.
Info:  Net impl:/WORK/tl_interface/dll_flit[131] is undriven.
Info:  Net impl:/WORK/tl_interface/dll_flit[130] is undriven.
Info:  Net impl:/WORK/tl_interface/dll_flit[129] is undriven.
Info:  Net impl:/WORK/tl_interface/dll_flit[128] is undriven.
Info:  Net impl:/WORK/tl_interface/dll_flit[127] is undriven.
Info:  Net impl:/WORK/tl_interface/dll_flit[126] is undriven.
Info:  Net impl:/WORK/tl_interface/dll_flit[125] is undriven.
Info:  Net impl:/WORK/tl_interface/dll_flit[124] is undriven.
Info:  Net impl:/WORK/tl_interface/dll_flit[123] is undriven.
Info:  Net impl:/WORK/tl_interface/dll_flit[122] is undriven.
Info:  Net impl:/WORK/tl_interface/dll_flit[121] is undriven.
Info:  Net impl:/WORK/tl_interface/dll_flit[120] is undriven.
Info:  Net impl:/WORK/tl_interface/dll_flit[119] is undriven.
Info:  Net impl:/WORK/tl_interface/dll_flit[118] is undriven.
Info:  Net impl:/WORK/tl_interface/dll_flit[117] is undriven.
Info:  Net impl:/WORK/tl_interface/dll_flit[116] is undriven.
Info:  Net impl:/WORK/tl_interface/dll_flit[115] is undriven.
Info:  Net impl:/WORK/tl_interface/dll_flit[114] is undriven.
Info:  Net impl:/WORK/tl_interface/dll_flit[113] is undriven.
Info:  Net impl:/WORK/tl_interface/dll_flit[112] is undriven.
Info:  Net impl:/WORK/tl_interface/dll_flit[111] is undriven.
Info:  Net impl:/WORK/tl_interface/dll_flit[110] is undriven.
Info:  Net impl:/WORK/tl_interface/dll_flit[109] is undriven.
Info:  Net impl:/WORK/tl_interface/dll_flit[108] is undriven.
Info:  Net impl:/WORK/tl_interface/dll_flit[107] is undriven.
Info:  Net impl:/WORK/tl_interface/dll_flit[106] is undriven.
Info:  Net impl:/WORK/tl_interface/dll_flit[105] is undriven.
Info:  Net impl:/WORK/tl_interface/dll_flit[104] is undriven.
Info:  Net impl:/WORK/tl_interface/dll_flit[103] is undriven.
Info:  Net impl:/WORK/tl_interface/dll_flit[102] is undriven.
Info:  Net impl:/WORK/tl_interface/dll_flit[101] is undriven.
Info:  Net impl:/WORK/tl_interface/dll_flit[100] is undriven.
Info:  Net impl:/WORK/tl_interface/dll_flit[99] is undriven.
Info:  Net impl:/WORK/tl_interface/dll_flit[98] is undriven.
Info:  Net impl:/WORK/tl_interface/dll_flit[97] is undriven.
Info:  Net impl:/WORK/tl_interface/dll_flit[96] is undriven.
Info:  Net impl:/WORK/tl_interface/dll_flit[95] is undriven.
Info:  Net impl:/WORK/tl_interface/dll_flit[94] is undriven.
Info:  Net impl:/WORK/tl_interface/dll_flit[93] is undriven.
Info:  Net impl:/WORK/tl_interface/dll_flit[92] is undriven.
Info:  Net impl:/WORK/tl_interface/dll_flit[91] is undriven.
Info:  Net impl:/WORK/tl_interface/dll_flit[90] is undriven.
Info:  Net impl:/WORK/tl_interface/dll_flit[89] is undriven.
Info:  Net impl:/WORK/tl_interface/dll_flit[88] is undriven.
Info:  Net impl:/WORK/tl_interface/dll_flit[87] is undriven.
Info:  Net impl:/WORK/tl_interface/dll_flit[86] is undriven.
Info:  Net impl:/WORK/tl_interface/dll_flit[85] is undriven.
Info:  Net impl:/WORK/tl_interface/dll_flit[84] is undriven.
Info:  Net impl:/WORK/tl_interface/dll_flit[83] is undriven.
Info:  Net impl:/WORK/tl_interface/dll_flit[82] is undriven.
Info:  Net impl:/WORK/tl_interface/dll_flit[81] is undriven.
Info:  Net impl:/WORK/tl_interface/dll_flit[80] is undriven.
Info:  Net impl:/WORK/tl_interface/dll_flit[79] is undriven.
Info:  Net impl:/WORK/tl_interface/dll_flit[78] is undriven.
Info:  Net impl:/WORK/tl_interface/dll_flit[77] is undriven.
Info:  Net impl:/WORK/tl_interface/dll_flit[76] is undriven.
Info:  Net impl:/WORK/tl_interface/dll_flit[75] is undriven.
Info:  Net impl:/WORK/tl_interface/dll_flit[74] is undriven.
Info:  Net impl:/WORK/tl_interface/dll_flit[73] is undriven.
Info:  Net impl:/WORK/tl_interface/dll_flit[72] is undriven.
Info:  Net impl:/WORK/tl_interface/dll_flit[71] is undriven.
Info:  Net impl:/WORK/tl_interface/dll_flit[70] is undriven.
Info:  Net impl:/WORK/tl_interface/dll_flit[69] is undriven.
Info:  Net impl:/WORK/tl_interface/dll_flit[68] is undriven.
Info:  Net impl:/WORK/tl_interface/dll_flit[67] is undriven.
Info:  Net impl:/WORK/tl_interface/dll_flit[66] is undriven.
Info:  Net impl:/WORK/tl_interface/dll_flit[65] is undriven.
Info:  Net impl:/WORK/tl_interface/dll_flit[64] is undriven.
Info:  Net impl:/WORK/tl_interface/dll_flit[63] is undriven.
Info:  Net impl:/WORK/tl_interface/dll_flit[62] is undriven.
Info:  Net impl:/WORK/tl_interface/dll_flit[61] is undriven.
Info:  Net impl:/WORK/tl_interface/dll_flit[60] is undriven.
Info:  Net impl:/WORK/tl_interface/dll_flit[59] is undriven.
Info:  Net impl:/WORK/tl_interface/dll_flit[58] is undriven.
Info:  Net impl:/WORK/tl_interface/dll_flit[57] is undriven.
Info:  Net impl:/WORK/tl_interface/dll_flit[56] is undriven.
Info:  Net impl:/WORK/tl_interface/dll_flit[55] is undriven.
Info:  Net impl:/WORK/tl_interface/dll_flit[54] is undriven.
Info:  Net impl:/WORK/tl_interface/dll_flit[53] is undriven.
Info:  Net impl:/WORK/tl_interface/dll_flit[52] is undriven.
Info:  Net impl:/WORK/tl_interface/dll_flit[51] is undriven.
Info:  Net impl:/WORK/tl_interface/dll_flit[50] is undriven.
Info:  Net impl:/WORK/tl_interface/dll_flit[49] is undriven.
Info:  Net impl:/WORK/tl_interface/dll_flit[48] is undriven.
Info:  Net impl:/WORK/tl_interface/dll_flit[47] is undriven.
Info:  Net impl:/WORK/tl_interface/dll_flit[46] is undriven.
Info:  Net impl:/WORK/tl_interface/dll_flit[45] is undriven.
Info:  Net impl:/WORK/tl_interface/dll_flit[44] is undriven.
Info:  Net impl:/WORK/tl_interface/dll_flit[43] is undriven.
Info:  Net impl:/WORK/tl_interface/dll_flit[42] is undriven.
Info:  Net impl:/WORK/tl_interface/dll_flit[41] is undriven.
Info:  Net impl:/WORK/tl_interface/dll_flit[40] is undriven.
Info:  Net impl:/WORK/tl_interface/dll_flit[39] is undriven.
Info:  Net impl:/WORK/tl_interface/dll_flit[38] is undriven.
Info:  Net impl:/WORK/tl_interface/dll_flit[37] is undriven.
Info:  Net impl:/WORK/tl_interface/dll_flit[36] is undriven.
Info:  Net impl:/WORK/tl_interface/dll_flit[35] is undriven.
Info:  Net impl:/WORK/tl_interface/dll_flit[34] is undriven.
Info:  Net impl:/WORK/tl_interface/dll_flit[33] is undriven.
Info:  Net impl:/WORK/tl_interface/dll_flit[32] is undriven.
Info:  Net impl:/WORK/tl_interface/dll_flit[31] is undriven.
Info:  Net impl:/WORK/tl_interface/dll_flit[30] is undriven.
Info:  Net impl:/WORK/tl_interface/dll_flit[29] is undriven.
Info:  Net impl:/WORK/tl_interface/dll_flit[28] is undriven.
Info:  Net impl:/WORK/tl_interface/dll_flit[27] is undriven.
Info:  Net impl:/WORK/tl_interface/dll_flit[26] is undriven.
Info:  Net impl:/WORK/tl_interface/dll_flit[25] is undriven.
Info:  Net impl:/WORK/tl_interface/dll_flit[24] is undriven.
Info:  Net impl:/WORK/tl_interface/dll_flit[23] is undriven.
Info:  Net impl:/WORK/tl_interface/dll_flit[22] is undriven.
Info:  Net impl:/WORK/tl_interface/dll_flit[21] is undriven.
Info:  Net impl:/WORK/tl_interface/dll_flit[20] is undriven.
Info:  Net impl:/WORK/tl_interface/dll_flit[19] is undriven.
Info:  Net impl:/WORK/tl_interface/dll_flit[18] is undriven.
Info:  Net impl:/WORK/tl_interface/dll_flit[17] is undriven.
Info:  Net impl:/WORK/tl_interface/dll_flit[16] is undriven.
Info:  Net impl:/WORK/tl_interface/dll_flit[15] is undriven.
Info:  Net impl:/WORK/tl_interface/dll_flit[14] is undriven.
Info:  Net impl:/WORK/tl_interface/dll_flit[13] is undriven.
Info:  Net impl:/WORK/tl_interface/dll_flit[12] is undriven.
Info:  Net impl:/WORK/tl_interface/dll_flit[11] is undriven.
Info:  Net impl:/WORK/tl_interface/dll_flit[10] is undriven.
Info:  Net impl:/WORK/tl_interface/dll_flit[9] is undriven.
Info:  Net impl:/WORK/tl_interface/dll_flit[8] is undriven.
Info:  Net impl:/WORK/tl_interface/dll_flit[7] is undriven.
Info:  Net impl:/WORK/tl_interface/dll_flit[6] is undriven.
Info:  Net impl:/WORK/tl_interface/dll_flit[5] is undriven.
Info:  Net impl:/WORK/tl_interface/dll_flit[4] is undriven.
Info:  Net impl:/WORK/tl_interface/dll_flit[3] is undriven.
Info:  Net impl:/WORK/tl_interface/dll_flit[2] is undriven.
Info:  Net impl:/WORK/tl_interface/dll_flit[1] is undriven.
Info:  Net impl:/WORK/tl_interface/dll_flit[0] is undriven.
Info:  Net impl:/WORK/tl_interface/dll_flit_valid is undriven.
Info:  Net impl:/WORK/tl_interface/tl_ready is undriven.
Info:  Net impl:/WORK/tl_interface/fc_to_dllp[71] is undriven.
Info:  Net impl:/WORK/tl_interface/fc_to_dllp[70] is undriven.
Info:  Net impl:/WORK/tl_interface/fc_to_dllp[69] is undriven.
Info:  Net impl:/WORK/tl_interface/fc_to_dllp[68] is undriven.
Info:  Net impl:/WORK/tl_interface/fc_to_dllp[67] is undriven.
Info:  Net impl:/WORK/tl_interface/fc_to_dllp[66] is undriven.
Info:  Net impl:/WORK/tl_interface/fc_to_dllp[65] is undriven.
Info:  Net impl:/WORK/tl_interface/fc_to_dllp[64] is undriven.
Info:  Net impl:/WORK/tl_interface/fc_to_dllp[63] is undriven.
Info:  Net impl:/WORK/tl_interface/fc_to_dllp[62] is undriven.
Info:  Net impl:/WORK/tl_interface/fc_to_dllp[61] is undriven.
Info:  Net impl:/WORK/tl_interface/fc_to_dllp[60] is undriven.
Info:  Net impl:/WORK/tl_interface/fc_to_dllp[59] is undriven.
Info:  Net impl:/WORK/tl_interface/fc_to_dllp[58] is undriven.
Info:  Net impl:/WORK/tl_interface/fc_to_dllp[57] is undriven.
Info:  Net impl:/WORK/tl_interface/fc_to_dllp[56] is undriven.
Info:  Net impl:/WORK/tl_interface/fc_to_dllp[55] is undriven.
Info:  Net impl:/WORK/tl_interface/fc_to_dllp[54] is undriven.
Info:  Net impl:/WORK/tl_interface/fc_to_dllp[53] is undriven.
Info:  Net impl:/WORK/tl_interface/fc_to_dllp[52] is undriven.
Info:  Net impl:/WORK/tl_interface/fc_to_dllp[51] is undriven.
Info:  Net impl:/WORK/tl_interface/fc_to_dllp[50] is undriven.
Info:  Net impl:/WORK/tl_interface/fc_to_dllp[49] is undriven.
Info:  Net impl:/WORK/tl_interface/fc_to_dllp[48] is undriven.
Info:  Net impl:/WORK/tl_interface/fc_to_dllp[47] is undriven.
Info:  Net impl:/WORK/tl_interface/fc_to_dllp[46] is undriven.
Info:  Net impl:/WORK/tl_interface/fc_to_dllp[45] is undriven.
Info:  Net impl:/WORK/tl_interface/fc_to_dllp[44] is undriven.
Info:  Net impl:/WORK/tl_interface/fc_to_dllp[43] is undriven.
Info:  Net impl:/WORK/tl_interface/fc_to_dllp[42] is undriven.
Info:  Net impl:/WORK/tl_interface/fc_to_dllp[41] is undriven.
Info:  Net impl:/WORK/tl_interface/fc_to_dllp[40] is undriven.
Info:  Net impl:/WORK/tl_interface/fc_to_dllp[39] is undriven.
Info:  Net impl:/WORK/tl_interface/fc_to_dllp[38] is undriven.
Info:  Net impl:/WORK/tl_interface/fc_to_dllp[37] is undriven.
Info:  Net impl:/WORK/tl_interface/fc_to_dllp[36] is undriven.
Info:  Net impl:/WORK/tl_interface/fc_to_dllp[35] is undriven.
Info:  Net impl:/WORK/tl_interface/fc_to_dllp[34] is undriven.
Info:  Net impl:/WORK/tl_interface/fc_to_dllp[33] is undriven.
Info:  Net impl:/WORK/tl_interface/fc_to_dllp[32] is undriven.
Info:  Net impl:/WORK/tl_interface/fc_to_dllp[31] is undriven.
Info:  Net impl:/WORK/tl_interface/fc_to_dllp[30] is undriven.
Info:  Net impl:/WORK/tl_interface/fc_to_dllp[29] is undriven.
Info:  Net impl:/WORK/tl_interface/fc_to_dllp[28] is undriven.
Info:  Net impl:/WORK/tl_interface/fc_to_dllp[27] is undriven.
Info:  Net impl:/WORK/tl_interface/fc_to_dllp[26] is undriven.
Info:  Net impl:/WORK/tl_interface/fc_to_dllp[25] is undriven.
Info:  Net impl:/WORK/tl_interface/fc_to_dllp[24] is undriven.
Info:  Net impl:/WORK/tl_interface/fc_to_dllp[23] is undriven.
Info:  Net impl:/WORK/tl_interface/fc_to_dllp[22] is undriven.
Info:  Net impl:/WORK/tl_interface/fc_to_dllp[21] is undriven.
Info:  Net impl:/WORK/tl_interface/fc_to_dllp[20] is undriven.
Info:  Net impl:/WORK/tl_interface/fc_to_dllp[19] is undriven.
Info:  Net impl:/WORK/tl_interface/fc_to_dllp[18] is undriven.
Info:  Net impl:/WORK/tl_interface/fc_to_dllp[17] is undriven.
Info:  Net impl:/WORK/tl_interface/fc_to_dllp[16] is undriven.
Info:  Net impl:/WORK/tl_interface/fc_to_dllp[15] is undriven.
Info:  Net impl:/WORK/tl_interface/fc_to_dllp[14] is undriven.
Info:  Net impl:/WORK/tl_interface/fc_to_dllp[13] is undriven.
Info:  Net impl:/WORK/tl_interface/fc_to_dllp[12] is undriven.
Info:  Net impl:/WORK/tl_interface/fc_to_dllp[11] is undriven.
Info:  Net impl:/WORK/tl_interface/fc_to_dllp[10] is undriven.
Info:  Net impl:/WORK/tl_interface/fc_to_dllp[9] is undriven.
Info:  Net impl:/WORK/tl_interface/fc_to_dllp[8] is undriven.
Info:  Net impl:/WORK/tl_interface/fc_dllp_send is undriven.
Info:  Net impl:/WORK/seq_num_gen/seq_valid is undriven.
Info:  Net impl:/WORK/seq_num_gen/seq_wrap is undriven.
Info:  Net impl:/WORK/retry_buf/retry_tlp[1043] is undriven.
Info:  Net impl:/WORK/retry_buf/retry_tlp[1042] is undriven.
Info:  Net impl:/WORK/retry_buf/retry_tlp[1041] is undriven.
Info:  Net impl:/WORK/retry_buf/retry_tlp[1040] is undriven.
Info:  Net impl:/WORK/retry_buf/retry_tlp[1039] is undriven.
Info:  Net impl:/WORK/retry_buf/retry_tlp[1038] is undriven.
Info:  Net impl:/WORK/retry_buf/retry_tlp[1037] is undriven.
Info:  Net impl:/WORK/retry_buf/retry_tlp[1036] is undriven.
Info:  Net impl:/WORK/retry_buf/retry_tlp[1035] is undriven.
Info:  Net impl:/WORK/retry_buf/retry_tlp[1034] is undriven.
Info:  Net impl:/WORK/retry_buf/retry_tlp[1033] is undriven.
Info:  Net impl:/WORK/retry_buf/retry_tlp[1032] is undriven.
Info:  Net impl:/WORK/retry_buf/retry_tlp[1031] is undriven.
Info:  Net impl:/WORK/retry_buf/retry_tlp[1030] is undriven.
Info:  Net impl:/WORK/retry_buf/retry_tlp[1029] is undriven.
Info:  Net impl:/WORK/retry_buf/retry_tlp[1028] is undriven.
Info:  Net impl:/WORK/retry_buf/retry_tlp[1027] is undriven.
Info:  Net impl:/WORK/retry_buf/retry_tlp[1026] is undriven.
Info:  Net impl:/WORK/retry_buf/retry_tlp[1025] is undriven.
Info:  Net impl:/WORK/retry_buf/retry_tlp[1024] is undriven.
Info:  Net impl:/WORK/retry_buf/retry_seq[11] is undriven.
Info:  Net impl:/WORK/retry_buf/retry_seq[10] is undriven.
Info:  Net impl:/WORK/retry_buf/retry_seq[9] is undriven.
Info:  Net impl:/WORK/retry_buf/retry_seq[8] is undriven.
Info:  Net impl:/WORK/retry_buf/retry_seq[7] is undriven.
Info:  Net impl:/WORK/retry_buf/retry_seq[6] is undriven.
Info:  Net impl:/WORK/retry_buf/retry_seq[5] is undriven.
Info:  Net impl:/WORK/retry_buf/retry_seq[4] is undriven.
Info:  Net impl:/WORK/retry_buf/retry_seq[3] is undriven.
Info:  Net impl:/WORK/retry_buf/retry_seq[2] is undriven.
Info:  Net impl:/WORK/retry_buf/retry_seq[1] is undriven.
Info:  Net impl:/WORK/retry_buf/retry_seq[0] is undriven.
Info:  Net impl:/WORK/retry_buf/buf_occ[11] is undriven.
Info:  Net impl:/WORK/retry_buf/buf_occ[10] is undriven.
Info:  Net impl:/WORK/retry_buf/buf_occ[9] is undriven.
Info:  Net impl:/WORK/retry_buf/buf_occ[8] is undriven.
Info:  Net impl:/WORK/retry_buf/buf_occ[7] is undriven.
Info:  Net impl:/WORK/retry_buf/buf_occ[6] is undriven.
Info:  Net impl:/WORK/retry_buf/buf_occ[5] is undriven.
Info:  Net impl:/WORK/retry_buf/buf_occ[4] is undriven.
Info:  Net impl:/WORK/retry_buf/buf_occ[3] is undriven.
Info:  Net impl:/WORK/retry_buf/buf_occ[2] is undriven.
Info:  Net impl:/WORK/retry_buf/purge_done is undriven.
Info:  Net impl:/WORK/scrambler/lfsr_state[22] is undriven.
Info:  Net impl:/WORK/scrambler/lfsr_state[21] is undriven.
Info:  Net impl:/WORK/scrambler/lfsr_state[20] is undriven.
Info:  Net impl:/WORK/scrambler/lfsr_state[19] is undriven.
Info:  Net impl:/WORK/scrambler/lfsr_state[18] is undriven.
Info:  Net impl:/WORK/scrambler/lfsr_state[17] is undriven.
Info:  Net impl:/WORK/scrambler/lfsr_state[16] is undriven.
Info:  Net impl:/WORK/scrambler/lfsr_state[15] is undriven.
Info:  Net impl:/WORK/scrambler/lfsr_state[14] is undriven.
Info:  Net impl:/WORK/scrambler/lfsr_state[13] is undriven.
Info:  Net impl:/WORK/scrambler/lfsr_state[12] is undriven.
Info:  Net impl:/WORK/scrambler/lfsr_state[11] is undriven.
Info:  Net impl:/WORK/scrambler/lfsr_state[10] is undriven.
Info:  Net impl:/WORK/scrambler/lfsr_state[9] is undriven.
Info:  Net impl:/WORK/scrambler/lfsr_state[8] is undriven.
Info:  Net impl:/WORK/scrambler/lfsr_state[7] is undriven.
Info:  Net impl:/WORK/scrambler/lfsr_state[6] is undriven.
Info:  Net impl:/WORK/scrambler/lfsr_state[5] is undriven.
Info:  Net impl:/WORK/scrambler/lfsr_state[4] is undriven.
Info:  Net impl:/WORK/scrambler/lfsr_state[3] is undriven.
Info:  Net impl:/WORK/scrambler/lfsr_state[2] is undriven.
Info:  Net impl:/WORK/scrambler/lfsr_state[1] is undriven.
Info:  Net impl:/WORK/scrambler/lfsr_state[0] is undriven.
Info:  Net impl:/WORK/dllp_gen/fc_dllp[63] is undriven.
Info:  Net impl:/WORK/dllp_gen/fc_dllp[62] is undriven.
Info:  Net impl:/WORK/dllp_gen/fc_dllp[61] is undriven.
Info:  Net impl:/WORK/dllp_gen/fc_dllp[60] is undriven.
Info:  Net impl:/WORK/dllp_gen/fc_dllp[59] is undriven.
Info:  Net impl:/WORK/dllp_gen/fc_dllp[58] is undriven.
Info:  Net impl:/WORK/dllp_gen/fc_dllp[57] is undriven.
Info:  Net impl:/WORK/dllp_gen/fc_dllp[56] is undriven.
Info:  Net impl:/WORK/dllp_gen/fc_dllp[55] is undriven.
Info:  Net impl:/WORK/dllp_gen/fc_dllp[54] is undriven.
Info:  Net impl:/WORK/dllp_gen/fc_dllp[53] is undriven.
Info:  Net impl:/WORK/dllp_gen/fc_dllp[52] is undriven.
Info:  Net impl:/WORK/dllp_gen/fc_dllp[51] is undriven.
Info:  Net impl:/WORK/dllp_gen/fc_dllp[50] is undriven.
Info:  Net impl:/WORK/dllp_gen/fc_dllp[49] is undriven.
Info:  Net impl:/WORK/dllp_gen/fc_dllp[48] is undriven.
Info:  Net impl:/WORK/dllp_gen/fc_dllp[47] is undriven.
Info:  Net impl:/WORK/dllp_gen/fc_dllp[46] is undriven.
Info:  Net impl:/WORK/dllp_gen/fc_dllp[45] is undriven.
Info:  Net impl:/WORK/dllp_gen/fc_dllp[44] is undriven.
Info:  Net impl:/WORK/dllp_gen/fc_dllp[43] is undriven.
Info:  Net impl:/WORK/dllp_gen/fc_dllp[42] is undriven.
Info:  Net impl:/WORK/dllp_gen/fc_dllp[41] is undriven.
Info:  Net impl:/WORK/dllp_gen/fc_dllp[40] is undriven.
Info:  Net impl:/WORK/dllp_gen/fc_dllp[39] is undriven.
Info:  Net impl:/WORK/dllp_gen/fc_dllp[38] is undriven.
Info:  Net impl:/WORK/dllp_gen/fc_dllp[37] is undriven.
Info:  Net impl:/WORK/dllp_gen/fc_dllp[36] is undriven.
Info:  Net impl:/WORK/dllp_gen/fc_dllp[35] is undriven.
Info:  Net impl:/WORK/dllp_gen/fc_dllp[34] is undriven.
Info:  Net impl:/WORK/dllp_gen/fc_dllp[33] is undriven.
Info:  Net impl:/WORK/dllp_gen/fc_dllp[32] is undriven.
Info:  Net impl:/WORK/dllp_gen/fc_dllp[31] is undriven.
Info:  Net impl:/WORK/dllp_gen/fc_dllp[30] is undriven.
Info:  Net impl:/WORK/dllp_gen/fc_dllp[29] is undriven.
Info:  Net impl:/WORK/dllp_gen/fc_dllp[28] is undriven.
Info:  Net impl:/WORK/dllp_gen/fc_dllp[27] is undriven.
Info:  Net impl:/WORK/dllp_gen/fc_dllp[26] is undriven.
Info:  Net impl:/WORK/dllp_gen/fc_dllp[25] is undriven.
Info:  Net impl:/WORK/dllp_gen/fc_dllp[24] is undriven.
Info:  Net impl:/WORK/dllp_gen/fc_dllp[23] is undriven.
Info:  Net impl:/WORK/dllp_gen/fc_dllp[22] is undriven.
Info:  Net impl:/WORK/dllp_gen/fc_dllp[21] is undriven.
Info:  Net impl:/WORK/dllp_gen/fc_dllp[20] is undriven.
Info:  Net impl:/WORK/dllp_gen/fc_dllp[19] is undriven.
Info:  Net impl:/WORK/dllp_gen/fc_dllp[18] is undriven.
Info:  Net impl:/WORK/dllp_gen/fc_dllp[17] is undriven.
Info:  Net impl:/WORK/dllp_gen/fc_dllp[16] is undriven.
Info:  Net impl:/WORK/dllp_gen/fc_dllp[15] is undriven.
Info:  Net impl:/WORK/dllp_gen/fc_dllp[14] is undriven.
Info:  Net impl:/WORK/dllp_gen/fc_dllp[13] is undriven.
Info:  Net impl:/WORK/dllp_gen/fc_dllp[12] is undriven.
Info:  Net impl:/WORK/dllp_gen/fc_dllp[11] is undriven.
Info:  Net impl:/WORK/dllp_gen/fc_dllp[10] is undriven.
Info:  Net impl:/WORK/dllp_gen/fc_dllp[9] is undriven.
Info:  Net impl:/WORK/dllp_gen/fc_dllp[8] is undriven.
Info:  Net impl:/WORK/dllp_gen/pm_dllp[63] is undriven.
Info:  Net impl:/WORK/dllp_gen/pm_dllp[62] is undriven.
Info:  Net impl:/WORK/dllp_gen/pm_dllp[60] is undriven.
Info:  Net impl:/WORK/dllp_gen/pm_dllp[59] is undriven.
Info:  Net impl:/WORK/dllp_gen/pm_dllp[57] is undriven.
Info:  Net impl:/WORK/dllp_gen/pm_dllp[55] is undriven.
Info:  Net impl:/WORK/dllp_gen/pm_dllp[54] is undriven.
Info:  Net impl:/WORK/dllp_gen/pm_dllp[53] is undriven.
Info:  Net impl:/WORK/dllp_gen/pm_dllp[52] is undriven.
Info:  Net impl:/WORK/dllp_gen/pm_dllp[51] is undriven.
Info:  Net impl:/WORK/dllp_gen/pm_dllp[50] is undriven.
Info:  Net impl:/WORK/dllp_gen/pm_dllp[49] is undriven.
Info:  Net impl:/WORK/dllp_gen/pm_dllp[48] is undriven.
Info:  Net impl:/WORK/dllp_gen/pm_dllp[47] is undriven.
Info:  Net impl:/WORK/dllp_gen/pm_dllp[46] is undriven.
Info:  Net impl:/WORK/dllp_gen/pm_dllp[45] is undriven.
Info:  Net impl:/WORK/dllp_gen/pm_dllp[44] is undriven.
Info:  Net impl:/WORK/dllp_gen/pm_dllp[43] is undriven.
Info:  Net impl:/WORK/dllp_gen/pm_dllp[42] is undriven.
Info:  Net impl:/WORK/dllp_gen/pm_dllp[41] is undriven.
Info:  Net impl:/WORK/dllp_gen/pm_dllp[40] is undriven.
Info:  Net impl:/WORK/dllp_gen/pm_dllp[39] is undriven.
Info:  Net impl:/WORK/dllp_gen/pm_dllp[38] is undriven.
Info:  Net impl:/WORK/dllp_gen/pm_dllp[37] is undriven.
Info:  Net impl:/WORK/dllp_gen/pm_dllp[36] is undriven.
Info:  Net impl:/WORK/dllp_gen/pm_dllp[35] is undriven.
Info:  Net impl:/WORK/dllp_gen/pm_dllp[34] is undriven.
Info:  Net impl:/WORK/dllp_gen/pm_dllp[33] is undriven.
Info:  Net impl:/WORK/dllp_gen/pm_dllp[32] is undriven.
Info:  Net impl:/WORK/dllp_gen/pm_dllp[31] is undriven.
Info:  Net impl:/WORK/dllp_gen/pm_dllp[30] is undriven.
Info:  Net impl:/WORK/dllp_gen/pm_dllp[29] is undriven.
Info:  Net impl:/WORK/dllp_gen/pm_dllp[28] is undriven.
Info:  Net impl:/WORK/dllp_gen/pm_dllp[27] is undriven.
Info:  Net impl:/WORK/dllp_gen/pm_dllp[26] is undriven.
Info:  Net impl:/WORK/dllp_gen/pm_dllp[25] is undriven.
Info:  Net impl:/WORK/dllp_gen/pm_dllp[24] is undriven.
Info:  Net impl:/WORK/dllp_gen/pm_dllp[23] is undriven.
Info:  Net impl:/WORK/dllp_gen/pm_dllp[22] is undriven.
Info:  Net impl:/WORK/dllp_gen/pm_dllp[21] is undriven.
Info:  Net impl:/WORK/dllp_gen/pm_dllp[20] is undriven.
Info:  Net impl:/WORK/dllp_gen/pm_dllp[19] is undriven.
Info:  Net impl:/WORK/dllp_gen/pm_dllp[18] is undriven.
Info:  Net impl:/WORK/dllp_gen/pm_dllp[17] is undriven.
Info:  Net impl:/WORK/dllp_gen/pm_dllp[16] is undriven.
Info:  Net impl:/WORK/dllp_gen/pm_dllp[15] is undriven.
Info:  Net impl:/WORK/dllp_gen/pm_dllp[14] is undriven.
Info:  Net impl:/WORK/dllp_gen/pm_dllp[13] is undriven.
Info:  Net impl:/WORK/dllp_gen/pm_dllp[12] is undriven.
Info:  Net impl:/WORK/dllp_gen/pm_dllp[11] is undriven.
Info:  Net impl:/WORK/dllp_gen/pm_dllp[10] is undriven.
Info:  Net impl:/WORK/dllp_gen/pm_dllp[9] is undriven.
Info:  Net impl:/WORK/dllp_gen/pm_dllp[8] is undriven.
Info:  Net impl:/WORK/dllp_gen/pm_dllp[7] is undriven.
Info:  Net impl:/WORK/dllp_gen/pm_dllp[6] is undriven.
Info:  Net impl:/WORK/dllp_gen/pm_dllp[5] is undriven.
Info:  Net impl:/WORK/dllp_gen/pm_dllp[4] is undriven.
Info:  Net impl:/WORK/dllp_gen/pm_dllp[3] is undriven.
Info:  Net impl:/WORK/dllp_gen/pm_dllp[2] is undriven.
Info:  Net impl:/WORK/dllp_gen/pm_dllp[1] is undriven.
Info:  Net impl:/WORK/dllp_gen/pm_dllp[0] is undriven.
Info:  Net impl:/WORK/dllp_gen/nop_dllp[63] is undriven.
Info:  Net impl:/WORK/dllp_gen/nop_dllp[62] is undriven.
Info:  Net impl:/WORK/dllp_gen/nop_dllp[61] is undriven.
Info:  Net impl:/WORK/dllp_gen/nop_dllp[60] is undriven.
Info:  Net impl:/WORK/dllp_gen/nop_dllp[59] is undriven.
Info:  Net impl:/WORK/dllp_gen/nop_dllp[58] is undriven.
Info:  Net impl:/WORK/dllp_gen/nop_dllp[57] is undriven.
Info:  Net impl:/WORK/dllp_gen/nop_dllp[56] is undriven.
Info:  Net impl:/WORK/dllp_gen/nop_dllp[55] is undriven.
Info:  Net impl:/WORK/dllp_gen/nop_dllp[54] is undriven.
Info:  Net impl:/WORK/dllp_gen/nop_dllp[53] is undriven.
Info:  Net impl:/WORK/dllp_gen/nop_dllp[52] is undriven.
Info:  Net impl:/WORK/dllp_gen/nop_dllp[51] is undriven.
Info:  Net impl:/WORK/dllp_gen/nop_dllp[50] is undriven.
Info:  Net impl:/WORK/dllp_gen/nop_dllp[49] is undriven.
Info:  Net impl:/WORK/dllp_gen/nop_dllp[48] is undriven.
Info:  Net impl:/WORK/dllp_gen/nop_dllp[47] is undriven.
Info:  Net impl:/WORK/dllp_gen/nop_dllp[46] is undriven.
Info:  Net impl:/WORK/dllp_gen/nop_dllp[45] is undriven.
Info:  Net impl:/WORK/dllp_gen/nop_dllp[44] is undriven.
Info:  Net impl:/WORK/dllp_gen/nop_dllp[43] is undriven.
Info:  Net impl:/WORK/dllp_gen/nop_dllp[42] is undriven.
Info:  Net impl:/WORK/dllp_gen/nop_dllp[41] is undriven.
Info:  Net impl:/WORK/dllp_gen/nop_dllp[40] is undriven.
Info:  Net impl:/WORK/dllp_gen/nop_dllp[39] is undriven.
Info:  Net impl:/WORK/dllp_gen/nop_dllp[38] is undriven.
Info:  Net impl:/WORK/dllp_gen/nop_dllp[37] is undriven.
Info:  Net impl:/WORK/dllp_gen/nop_dllp[36] is undriven.
Info:  Net impl:/WORK/dllp_gen/nop_dllp[35] is undriven.
Info:  Net impl:/WORK/dllp_gen/nop_dllp[34] is undriven.
Info:  Net impl:/WORK/dllp_gen/nop_dllp[33] is undriven.
Info:  Net impl:/WORK/dllp_gen/nop_dllp[32] is undriven.
Info:  Net impl:/WORK/dllp_gen/nop_dllp[31] is undriven.
Info:  Net impl:/WORK/dllp_gen/nop_dllp[30] is undriven.
Info:  Net impl:/WORK/dllp_gen/nop_dllp[29] is undriven.
Info:  Net impl:/WORK/dllp_gen/nop_dllp[28] is undriven.
Info:  Net impl:/WORK/dllp_gen/nop_dllp[27] is undriven.
Info:  Net impl:/WORK/dllp_gen/nop_dllp[26] is undriven.
Info:  Net impl:/WORK/dllp_gen/nop_dllp[25] is undriven.
Info:  Net impl:/WORK/dllp_gen/nop_dllp[24] is undriven.
Info:  Net impl:/WORK/dllp_gen/nop_dllp[23] is undriven.
Info:  Net impl:/WORK/dllp_gen/nop_dllp[22] is undriven.
Info:  Net impl:/WORK/dllp_gen/nop_dllp[21] is undriven.
Info:  Net impl:/WORK/dllp_gen/nop_dllp[20] is undriven.
Info:  Net impl:/WORK/dllp_gen/nop_dllp[19] is undriven.
Info:  Net impl:/WORK/dllp_gen/nop_dllp[18] is undriven.
Info:  Net impl:/WORK/dllp_gen/nop_dllp[17] is undriven.
Info:  Net impl:/WORK/dllp_gen/nop_dllp[16] is undriven.
Info:  Net impl:/WORK/dllp_gen/nop_dllp[15] is undriven.
Info:  Net impl:/WORK/dllp_gen/nop_dllp[14] is undriven.
Info:  Net impl:/WORK/dllp_gen/nop_dllp[13] is undriven.
Info:  Net impl:/WORK/dllp_gen/nop_dllp[12] is undriven.
Info:  Net impl:/WORK/dllp_gen/nop_dllp[11] is undriven.
Info:  Net impl:/WORK/dllp_gen/nop_dllp[10] is undriven.
Info:  Net impl:/WORK/dllp_gen/nop_dllp[9] is undriven.
Info:  Net impl:/WORK/dllp_gen/nop_dllp[8] is undriven.
Info:  Net impl:/WORK/dllp_gen/nop_dllp[7] is undriven.
Info:  Net impl:/WORK/dllp_gen/nop_dllp[6] is undriven.
Info:  Net impl:/WORK/dllp_gen/nop_dllp[5] is undriven.
Info:  Net impl:/WORK/dllp_gen/nop_dllp[4] is undriven.
Info:  Net impl:/WORK/dllp_gen/nop_dllp[3] is undriven.
Info:  Net impl:/WORK/dllp_gen/nop_dllp[2] is undriven.
Info:  Net impl:/WORK/dllp_gen/nop_dllp[1] is undriven.
Info:  Net impl:/WORK/dllp_gen/nop_dllp[0] is undriven.
Info:  Net impl:/WORK/dllp_arb/dllp_out[63] is undriven.
Info:  Net impl:/WORK/dllp_arb/dllp_out[62] is undriven.
Info:  Net impl:/WORK/dllp_arb/dllp_out[59] is undriven.
Info:  Net impl:/WORK/dllp_arb/dllp_out[57] is undriven.
Info:  Net impl:/WORK/dllp_arb/dllp_out[55] is undriven.
Info:  Net impl:/WORK/dllp_arb/dllp_out[54] is undriven.
Info:  Net impl:/WORK/dllp_arb/dllp_out[53] is undriven.
Info:  Net impl:/WORK/dllp_arb/dllp_out[52] is undriven.
Info:  Net impl:/WORK/dllp_arb/dllp_out[51] is undriven.
Info:  Net impl:/WORK/dllp_arb/dllp_out[50] is undriven.
Info:  Net impl:/WORK/dllp_arb/dllp_out[49] is undriven.
Info:  Net impl:/WORK/dllp_arb/dllp_out[48] is undriven.
Info:  Net impl:/WORK/dllp_arb/dllp_out[47] is undriven.
Info:  Net impl:/WORK/dllp_arb/dllp_out[46] is undriven.
Info:  Net impl:/WORK/dllp_arb/dllp_out[45] is undriven.
Info:  Net impl:/WORK/dllp_arb/dllp_out[44] is undriven.
Info:  Net impl:/WORK/dllp_arb/dllp_out[31] is undriven.
Info:  Net impl:/WORK/dllp_arb/dllp_out[30] is undriven.
Info:  Net impl:/WORK/dllp_arb/dllp_out[29] is undriven.
Info:  Net impl:/WORK/dllp_arb/dllp_out[28] is undriven.
Info:  Net impl:/WORK/dllp_arb/dllp_out[27] is undriven.
Info:  Net impl:/WORK/dllp_arb/dllp_out[26] is undriven.
Info:  Net impl:/WORK/dllp_arb/dllp_out[25] is undriven.
Info:  Net impl:/WORK/dllp_arb/dllp_out[24] is undriven.
Info:  Net impl:/WORK/dllp_arb/dllp_out[23] is undriven.
Info:  Net impl:/WORK/dllp_arb/dllp_out[22] is undriven.
Info:  Net impl:/WORK/dllp_arb/dllp_out[21] is undriven.
Info:  Net impl:/WORK/dllp_arb/dllp_out[20] is undriven.
Info:  Net impl:/WORK/dllp_arb/dllp_out[19] is undriven.
Info:  Net impl:/WORK/dllp_arb/dllp_out[18] is undriven.
Info:  Net impl:/WORK/dllp_arb/dllp_out[17] is undriven.
Info:  Net impl:/WORK/dllp_arb/dllp_out[16] is undriven.
Info:  Net impl:/WORK/dllp_arb/dllp_out[15] is undriven.
Info:  Net impl:/WORK/dllp_arb/dllp_out[14] is undriven.
Info:  Net impl:/WORK/dllp_arb/dllp_out[13] is undriven.
Info:  Net impl:/WORK/dllp_arb/dllp_out[12] is undriven.
Info:  Net impl:/WORK/dllp_arb/dllp_out[11] is undriven.
Info:  Net impl:/WORK/dllp_arb/dllp_out[10] is undriven.
Info:  Net impl:/WORK/dllp_arb/dllp_out[9] is undriven.
Info:  Net impl:/WORK/dllp_arb/dllp_out[8] is undriven.
Info:  Net impl:/WORK/dllp_arb/dllp_type[3] is undriven.
Info:  Net impl:/WORK/dllp_arb/dllp_type[2] is undriven.
Info:  Net impl:/WORK/dllp_arb/dllp_type[1] is undriven.
Info:  Net impl:/WORK/dllp_arb/dllp_type[0] is undriven.
Info:  Net impl:/WORK/fc_init_fsm/initfc_tx[71] is undriven.
Info:  Net impl:/WORK/fc_init_fsm/initfc_tx[70] is undriven.
Info:  Net impl:/WORK/fc_init_fsm/initfc_tx[69] is undriven.
Info:  Net impl:/WORK/fc_init_fsm/initfc_tx[68] is undriven.
Info:  Net impl:/WORK/fc_init_fsm/initfc_tx[67] is undriven.
Info:  Net impl:/WORK/fc_init_fsm/initfc_tx[66] is undriven.
Info:  Net impl:/WORK/fc_init_fsm/initfc_tx[65] is undriven.
Info:  Net impl:/WORK/fc_init_fsm/initfc_tx[64] is undriven.
Info:  Net impl:/WORK/fc_init_fsm/initfc_tx[63] is undriven.
Info:  Net impl:/WORK/fc_init_fsm/initfc_tx[62] is undriven.
Info:  Net impl:/WORK/fc_init_fsm/initfc_tx[61] is undriven.
Info:  Net impl:/WORK/fc_init_fsm/initfc_tx[60] is undriven.
Info:  Net impl:/WORK/fc_init_fsm/initfc_tx[59] is undriven.
Info:  Net impl:/WORK/fc_init_fsm/initfc_tx[58] is undriven.
Info:  Net impl:/WORK/fc_init_fsm/initfc_tx[57] is undriven.
Info:  Net impl:/WORK/fc_init_fsm/initfc_tx[56] is undriven.
Info:  Net impl:/WORK/fc_init_fsm/initfc_tx[55] is undriven.
Info:  Net impl:/WORK/fc_init_fsm/initfc_tx[54] is undriven.
Info:  Net impl:/WORK/fc_init_fsm/initfc_tx[53] is undriven.
Info:  Net impl:/WORK/fc_init_fsm/initfc_tx[52] is undriven.
Info:  Net impl:/WORK/fc_init_fsm/initfc_tx[51] is undriven.
Info:  Net impl:/WORK/fc_init_fsm/initfc_tx[50] is undriven.
Info:  Net impl:/WORK/fc_init_fsm/initfc_tx[49] is undriven.
Info:  Net impl:/WORK/fc_init_fsm/initfc_tx[48] is undriven.
Info:  Net impl:/WORK/fc_init_fsm/initfc_tx[47] is undriven.
Info:  Net impl:/WORK/fc_init_fsm/initfc_tx[46] is undriven.
Info:  Net impl:/WORK/fc_init_fsm/initfc_tx[45] is undriven.
Info:  Net impl:/WORK/fc_init_fsm/initfc_tx[44] is undriven.
Info:  Net impl:/WORK/fc_init_fsm/initfc_tx[43] is undriven.
Info:  Net impl:/WORK/fc_init_fsm/initfc_tx[42] is undriven.
Info:  Net impl:/WORK/fc_init_fsm/initfc_tx[41] is undriven.
Info:  Net impl:/WORK/fc_init_fsm/initfc_tx[40] is undriven.
Info:  Net impl:/WORK/fc_init_fsm/initfc_tx[39] is undriven.
Info:  Net impl:/WORK/fc_init_fsm/initfc_tx[38] is undriven.
Info:  Net impl:/WORK/fc_init_fsm/initfc_tx[37] is undriven.
Info:  Net impl:/WORK/fc_init_fsm/initfc_tx[36] is undriven.
Info:  Net impl:/WORK/fc_init_fsm/initfc_tx[35] is undriven.
Info:  Net impl:/WORK/fc_init_fsm/initfc_tx[34] is undriven.
Info:  Net impl:/WORK/fc_init_fsm/initfc_tx[33] is undriven.
Info:  Net impl:/WORK/fc_init_fsm/initfc_tx[32] is undriven.
Info:  Net impl:/WORK/fc_init_fsm/initfc_tx[31] is undriven.
Info:  Net impl:/WORK/fc_init_fsm/initfc_tx[30] is undriven.
Info:  Net impl:/WORK/fc_init_fsm/initfc_tx[29] is undriven.
Info:  Net impl:/WORK/fc_init_fsm/initfc_tx[28] is undriven.
Info:  Net impl:/WORK/fc_init_fsm/initfc_tx[27] is undriven.
Info:  Net impl:/WORK/fc_init_fsm/initfc_tx[26] is undriven.
Info:  Net impl:/WORK/fc_init_fsm/initfc_tx[25] is undriven.
Info:  Net impl:/WORK/fc_init_fsm/initfc_tx[24] is undriven.
Info:  Net impl:/WORK/fc_init_fsm/initfc_tx[23] is undriven.
Info:  Net impl:/WORK/fc_init_fsm/initfc_tx[22] is undriven.
Info:  Net impl:/WORK/fc_init_fsm/initfc_tx[21] is undriven.
Info:  Net impl:/WORK/fc_init_fsm/initfc_tx[20] is undriven.
Info:  Net impl:/WORK/fc_init_fsm/initfc_tx[19] is undriven.
Info:  Net impl:/WORK/fc_init_fsm/initfc_tx[18] is undriven.
Info:  Net impl:/WORK/fc_init_fsm/initfc_tx[17] is undriven.
Info:  Net impl:/WORK/fc_init_fsm/initfc_tx[16] is undriven.
Info:  Net impl:/WORK/fc_init_fsm/initfc_tx[15] is undriven.
Info:  Net impl:/WORK/fc_init_fsm/initfc_tx[14] is undriven.
Info:  Net impl:/WORK/fc_init_fsm/initfc_tx[13] is undriven.
Info:  Net impl:/WORK/fc_init_fsm/initfc_tx[12] is undriven.
Info:  Net impl:/WORK/fc_init_fsm/initfc_tx[11] is undriven.
Info:  Net impl:/WORK/fc_init_fsm/initfc_tx[10] is undriven.
Info:  Net impl:/WORK/fc_init_fsm/initfc_tx[9] is undriven.
Info:  Net impl:/WORK/fc_init_fsm/initfc_tx[8] is undriven.
Info:  Net impl:/WORK/fc_init_fsm/initfc_tx[7] is undriven.
Info:  Net impl:/WORK/fc_init_fsm/initfc_tx[6] is undriven.
Info:  Net impl:/WORK/fc_init_fsm/initfc_tx[5] is undriven.
Info:  Net impl:/WORK/fc_init_fsm/initfc_tx[4] is undriven.
Info:  Net impl:/WORK/fc_init_fsm/initfc_tx[3] is undriven.
Info:  Net impl:/WORK/fc_init_fsm/initfc_tx[2] is undriven.
Info:  Net impl:/WORK/fc_init_fsm/initfc_tx[1] is undriven.
Info:  Net impl:/WORK/fc_init_fsm/initfc_tx[0] is undriven.
Info:  Net impl:/WORK/fc_init_fsm/initfc_tx_send is undriven.
Info:  Net impl:/WORK/fc_init_fsm/fc_init_err is undriven.
Info:  Net impl:/WORK/fc_init_fsm/fc_init_state[2] is undriven.
Info:  Net impl:/WORK/fc_init_fsm/fc_init_state[1] is undriven.
Info:  Net impl:/WORK/fc_init_fsm/fc_init_state[0] is undriven.
Info:  Net impl:/WORK/fc_wdg/fc_watchdog_err is undriven.
Info:  Net impl:/WORK/fc_wdg/fc_recovery_req is undriven.
Info:  Net impl:/WORK/ack_pgb/ack_piggyback_seq[11] is undriven.
Info:  Net impl:/WORK/ack_pgb/ack_piggyback_seq[10] is undriven.
Info:  Net impl:/WORK/ack_pgb/ack_piggyback_seq[9] is undriven.
Info:  Net impl:/WORK/ack_pgb/ack_piggyback_seq[8] is undriven.
Info:  Net impl:/WORK/ack_pgb/ack_piggyback_seq[7] is undriven.
Info:  Net impl:/WORK/ack_pgb/ack_piggyback_seq[6] is undriven.
Info:  Net impl:/WORK/ack_pgb/ack_piggyback_seq[5] is undriven.
Info:  Net impl:/WORK/ack_pgb/ack_piggyback_seq[4] is undriven.
Info:  Net impl:/WORK/ack_pgb/ack_piggyback_seq[3] is undriven.
Info:  Net impl:/WORK/ack_pgb/ack_piggyback_seq[2] is undriven.
Info:  Net impl:/WORK/ack_pgb/ack_piggyback_seq[1] is undriven.
Info:  Net impl:/WORK/ack_pgb/ack_piggyback_seq[0] is undriven.
Info:  Net impl:/WORK/ack_pgb/ack_piggyback_valid is undriven.
Info:  Net impl:/WORK/replay_fsm/retry_seq_start[11] is undriven.
Info:  Net impl:/WORK/replay_fsm/retry_seq_start[10] is undriven.
Info:  Net impl:/WORK/replay_fsm/retry_seq_start[9] is undriven.
Info:  Net impl:/WORK/replay_fsm/retry_seq_start[8] is undriven.
Info:  Net impl:/WORK/replay_fsm/retry_seq_start[7] is undriven.
Info:  Net impl:/WORK/replay_fsm/retry_seq_start[6] is undriven.
Info:  Net impl:/WORK/replay_fsm/retry_seq_start[5] is undriven.
Info:  Net impl:/WORK/replay_fsm/retry_seq_start[4] is undriven.
Info:  Net impl:/WORK/replay_fsm/retry_seq_start[3] is undriven.
Info:  Net impl:/WORK/replay_fsm/retry_seq_start[2] is undriven.
Info:  Net impl:/WORK/replay_fsm/retry_seq_start[1] is undriven.
Info:  Net impl:/WORK/replay_fsm/retry_seq_start[0] is undriven.
Info:  Net impl:/WORK/nop_gen/nop_dllp[63] is undriven.
Info:  Net impl:/WORK/nop_gen/nop_dllp[62] is undriven.
Info:  Net impl:/WORK/nop_gen/nop_dllp[61] is undriven.
Info:  Net impl:/WORK/nop_gen/nop_dllp[60] is undriven.
Info:  Net impl:/WORK/nop_gen/nop_dllp[59] is undriven.
Info:  Net impl:/WORK/nop_gen/nop_dllp[58] is undriven.
Info:  Net impl:/WORK/nop_gen/nop_dllp[57] is undriven.
Info:  Net impl:/WORK/nop_gen/nop_dllp[56] is undriven.
Info:  Net impl:/WORK/nop_gen/nop_dllp[55] is undriven.
Info:  Net impl:/WORK/nop_gen/nop_dllp[54] is undriven.
Info:  Net impl:/WORK/nop_gen/nop_dllp[53] is undriven.
Info:  Net impl:/WORK/nop_gen/nop_dllp[52] is undriven.
Info:  Net impl:/WORK/nop_gen/nop_dllp[51] is undriven.
Info:  Net impl:/WORK/nop_gen/nop_dllp[50] is undriven.
Info:  Net impl:/WORK/nop_gen/nop_dllp[49] is undriven.
Info:  Net impl:/WORK/nop_gen/nop_dllp[48] is undriven.
Info:  Net impl:/WORK/nop_gen/nop_dllp[47] is undriven.
Info:  Net impl:/WORK/nop_gen/nop_dllp[46] is undriven.
Info:  Net impl:/WORK/nop_gen/nop_dllp[45] is undriven.
Info:  Net impl:/WORK/nop_gen/nop_dllp[44] is undriven.
Info:  Net impl:/WORK/nop_gen/nop_dllp[43] is undriven.
Info:  Net impl:/WORK/nop_gen/nop_dllp[42] is undriven.
Info:  Net impl:/WORK/nop_gen/nop_dllp[41] is undriven.
Info:  Net impl:/WORK/nop_gen/nop_dllp[40] is undriven.
Info:  Net impl:/WORK/nop_gen/nop_dllp[39] is undriven.
Info:  Net impl:/WORK/nop_gen/nop_dllp[38] is undriven.
Info:  Net impl:/WORK/nop_gen/nop_dllp[37] is undriven.
Info:  Net impl:/WORK/nop_gen/nop_dllp[36] is undriven.
Info:  Net impl:/WORK/nop_gen/nop_dllp[35] is undriven.
Info:  Net impl:/WORK/nop_gen/nop_dllp[34] is undriven.
Info:  Net impl:/WORK/nop_gen/nop_dllp[33] is undriven.
Info:  Net impl:/WORK/nop_gen/nop_dllp[32] is undriven.
Info:  Net impl:/WORK/nop_gen/nop_dllp[31] is undriven.
Info:  Net impl:/WORK/nop_gen/nop_dllp[30] is undriven.
Info:  Net impl:/WORK/nop_gen/nop_dllp[29] is undriven.
Info:  Net impl:/WORK/nop_gen/nop_dllp[28] is undriven.
Info:  Net impl:/WORK/nop_gen/nop_dllp[27] is undriven.
Info:  Net impl:/WORK/nop_gen/nop_dllp[26] is undriven.
Info:  Net impl:/WORK/nop_gen/nop_dllp[25] is undriven.
Info:  Net impl:/WORK/nop_gen/nop_dllp[24] is undriven.
Info:  Net impl:/WORK/nop_gen/nop_dllp[23] is undriven.
Info:  Net impl:/WORK/nop_gen/nop_dllp[22] is undriven.
Info:  Net impl:/WORK/nop_gen/nop_dllp[21] is undriven.
Info:  Net impl:/WORK/nop_gen/nop_dllp[20] is undriven.
Info:  Net impl:/WORK/nop_gen/nop_dllp[19] is undriven.
Info:  Net impl:/WORK/nop_gen/nop_dllp[18] is undriven.
Info:  Net impl:/WORK/nop_gen/nop_dllp[17] is undriven.
Info:  Net impl:/WORK/nop_gen/nop_dllp[16] is undriven.
Info:  Net impl:/WORK/nop_gen/nop_dllp[15] is undriven.
Info:  Net impl:/WORK/nop_gen/nop_dllp[14] is undriven.
Info:  Net impl:/WORK/nop_gen/nop_dllp[13] is undriven.
Info:  Net impl:/WORK/nop_gen/nop_dllp[12] is undriven.
Info:  Net impl:/WORK/nop_gen/nop_dllp[11] is undriven.
Info:  Net impl:/WORK/nop_gen/nop_dllp[10] is undriven.
Info:  Net impl:/WORK/nop_gen/nop_dllp[9] is undriven.
Info:  Net impl:/WORK/nop_gen/nop_dllp[8] is undriven.
Info:  Net impl:/WORK/nop_gen/nop_dllp[7] is undriven.
Info:  Net impl:/WORK/nop_gen/nop_dllp[6] is undriven.
Info:  Net impl:/WORK/nop_gen/nop_dllp[5] is undriven.
Info:  Net impl:/WORK/nop_gen/nop_dllp[4] is undriven.
Info:  Net impl:/WORK/nop_gen/nop_dllp[3] is undriven.
Info:  Net impl:/WORK/nop_gen/nop_dllp[2] is undriven.
Info:  Net impl:/WORK/nop_gen/nop_dllp[1] is undriven.
Info:  Net impl:/WORK/nop_gen/nop_dllp[0] is undriven.
Info:  Net impl:/WORK/nop_gen/nop_count[7] is undriven.
Info:  Net impl:/WORK/nop_gen/nop_count[6] is undriven.
Info:  Net impl:/WORK/nop_gen/nop_count[5] is undriven.
Info:  Net impl:/WORK/nop_gen/nop_count[4] is undriven.
Info:  Net impl:/WORK/nop_gen/nop_count[3] is undriven.
Info:  Net impl:/WORK/nop_gen/nop_count[2] is undriven.
Info:  Net impl:/WORK/nop_gen/nop_count[1] is undriven.
Info:  Net impl:/WORK/nop_gen/nop_count[0] is undriven.
Info:  Net impl:/WORK/pm_fsm/pm_dllp_type[1] is undriven.
Info:  Net impl:/WORK/pm_fsm/ltssm_pm_req[2] is undriven.
Info:  Net impl:/WORK/pm_fsm/ltssm_pm_req[1] is undriven.
Info:  Net impl:/WORK/pm_fsm/ltssm_pm_req[0] is undriven.
Info:  Net impl:/WORK/pm_tmr/pm_timeout_err is undriven.
Info:  Net impl:/WORK/dll_err/dll_err_type_3_ is undriven.
