 
****************************************
Report : area
Design : pcie_gen6_system_top
Version: K-2015.06
Date   : Mon Jun  8 21:55:10 2026
****************************************

Library(s) Used:

    scmetro_tsmc_cl013g_rvt_ss_1p08v_125c (File: /home/IC/PCIE_GEN_6/std_cells/scmetro_tsmc_cl013g_rvt_ss_1p08v_125c.db)

Number of ports:                       247080
Number of nets:                       1302672
Number of cells:                      1126259
Number of combinational cells:         892081
Number of sequential cells:            231929
Number of macros/black boxes:               0
Number of buf/inv:                     143550
Number of references:                      14

Combinational area:           10108702.632929
Buf/Inv area:                   583074.863209
Noncombinational area:         6177056.061131
Macro/Black Box area:                0.000000
Net Interconnect area:       425191060.513794

Total cell area:              16285758.694060
Total area:                  441476819.207854

Hierarchical area distribution
------------------------------

                                  Global cell area                  Local cell area
                                  ----------------------  ----------------------------------- 
Hierarchical cell                 Absolute       Percent  Combi-         Noncombi-     Black-
                                  Total          Total    national       national      boxes   Design
--------------------------------  -------------  -------  -------------  ------------  ------  -----------------------------------------------------------------------------------
pcie_gen6_system_top              16285758.6941    100.0       101.1962       25.8874  0.0000  pcie_gen6_system_top
u_dll_top                          1915875.8717     11.8       738.9676        0.0000  0.0000  dll_top
u_dll_top/u_ack_pgb                   1587.3683      0.0       543.6354      776.6220  0.0000  ack_pgb
u_dll_top/u_ack_pgb/add_23             267.1109      0.0       267.1109        0.0000  0.0000  ack_pgb_DW01_add_0
u_dll_top/u_ack_rx                    1845.0656      0.0       467.1499     1009.6086  0.0000  ack_nak_receiver
u_dll_top/u_ack_rx/add_63              194.1555      0.0       194.1555        0.0000  0.0000  ack_nak_receiver_DW01_add_0
u_dll_top/u_ack_rx/sub_36              174.1516      0.0       174.1516        0.0000  0.0000  ack_nak_receiver_DW01_sub_0
u_dll_top/u_ack_sched                11136.2887      0.1      3810.1546     7326.1341  0.0000  ack_nak_scheduler_tx
u_dll_top/u_ack_tmr                   2227.4931      0.0       735.4375      957.8338  0.0000  ack_tmr
u_dll_top/u_ack_tmr/add_39             267.1109      0.0       267.1109        0.0000  0.0000  ack_tmr_DW01_add_0
u_dll_top/u_ack_tmr/add_45             267.1109      0.0       267.1109        0.0000  0.0000  ack_tmr_DW01_add_1
u_dll_top/u_crc_chk                 176167.2858      1.1    148791.3606    26897.0083  0.0000  lcrc_flit_crc_chk
u_dll_top/u_crc_chk/eq_89              478.9169      0.0       478.9169        0.0000  0.0000  lcrc_flit_crc_chk_DW01_cmp6_0
u_dll_top/u_crc_gen                 570392.3801      3.5    568916.7983     1475.5818  0.0000  crc_gen
u_dll_top/u_descrambler              26246.2935      0.2     18944.8701     7301.4234  0.0000  descrambler
u_dll_top/u_dll_err                    413.0217      0.0        76.4855      336.5362  0.0000  dll_err
u_dll_top/u_dll_init                  1163.7563      0.0       327.1226      569.5228  0.0000  dll_init
u_dll_top/u_dll_init/add_69            267.1109      0.0       267.1109        0.0000  0.0000  dll_init_DW01_add_0
u_dll_top/u_dllp_arb                  2889.9752      0.0      1086.0941     1803.8811  0.0000  dllp_arb
u_dll_top/u_dllp_crc_chk              3388.8960      0.0      2068.6386     1320.2574  0.0000  dllp_crc_chk
u_dll_top/u_dllp_crcg                 4285.5414      0.0      2188.6620     2096.8794  0.0000  dllp_crc_gen
u_dll_top/u_dllp_gen                  2931.1597      0.0      1015.4921     1915.6676  0.0000  dllp_gen
u_dll_top/u_dllp_mal                   517.7480      0.0       517.7480        0.0000  0.0000  dllp_mal_chk
u_dll_top/u_dllp_rx_dec               2383.9942      0.0       778.9754     1605.0188  0.0000  dllp_receiver_decoder
u_dll_top/u_fc_init                   4584.4231      0.0      1035.4960     3548.9271  0.0000  fc_init_fsm
u_dll_top/u_fc_tmr                    1074.3271      0.0       341.2430      465.9732  0.0000  fc_tmr
u_dll_top/u_fc_tmr/add_30              267.1109      0.0       267.1109        0.0000  0.0000  fc_tmr_DW01_add_0
u_dll_top/u_fc_wdg                    1111.9815      0.0       353.0100      491.8606  0.0000  fc_wdg
u_dll_top/u_fc_wdg/add_33              267.1109      0.0       267.1109        0.0000  0.0000  fc_wdg_DW01_add_0
u_dll_top/u_flit_rx                 315235.5753      1.9    286102.8371    28605.5766  0.0000  flit_rx_deframer
u_dll_top/u_flit_rx/eq_52              527.1616      0.0       527.1616        0.0000  0.0000  flit_rx_deframer_DW01_cmp6_2
u_dll_top/u_flit_seq                  2272.2077      0.0       749.5579     1009.6086  0.0000  flit_seq
u_dll_top/u_flit_seq/add_75            194.1555      0.0       194.1555        0.0000  0.0000  flit_seq_DW01_add_0
u_dll_top/u_flit_seq/sub_45            170.6215      0.0       170.6215        0.0000  0.0000  flit_seq_DW01_sub_0
u_dll_top/u_flit_seq/sub_82            148.2642      0.0       148.2642        0.0000  0.0000  flit_seq_DW01_dec_0
u_dll_top/u_lbw_fsm                    927.2396      0.0       280.0546      647.1850  0.0000  lbw_fsm
u_dll_top/u_nop_gen                    528.3383      0.0       243.5769      284.7614  0.0000  nop_gen
u_dll_top/u_null_hdl                   487.1538      0.0       254.1672      232.9866  0.0000  nullified_tlp_handler
u_dll_top/u_null_ins                148833.7189      0.9    105147.5563    43686.1626  0.0000  flit_null_slot_inserter
u_dll_top/u_phy_rx                  153409.9082      0.9     47219.7947   106190.1135  0.0000  phy_interface_rx
u_dll_top/u_phy_tx                   14460.4660      0.1      3352.4184    11108.0476  0.0000  pcie6_phy_tx
u_dll_top/u_pm_fsm                     438.9091      0.0       231.8099      207.0992  0.0000  pm_fsm
u_dll_top/u_pm_tmr                    2295.7417      0.0       878.9949      957.8338  0.0000  pm_tmr
u_dll_top/u_pm_tmr/r87                 229.4565      0.0       229.4565        0.0000  0.0000  pm_tmr_DW01_inc_1
u_dll_top/u_pm_tmr/r88                 229.4565      0.0       229.4565        0.0000  0.0000  pm_tmr_DW01_inc_0
u_dll_top/u_replay_fsm                 780.1521      0.0       288.2915      491.8606  0.0000  replay_fsm
u_dll_top/u_retry_buf               118099.4984      0.7     18625.9848    98646.2936  0.0000  retry_buf
u_dll_top/u_retry_buf/sub_116_2_C128
                                       402.4314      0.0       402.4314        0.0000  0.0000  retry_buf_DW01_sub_0
u_dll_top/u_retry_buf/sub_116_C128
                                       424.7887      0.0       424.7887        0.0000  0.0000  retry_buf_DW01_sub_1
u_dll_top/u_rx_demux                 47029.1694      0.3     15100.5912    31928.5782  0.0000  rx_datapath_demux
u_dll_top/u_scrambler                23896.4234      0.1     16052.5413     7843.8821  0.0000  scrambler
u_dll_top/u_seq_chk                  38860.5171      0.2     11233.9549    27285.3193  0.0000  seq_num_checker_rx
u_dll_top/u_seq_chk/add_82             192.9788      0.0       192.9788        0.0000  0.0000  seq_num_checker_rx_DW01_add_0
u_dll_top/u_seq_chk/sub_40             148.2642      0.0       148.2642        0.0000  0.0000  seq_num_checker_rx_DW01_dec_0
u_dll_top/u_seq_gen                   2351.0466      0.0       969.6008     1036.6727  0.0000  seq_num_gen
u_dll_top/u_seq_gen/r44                194.1555      0.0       194.1555        0.0000  0.0000  seq_num_gen_DW01_add_0
u_dll_top/u_seq_gen/sub_74             150.6176      0.0       150.6176        0.0000  0.0000  seq_num_gen_DW01_sub_0
u_dll_top/u_tl_if                   178005.2942      1.1       109.4331   177895.8611  0.0000  tl_interface
u_dll_top/u_tx_mux                   52878.5450      0.3     23159.8099    29718.7351  0.0000  dll_tx_datapath_mux
u_phy_top                          6773741.8001     41.6    110995.7601   209153.7172  0.0000  pcie_gen6_phy_top
u_phy_top/sub_473_S2                   200.0390      0.0       200.0390        0.0000  0.0000  pcie_gen6_phy_top_DW01_sub_7
u_phy_top/sub_482_S2                   200.0390      0.0       200.0390        0.0000  0.0000  pcie_gen6_phy_top_DW01_sub_2
u_phy_top/sub_491_S2                   200.0390      0.0       200.0390        0.0000  0.0000  pcie_gen6_phy_top_DW01_sub_0
u_phy_top/sub_500_S2                   200.0390      0.0       200.0390        0.0000  0.0000  pcie_gen6_phy_top_DW01_sub_5
u_phy_top/sub_509_S2                   200.0390      0.0       200.0390        0.0000  0.0000  pcie_gen6_phy_top_DW01_sub_1
u_phy_top/sub_519_S2                   200.0390      0.0       200.0390        0.0000  0.0000  pcie_gen6_phy_top_DW01_sub_8
u_phy_top/sub_528_S2                   200.0390      0.0       200.0390        0.0000  0.0000  pcie_gen6_phy_top_DW01_sub_4
u_phy_top/sub_537_S2                   200.0390      0.0       200.0390        0.0000  0.0000  pcie_gen6_phy_top_DW01_sub_3
u_phy_top/sub_546_S2                   200.0390      0.0       200.0390        0.0000  0.0000  pcie_gen6_phy_top_DW01_sub_6
u_phy_top/u_beacon_ei                 3837.2187      0.0      1670.9140     1633.2596  0.0000  beacon_ei_logic
u_phy_top/u_beacon_ei/add_189          267.1109      0.0       267.1109        0.0000  0.0000  beacon_ei_logic_DW01_add_0
u_phy_top/u_beacon_ei/r140             265.9342      0.0       265.9342        0.0000  0.0000  beacon_ei_logic_DW01_add_1
u_phy_top/u_blk_align                18143.5371      0.1      2857.0277    15286.5095  0.0000  block_align_sync_hdr_checker
u_phy_top/u_blk_lock                   433.0256      0.0       277.7012      155.3244  0.0000  symbol_block_lock_fsm
u_phy_top/u_cfg_fsm                   1860.3627      0.0      1013.1387      847.2240  0.0000  cfg_fsm
u_phy_top/u_compl_gen                 7836.8219      0.0       284.7614     7552.0605  0.0000  compl_gen
u_phy_top/u_data_rate_adv             1499.1158      0.0       670.7190      828.3968  0.0000  data_rate_adv
u_phy_top/u_dec_128b130b              5177.4799      0.0      1323.7875     3853.6924  0.0000  decoder_128b130b
u_phy_top/u_dec_8b10b                 1419.1002      0.0      1108.4514      310.6488  0.0000  decoder_8b10b
u_phy_top/u_detect_fsm                2332.2194      0.0      1089.6242     1242.5952  0.0000  detect_fsm
u_phy_top/u_eios                      7867.4161      0.0      1612.0790     6255.3371  0.0000  eios
u_phy_top/u_enc_128b130b              5222.1945      0.0      1339.0846     3883.1099  0.0000  encoder_128b130b
u_phy_top/u_enc_8b10b                 1801.5277      0.0      1439.1041      362.4236  0.0000  encoder_8b10b
u_phy_top/u_eq_ctrl                    675.4258      0.0       313.0022      362.4236  0.0000  eq_ctrl
u_phy_top/u_fec_dec                2448563.2346     15.0   2314547.6955   133908.4594  0.0000  fec_rs_decoder
u_phy_top/u_fec_dec/r78586             107.0797      0.0       107.0797        0.0000  0.0000  fec_rs_decoder_DW01_inc_2
u_phy_top/u_fec_enc                1165735.5034      7.2   1097159.7817    68575.7217  0.0000  fec_encoder_rs
u_phy_top/u_fec_syndrome            143120.8490      0.9     49980.3341    93140.5150  0.0000  fec_syndrome_calculator
u_phy_top/u_flit_deframer           383015.8492      2.4    353899.5847    28609.1067  0.0000  flit_deframer_rx
u_phy_top/u_flit_deframer/eq_87        507.1577      0.0       507.1577        0.0000  0.0000  flit_deframer_rx_DW01_cmp6_1
u_phy_top/u_flit_framer             745125.2710      4.6    684295.7646    60624.7606  0.0000  flit_framer_tx
u_phy_top/u_flit_framer/r4146          204.7458      0.0       204.7458        0.0000  0.0000  flit_framer_tx_DW01_inc_1
u_phy_top/u_flit_sync_hdr            68254.4827      0.4     24557.7298    43696.7529  0.0000  flit_sync_hdr_gen_checker
u_phy_top/u_fts                       6391.8344      0.0      2045.1046     4346.7297  0.0000  fts
u_phy_top/u_fund_rst                  1550.8906      0.0       603.6471      680.1326  0.0000  fund_rst
u_phy_top/u_fund_rst/r42               267.1109      0.0       267.1109        0.0000  0.0000  fund_rst_DW01_add_0
u_phy_top/u_hot_rst                    602.4704      0.0       288.2915      314.1789  0.0000  hot_rst
u_phy_top/u_hrst_fsm                  2786.4256      0.0      1226.1214     1334.3778  0.0000  hrst_fsm
u_phy_top/u_hrst_fsm/r97               225.9264      0.0       225.9264        0.0000  0.0000  hrst_fsm_DW01_inc_0
u_phy_top/u_l0_fsm                     622.4743      0.0       368.3071      254.1672  0.0000  l0_fsm
u_phy_top/u_l1_fsm                    1156.6961      0.0       393.0178      569.5228  0.0000  l1_fsm
u_phy_top/u_l1_fsm/add_72              194.1555      0.0       194.1555        0.0000  0.0000  l1_fsm_DW01_add_0
u_phy_top/u_lane_deskew             690959.4409      4.2    123615.8681   564259.4421  0.0000  lane_deskew_DATA_WIDTH16_NUM_LANES16_FIFO_DEPTH64_FIFO_BITS6_MAX_SKEW16
u_phy_top/u_lane_deskew/sub_0_root_sub_185
                                       176.5050      0.0       176.5050        0.0000  0.0000  lane_deskew_DATA_WIDTH16_NUM_LANES16_FIFO_DEPTH64_FIFO_BITS6_MAX_SKEW16_DW01_sub_30
u_phy_top/u_lane_deskew/sub_0_root_sub_185_I10
                                       176.5050      0.0       176.5050        0.0000  0.0000  lane_deskew_DATA_WIDTH16_NUM_LANES16_FIFO_DEPTH64_FIFO_BITS6_MAX_SKEW16_DW01_sub_22
u_phy_top/u_lane_deskew/sub_0_root_sub_185_I11
                                       176.5050      0.0       176.5050        0.0000  0.0000  lane_deskew_DATA_WIDTH16_NUM_LANES16_FIFO_DEPTH64_FIFO_BITS6_MAX_SKEW16_DW01_sub_21
u_phy_top/u_lane_deskew/sub_0_root_sub_185_I12
                                       176.5050      0.0       176.5050        0.0000  0.0000  lane_deskew_DATA_WIDTH16_NUM_LANES16_FIFO_DEPTH64_FIFO_BITS6_MAX_SKEW16_DW01_sub_20
u_phy_top/u_lane_deskew/sub_0_root_sub_185_I13
                                       176.5050      0.0       176.5050        0.0000  0.0000  lane_deskew_DATA_WIDTH16_NUM_LANES16_FIFO_DEPTH64_FIFO_BITS6_MAX_SKEW16_DW01_sub_19
u_phy_top/u_lane_deskew/sub_0_root_sub_185_I14
                                       176.5050      0.0       176.5050        0.0000  0.0000  lane_deskew_DATA_WIDTH16_NUM_LANES16_FIFO_DEPTH64_FIFO_BITS6_MAX_SKEW16_DW01_sub_18
u_phy_top/u_lane_deskew/sub_0_root_sub_185_I15
                                       176.5050      0.0       176.5050        0.0000  0.0000  lane_deskew_DATA_WIDTH16_NUM_LANES16_FIFO_DEPTH64_FIFO_BITS6_MAX_SKEW16_DW01_sub_17
u_phy_top/u_lane_deskew/sub_0_root_sub_185_I16
                                       176.5050      0.0       176.5050        0.0000  0.0000  lane_deskew_DATA_WIDTH16_NUM_LANES16_FIFO_DEPTH64_FIFO_BITS6_MAX_SKEW16_DW01_sub_16
u_phy_top/u_lane_deskew/sub_0_root_sub_185_I2
                                       176.5050      0.0       176.5050        0.0000  0.0000  lane_deskew_DATA_WIDTH16_NUM_LANES16_FIFO_DEPTH64_FIFO_BITS6_MAX_SKEW16_DW01_sub_29
u_phy_top/u_lane_deskew/sub_0_root_sub_185_I3
                                       176.5050      0.0       176.5050        0.0000  0.0000  lane_deskew_DATA_WIDTH16_NUM_LANES16_FIFO_DEPTH64_FIFO_BITS6_MAX_SKEW16_DW01_sub_28
u_phy_top/u_lane_deskew/sub_0_root_sub_185_I4
                                       176.5050      0.0       176.5050        0.0000  0.0000  lane_deskew_DATA_WIDTH16_NUM_LANES16_FIFO_DEPTH64_FIFO_BITS6_MAX_SKEW16_DW01_sub_31
u_phy_top/u_lane_deskew/sub_0_root_sub_185_I5
                                       176.5050      0.0       176.5050        0.0000  0.0000  lane_deskew_DATA_WIDTH16_NUM_LANES16_FIFO_DEPTH64_FIFO_BITS6_MAX_SKEW16_DW01_sub_27
u_phy_top/u_lane_deskew/sub_0_root_sub_185_I6
                                       176.5050      0.0       176.5050        0.0000  0.0000  lane_deskew_DATA_WIDTH16_NUM_LANES16_FIFO_DEPTH64_FIFO_BITS6_MAX_SKEW16_DW01_sub_26
u_phy_top/u_lane_deskew/sub_0_root_sub_185_I7
                                       176.5050      0.0       176.5050        0.0000  0.0000  lane_deskew_DATA_WIDTH16_NUM_LANES16_FIFO_DEPTH64_FIFO_BITS6_MAX_SKEW16_DW01_sub_25
u_phy_top/u_lane_deskew/sub_0_root_sub_185_I8
                                       176.5050      0.0       176.5050        0.0000  0.0000  lane_deskew_DATA_WIDTH16_NUM_LANES16_FIFO_DEPTH64_FIFO_BITS6_MAX_SKEW16_DW01_sub_24
u_phy_top/u_lane_deskew/sub_0_root_sub_185_I9
                                       176.5050      0.0       176.5050        0.0000  0.0000  lane_deskew_DATA_WIDTH16_NUM_LANES16_FIFO_DEPTH64_FIFO_BITS6_MAX_SKEW16_DW01_sub_23
u_phy_top/u_lane_deskew/sub_166        260.0507      0.0       260.0507        0.0000  0.0000  lane_deskew_DATA_WIDTH16_NUM_LANES16_FIFO_DEPTH64_FIFO_BITS6_MAX_SKEW16_DW01_sub_32
u_phy_top/u_lane_pol                  3595.9952      0.0      3181.7969      414.1984  0.0000  lane_pol
u_phy_top/u_lane_rev                   560.1092      0.0       404.7848      155.3244  0.0000  lane_rev
u_phy_top/u_lb_fsm                     465.9732      0.0       207.0992      258.8740  0.0000  lb_fsm
u_phy_top/u_ltssm_top                 4749.1612      0.0      2345.1631     2203.9591  0.0000  ltssm_top
u_phy_top/u_ltssm_top/sub_191          200.0390      0.0       200.0390        0.0000  0.0000  ltssm_top_DW01_sub_0
u_phy_top/u_os_gen                    8282.7912      0.1      1840.3589     6442.4324  0.0000  compliance_eieos_sos_gen
u_phy_top/u_pam4_dec                  7236.7048      0.0      1772.1102     5464.5946  0.0000  pam4_gray_code_decoder
u_phy_top/u_pam4_enc                 12016.4608      0.1      3560.6943     8455.7665  0.0000  pam4_gray_enc
u_phy_top/u_pipe_ctrl                  644.8316      0.0       280.0546      364.7770  0.0000  pipe_interface_ctrl
u_phy_top/u_pipe_rx                  16656.1883      0.1       396.5479    16259.6404  0.0000  pipe_rx_interface_ctrl
u_phy_top/u_pipe_tx                  21650.1033      0.1      6407.1317    15242.9716  0.0000  pipe_tx
u_phy_top/u_polling_fsm               3693.6613      0.0      1427.3371     1461.4613  0.0000  polling_fsm
u_phy_top/u_polling_fsm/add_169        465.9732      0.0       465.9732        0.0000  0.0000  polling_fsm_DW01_add_0
u_phy_top/u_polling_fsm/add_183        338.8896      0.0       338.8896        0.0000  0.0000  polling_fsm_DW01_add_1
u_phy_top/u_pwr_tmr                   3821.9216      0.0      1214.3544     1685.0344  0.0000  pwr_tmr
u_phy_top/u_pwr_tmr/add_112            194.1555      0.0       194.1555        0.0000  0.0000  pwr_tmr_DW01_add_2
u_phy_top/u_pwr_tmr/add_140            267.1109      0.0       267.1109        0.0000  0.0000  pwr_tmr_DW01_add_3
u_phy_top/u_pwr_tmr/add_49             194.1555      0.0       194.1555        0.0000  0.0000  pwr_tmr_DW01_add_1
u_phy_top/u_pwr_tmr/add_80             267.1109      0.0       267.1109        0.0000  0.0000  pwr_tmr_DW01_add_0
u_phy_top/u_recv_fsm                   636.5947      0.0       340.0663      296.5284  0.0000  recv_fsm
u_phy_top/u_rx_det                    1861.5394      0.0       610.7073      983.7212  0.0000  rx_det
u_phy_top/u_rx_det/add_72              267.1109      0.0       267.1109        0.0000  0.0000  rx_det_DW01_add_0
u_phy_top/u_rx_elastic_buf          360807.9882      2.2    178983.1341   181642.4657  0.0000  rx_elastic_buffer_slip
u_phy_top/u_rx_elastic_buf/sub_179
                                       182.3885      0.0       182.3885        0.0000  0.0000  rx_elastic_buffer_slip_DW01_sub_0
u_phy_top/u_rx_gear                  38847.5735      0.2     11263.3725    27584.2010  0.0000  rx_gear_box
u_phy_top/u_skp                       5329.2743      0.0      1228.4748     3758.3797  0.0000  skp
u_phy_top/u_skp/add_74                 194.1555      0.0       194.1555        0.0000  0.0000  skp_DW01_add_0
u_phy_top/u_skp/sub_70                 148.2642      0.0       148.2642        0.0000  0.0000  skp_DW01_dec_0
u_phy_top/u_spd_chg                   1399.0963      0.0       417.7285      750.7346  0.0000  spd_chg
u_phy_top/u_spd_chg/add_96             230.6332      0.0       230.6332        0.0000  0.0000  spd_chg_DW01_add_0
u_phy_top/u_spd_neg                    470.6800      0.0       134.1438      336.5362  0.0000  link_speed_neg
u_phy_top/u_ssc_ctrl                  1249.6554      0.0       413.0217      517.7480  0.0000  ssc_ctrl
u_phy_top/u_ssc_ctrl/r121              318.8857      0.0       318.8857        0.0000  0.0000  ssc_ctrl_DW01_incdec_1
u_phy_top/u_ts1_gen                   7663.8470      0.0      1585.0149     6078.8321  0.0000  ts1_gen
u_phy_top/u_ts2_gen                   7836.8219      0.0      1503.8226     6332.9993  0.0000  ts2_gen
u_phy_top/u_ts_det                    1023.7290      0.0       318.8857      704.8433  0.0000  ts_det
u_phy_top/u_tx_elastic_buf          186937.6287      1.1     44383.9484   142553.6803  0.0000  tx_elastic_buffer
u_phy_top/u_tx_gear                  26078.0254      0.2      9673.6510    16404.3745  0.0000  tx_gear_box
u_phy_top/u_tx_mux                   11463.4114      0.1      3814.8615     7648.5499  0.0000  tx_datapath_mux
u_phy_top/u_wid_neg                    821.3366      0.0       251.8138      569.5228  0.0000  link_width_neg
u_tl_top                           7596013.9386     46.6     15754.8365    26709.9130  0.0000  pcie_tl_top
u_tl_top/U_AER                        2376.9340      0.0      1056.6766     1320.2574  0.0000  aer_error_logger
u_tl_top/U_ARB_TX                    23928.1946      0.1      8932.3299    14995.8646  0.0000  arb_tx
u_tl_top/U_ATOP                     808407.0228      5.0    370756.9973   434747.1066  0.0000  pcie_atomic_op_handler
u_tl_top/U_ATOP/add_107               2444.0059      0.0      2444.0059        0.0000  0.0000  pcie_atomic_op_handler_DW01_add_0
u_tl_top/U_ATOP/eq_110                 458.9130      0.0       458.9130        0.0000  0.0000  pcie_atomic_op_handler_DW01_cmp6_0
u_tl_top/U_CFG                     1482903.2363      9.1    631596.0980   851307.1383  0.0000  cfg_space_handler
u_tl_top/U_CPL_HDL                   21088.8174      0.1      6951.9437    14136.8736  0.0000  pcie_completion_handler
u_tl_top/U_CPL_Q                    788837.3252      4.8    364334.5686   424502.7566  0.0000  pcie_completion_queue
u_tl_top/U_CPL_TMO                 1424164.7300      8.7    583653.8029   582653.5904  0.0000  cpl_timeout_logic
u_tl_top/U_CPL_TMO/sub_86              251.8138      0.0       251.8138        0.0000  0.0000  cpl_timeout_logic_DW01_sub_617
u_tl_top/U_CPL_TMO/sub_86_I10          251.8138      0.0       251.8138        0.0000  0.0000  cpl_timeout_logic_DW01_sub_327
u_tl_top/U_CPL_TMO/sub_86_I100         251.8138      0.0       251.8138        0.0000  0.0000  cpl_timeout_logic_DW01_sub_902
u_tl_top/U_CPL_TMO/sub_86_I1000        251.8138      0.0       251.8138        0.0000  0.0000  cpl_timeout_logic_DW01_sub_432
u_tl_top/U_CPL_TMO/sub_86_I1001        251.8138      0.0       251.8138        0.0000  0.0000  cpl_timeout_logic_DW01_sub_534
u_tl_top/U_CPL_TMO/sub_86_I1002        251.8138      0.0       251.8138        0.0000  0.0000  cpl_timeout_logic_DW01_sub_1016
u_tl_top/U_CPL_TMO/sub_86_I1003        251.8138      0.0       251.8138        0.0000  0.0000  cpl_timeout_logic_DW01_sub_152
u_tl_top/U_CPL_TMO/sub_86_I1004        251.8138      0.0       251.8138        0.0000  0.0000  cpl_timeout_logic_DW01_sub_238
u_tl_top/U_CPL_TMO/sub_86_I1005        251.8138      0.0       251.8138        0.0000  0.0000  cpl_timeout_logic_DW01_sub_380
u_tl_top/U_CPL_TMO/sub_86_I1006        251.8138      0.0       251.8138        0.0000  0.0000  cpl_timeout_logic_DW01_sub_833
u_tl_top/U_CPL_TMO/sub_86_I1007        251.8138      0.0       251.8138        0.0000  0.0000  cpl_timeout_logic_DW01_sub_748
u_tl_top/U_CPL_TMO/sub_86_I1008        251.8138      0.0       251.8138        0.0000  0.0000  cpl_timeout_logic_DW01_sub_911
u_tl_top/U_CPL_TMO/sub_86_I1009        251.8138      0.0       251.8138        0.0000  0.0000  cpl_timeout_logic_DW01_sub_688
u_tl_top/U_CPL_TMO/sub_86_I101         251.8138      0.0       251.8138        0.0000  0.0000  cpl_timeout_logic_DW01_sub_710
u_tl_top/U_CPL_TMO/sub_86_I1010        251.8138      0.0       251.8138        0.0000  0.0000  cpl_timeout_logic_DW01_sub_582
u_tl_top/U_CPL_TMO/sub_86_I1011        251.8138      0.0       251.8138        0.0000  0.0000  cpl_timeout_logic_DW01_sub_145
u_tl_top/U_CPL_TMO/sub_86_I1012        251.8138      0.0       251.8138        0.0000  0.0000  cpl_timeout_logic_DW01_sub_825
u_tl_top/U_CPL_TMO/sub_86_I1013        251.8138      0.0       251.8138        0.0000  0.0000  cpl_timeout_logic_DW01_sub_45
u_tl_top/U_CPL_TMO/sub_86_I1014        251.8138      0.0       251.8138        0.0000  0.0000  cpl_timeout_logic_DW01_sub_636
u_tl_top/U_CPL_TMO/sub_86_I1015        251.8138      0.0       251.8138        0.0000  0.0000  cpl_timeout_logic_DW01_sub_31
u_tl_top/U_CPL_TMO/sub_86_I1016        251.8138      0.0       251.8138        0.0000  0.0000  cpl_timeout_logic_DW01_sub_811
u_tl_top/U_CPL_TMO/sub_86_I1017        251.8138      0.0       251.8138        0.0000  0.0000  cpl_timeout_logic_DW01_sub_128
u_tl_top/U_CPL_TMO/sub_86_I1018        251.8138      0.0       251.8138        0.0000  0.0000  cpl_timeout_logic_DW01_sub_442
u_tl_top/U_CPL_TMO/sub_86_I1019        251.8138      0.0       251.8138        0.0000  0.0000  cpl_timeout_logic_DW01_sub_95
u_tl_top/U_CPL_TMO/sub_86_I102         251.8138      0.0       251.8138        0.0000  0.0000  cpl_timeout_logic_DW01_sub_138
u_tl_top/U_CPL_TMO/sub_86_I1020        251.8138      0.0       251.8138        0.0000  0.0000  cpl_timeout_logic_DW01_sub_409
u_tl_top/U_CPL_TMO/sub_86_I1021        251.8138      0.0       251.8138        0.0000  0.0000  cpl_timeout_logic_DW01_sub_934
u_tl_top/U_CPL_TMO/sub_86_I1022        251.8138      0.0       251.8138        0.0000  0.0000  cpl_timeout_logic_DW01_sub_413
u_tl_top/U_CPL_TMO/sub_86_I1023        251.8138      0.0       251.8138        0.0000  0.0000  cpl_timeout_logic_DW01_sub_364
u_tl_top/U_CPL_TMO/sub_86_I1024        251.8138      0.0       251.8138        0.0000  0.0000  cpl_timeout_logic_DW01_sub_759
u_tl_top/U_CPL_TMO/sub_86_I103         251.8138      0.0       251.8138        0.0000  0.0000  cpl_timeout_logic_DW01_sub_951
u_tl_top/U_CPL_TMO/sub_86_I104         251.8138      0.0       251.8138        0.0000  0.0000  cpl_timeout_logic_DW01_sub_137
u_tl_top/U_CPL_TMO/sub_86_I105         251.8138      0.0       251.8138        0.0000  0.0000  cpl_timeout_logic_DW01_sub_449
u_tl_top/U_CPL_TMO/sub_86_I106         251.8138      0.0       251.8138        0.0000  0.0000  cpl_timeout_logic_DW01_sub_881
u_tl_top/U_CPL_TMO/sub_86_I107         251.8138      0.0       251.8138        0.0000  0.0000  cpl_timeout_logic_DW01_sub_414
u_tl_top/U_CPL_TMO/sub_86_I108         251.8138      0.0       251.8138        0.0000  0.0000  cpl_timeout_logic_DW01_sub_353
u_tl_top/U_CPL_TMO/sub_86_I109         251.8138      0.0       251.8138        0.0000  0.0000  cpl_timeout_logic_DW01_sub_0
u_tl_top/U_CPL_TMO/sub_86_I11          251.8138      0.0       251.8138        0.0000  0.0000  cpl_timeout_logic_DW01_sub_651
u_tl_top/U_CPL_TMO/sub_86_I110         251.8138      0.0       251.8138        0.0000  0.0000  cpl_timeout_logic_DW01_sub_690
u_tl_top/U_CPL_TMO/sub_86_I111         251.8138      0.0       251.8138        0.0000  0.0000  cpl_timeout_logic_DW01_sub_116
u_tl_top/U_CPL_TMO/sub_86_I112         251.8138      0.0       251.8138        0.0000  0.0000  cpl_timeout_logic_DW01_sub_13
u_tl_top/U_CPL_TMO/sub_86_I113         251.8138      0.0       251.8138        0.0000  0.0000  cpl_timeout_logic_DW01_sub_533
u_tl_top/U_CPL_TMO/sub_86_I114         251.8138      0.0       251.8138        0.0000  0.0000  cpl_timeout_logic_DW01_sub_143
u_tl_top/U_CPL_TMO/sub_86_I115         251.8138      0.0       251.8138        0.0000  0.0000  cpl_timeout_logic_DW01_sub_620
u_tl_top/U_CPL_TMO/sub_86_I116         251.8138      0.0       251.8138        0.0000  0.0000  cpl_timeout_logic_DW01_sub_646
u_tl_top/U_CPL_TMO/sub_86_I117         251.8138      0.0       251.8138        0.0000  0.0000  cpl_timeout_logic_DW01_sub_50
u_tl_top/U_CPL_TMO/sub_86_I118         251.8138      0.0       251.8138        0.0000  0.0000  cpl_timeout_logic_DW01_sub_220
u_tl_top/U_CPL_TMO/sub_86_I119         251.8138      0.0       251.8138        0.0000  0.0000  cpl_timeout_logic_DW01_sub_870
u_tl_top/U_CPL_TMO/sub_86_I12          251.8138      0.0       251.8138        0.0000  0.0000  cpl_timeout_logic_DW01_sub_374
u_tl_top/U_CPL_TMO/sub_86_I120         251.8138      0.0       251.8138        0.0000  0.0000  cpl_timeout_logic_DW01_sub_889
u_tl_top/U_CPL_TMO/sub_86_I121         251.8138      0.0       251.8138        0.0000  0.0000  cpl_timeout_logic_DW01_sub_187
u_tl_top/U_CPL_TMO/sub_86_I122         251.8138      0.0       251.8138        0.0000  0.0000  cpl_timeout_logic_DW01_sub_273
u_tl_top/U_CPL_TMO/sub_86_I123         251.8138      0.0       251.8138        0.0000  0.0000  cpl_timeout_logic_DW01_sub_842
u_tl_top/U_CPL_TMO/sub_86_I124         251.8138      0.0       251.8138        0.0000  0.0000  cpl_timeout_logic_DW01_sub_34
u_tl_top/U_CPL_TMO/sub_86_I125         251.8138      0.0       251.8138        0.0000  0.0000  cpl_timeout_logic_DW01_sub_358
u_tl_top/U_CPL_TMO/sub_86_I126         251.8138      0.0       251.8138        0.0000  0.0000  cpl_timeout_logic_DW01_sub_776
u_tl_top/U_CPL_TMO/sub_86_I127         251.8138      0.0       251.8138        0.0000  0.0000  cpl_timeout_logic_DW01_sub_863
u_tl_top/U_CPL_TMO/sub_86_I128         251.8138      0.0       251.8138        0.0000  0.0000  cpl_timeout_logic_DW01_sub_824
u_tl_top/U_CPL_TMO/sub_86_I129         251.8138      0.0       251.8138        0.0000  0.0000  cpl_timeout_logic_DW01_sub_755
u_tl_top/U_CPL_TMO/sub_86_I13          251.8138      0.0       251.8138        0.0000  0.0000  cpl_timeout_logic_DW01_sub_103
u_tl_top/U_CPL_TMO/sub_86_I130         251.8138      0.0       251.8138        0.0000  0.0000  cpl_timeout_logic_DW01_sub_603
u_tl_top/U_CPL_TMO/sub_86_I131         251.8138      0.0       251.8138        0.0000  0.0000  cpl_timeout_logic_DW01_sub_378
u_tl_top/U_CPL_TMO/sub_86_I132         251.8138      0.0       251.8138        0.0000  0.0000  cpl_timeout_logic_DW01_sub_87
u_tl_top/U_CPL_TMO/sub_86_I133         251.8138      0.0       251.8138        0.0000  0.0000  cpl_timeout_logic_DW01_sub_897
u_tl_top/U_CPL_TMO/sub_86_I134         251.8138      0.0       251.8138        0.0000  0.0000  cpl_timeout_logic_DW01_sub_781
u_tl_top/U_CPL_TMO/sub_86_I135         251.8138      0.0       251.8138        0.0000  0.0000  cpl_timeout_logic_DW01_sub_99
u_tl_top/U_CPL_TMO/sub_86_I136         251.8138      0.0       251.8138        0.0000  0.0000  cpl_timeout_logic_DW01_sub_932
u_tl_top/U_CPL_TMO/sub_86_I137         251.8138      0.0       251.8138        0.0000  0.0000  cpl_timeout_logic_DW01_sub_880
u_tl_top/U_CPL_TMO/sub_86_I138         251.8138      0.0       251.8138        0.0000  0.0000  cpl_timeout_logic_DW01_sub_856
u_tl_top/U_CPL_TMO/sub_86_I139         251.8138      0.0       251.8138        0.0000  0.0000  cpl_timeout_logic_DW01_sub_888
u_tl_top/U_CPL_TMO/sub_86_I14          251.8138      0.0       251.8138        0.0000  0.0000  cpl_timeout_logic_DW01_sub_492
u_tl_top/U_CPL_TMO/sub_86_I140         251.8138      0.0       251.8138        0.0000  0.0000  cpl_timeout_logic_DW01_sub_894
u_tl_top/U_CPL_TMO/sub_86_I141         251.8138      0.0       251.8138        0.0000  0.0000  cpl_timeout_logic_DW01_sub_570
u_tl_top/U_CPL_TMO/sub_86_I142         251.8138      0.0       251.8138        0.0000  0.0000  cpl_timeout_logic_DW01_sub_647
u_tl_top/U_CPL_TMO/sub_86_I143         251.8138      0.0       251.8138        0.0000  0.0000  cpl_timeout_logic_DW01_sub_899
u_tl_top/U_CPL_TMO/sub_86_I144         251.8138      0.0       251.8138        0.0000  0.0000  cpl_timeout_logic_DW01_sub_692
u_tl_top/U_CPL_TMO/sub_86_I145         251.8138      0.0       251.8138        0.0000  0.0000  cpl_timeout_logic_DW01_sub_560
u_tl_top/U_CPL_TMO/sub_86_I146         251.8138      0.0       251.8138        0.0000  0.0000  cpl_timeout_logic_DW01_sub_572
u_tl_top/U_CPL_TMO/sub_86_I147         251.8138      0.0       251.8138        0.0000  0.0000  cpl_timeout_logic_DW01_sub_815
u_tl_top/U_CPL_TMO/sub_86_I148         251.8138      0.0       251.8138        0.0000  0.0000  cpl_timeout_logic_DW01_sub_44
u_tl_top/U_CPL_TMO/sub_86_I149         251.8138      0.0       251.8138        0.0000  0.0000  cpl_timeout_logic_DW01_sub_998
u_tl_top/U_CPL_TMO/sub_86_I15          251.8138      0.0       251.8138        0.0000  0.0000  cpl_timeout_logic_DW01_sub_355
u_tl_top/U_CPL_TMO/sub_86_I150         251.8138      0.0       251.8138        0.0000  0.0000  cpl_timeout_logic_DW01_sub_421
u_tl_top/U_CPL_TMO/sub_86_I151         251.8138      0.0       251.8138        0.0000  0.0000  cpl_timeout_logic_DW01_sub_443
u_tl_top/U_CPL_TMO/sub_86_I152         251.8138      0.0       251.8138        0.0000  0.0000  cpl_timeout_logic_DW01_sub_551
u_tl_top/U_CPL_TMO/sub_86_I153         251.8138      0.0       251.8138        0.0000  0.0000  cpl_timeout_logic_DW01_sub_829
u_tl_top/U_CPL_TMO/sub_86_I154         251.8138      0.0       251.8138        0.0000  0.0000  cpl_timeout_logic_DW01_sub_83
u_tl_top/U_CPL_TMO/sub_86_I155         251.8138      0.0       251.8138        0.0000  0.0000  cpl_timeout_logic_DW01_sub_521
u_tl_top/U_CPL_TMO/sub_86_I156         251.8138      0.0       251.8138        0.0000  0.0000  cpl_timeout_logic_DW01_sub_401
u_tl_top/U_CPL_TMO/sub_86_I157         251.8138      0.0       251.8138        0.0000  0.0000  cpl_timeout_logic_DW01_sub_875
u_tl_top/U_CPL_TMO/sub_86_I158         251.8138      0.0       251.8138        0.0000  0.0000  cpl_timeout_logic_DW01_sub_64
u_tl_top/U_CPL_TMO/sub_86_I159         251.8138      0.0       251.8138        0.0000  0.0000  cpl_timeout_logic_DW01_sub_227
u_tl_top/U_CPL_TMO/sub_86_I16          251.8138      0.0       251.8138        0.0000  0.0000  cpl_timeout_logic_DW01_sub_794
u_tl_top/U_CPL_TMO/sub_86_I160         251.8138      0.0       251.8138        0.0000  0.0000  cpl_timeout_logic_DW01_sub_385
u_tl_top/U_CPL_TMO/sub_86_I161         251.8138      0.0       251.8138        0.0000  0.0000  cpl_timeout_logic_DW01_sub_40
u_tl_top/U_CPL_TMO/sub_86_I162         251.8138      0.0       251.8138        0.0000  0.0000  cpl_timeout_logic_DW01_sub_780
u_tl_top/U_CPL_TMO/sub_86_I163         251.8138      0.0       251.8138        0.0000  0.0000  cpl_timeout_logic_DW01_sub_625
u_tl_top/U_CPL_TMO/sub_86_I164         251.8138      0.0       251.8138        0.0000  0.0000  cpl_timeout_logic_DW01_sub_896
u_tl_top/U_CPL_TMO/sub_86_I165         251.8138      0.0       251.8138        0.0000  0.0000  cpl_timeout_logic_DW01_sub_371
u_tl_top/U_CPL_TMO/sub_86_I166         251.8138      0.0       251.8138        0.0000  0.0000  cpl_timeout_logic_DW01_sub_102
u_tl_top/U_CPL_TMO/sub_86_I167         251.8138      0.0       251.8138        0.0000  0.0000  cpl_timeout_logic_DW01_sub_677
u_tl_top/U_CPL_TMO/sub_86_I168         251.8138      0.0       251.8138        0.0000  0.0000  cpl_timeout_logic_DW01_sub_354
u_tl_top/U_CPL_TMO/sub_86_I169         251.8138      0.0       251.8138        0.0000  0.0000  cpl_timeout_logic_DW01_sub_737
u_tl_top/U_CPL_TMO/sub_86_I17          251.8138      0.0       251.8138        0.0000  0.0000  cpl_timeout_logic_DW01_sub_768
u_tl_top/U_CPL_TMO/sub_86_I170         251.8138      0.0       251.8138        0.0000  0.0000  cpl_timeout_logic_DW01_sub_739
u_tl_top/U_CPL_TMO/sub_86_I171         251.8138      0.0       251.8138        0.0000  0.0000  cpl_timeout_logic_DW01_sub_621
u_tl_top/U_CPL_TMO/sub_86_I172         251.8138      0.0       251.8138        0.0000  0.0000  cpl_timeout_logic_DW01_sub_35
u_tl_top/U_CPL_TMO/sub_86_I173         251.8138      0.0       251.8138        0.0000  0.0000  cpl_timeout_logic_DW01_sub_284
u_tl_top/U_CPL_TMO/sub_86_I174         251.8138      0.0       251.8138        0.0000  0.0000  cpl_timeout_logic_DW01_sub_641
u_tl_top/U_CPL_TMO/sub_86_I175         251.8138      0.0       251.8138        0.0000  0.0000  cpl_timeout_logic_DW01_sub_183
u_tl_top/U_CPL_TMO/sub_86_I176         251.8138      0.0       251.8138        0.0000  0.0000  cpl_timeout_logic_DW01_sub_548
u_tl_top/U_CPL_TMO/sub_86_I177         251.8138      0.0       251.8138        0.0000  0.0000  cpl_timeout_logic_DW01_sub_563
u_tl_top/U_CPL_TMO/sub_86_I178         251.8138      0.0       251.8138        0.0000  0.0000  cpl_timeout_logic_DW01_sub_317
u_tl_top/U_CPL_TMO/sub_86_I179         251.8138      0.0       251.8138        0.0000  0.0000  cpl_timeout_logic_DW01_sub_518
u_tl_top/U_CPL_TMO/sub_86_I18          251.8138      0.0       251.8138        0.0000  0.0000  cpl_timeout_logic_DW01_sub_219
u_tl_top/U_CPL_TMO/sub_86_I180         251.8138      0.0       251.8138        0.0000  0.0000  cpl_timeout_logic_DW01_sub_191
u_tl_top/U_CPL_TMO/sub_86_I181         251.8138      0.0       251.8138        0.0000  0.0000  cpl_timeout_logic_DW01_sub_264
u_tl_top/U_CPL_TMO/sub_86_I182         251.8138      0.0       251.8138        0.0000  0.0000  cpl_timeout_logic_DW01_sub_251
u_tl_top/U_CPL_TMO/sub_86_I183         251.8138      0.0       251.8138        0.0000  0.0000  cpl_timeout_logic_DW01_sub_935
u_tl_top/U_CPL_TMO/sub_86_I184         251.8138      0.0       251.8138        0.0000  0.0000  cpl_timeout_logic_DW01_sub_775
u_tl_top/U_CPL_TMO/sub_86_I185         251.8138      0.0       251.8138        0.0000  0.0000  cpl_timeout_logic_DW01_sub_9
u_tl_top/U_CPL_TMO/sub_86_I186         251.8138      0.0       251.8138        0.0000  0.0000  cpl_timeout_logic_DW01_sub_900
u_tl_top/U_CPL_TMO/sub_86_I187         251.8138      0.0       251.8138        0.0000  0.0000  cpl_timeout_logic_DW01_sub_133
u_tl_top/U_CPL_TMO/sub_86_I188         251.8138      0.0       251.8138        0.0000  0.0000  cpl_timeout_logic_DW01_sub_32
u_tl_top/U_CPL_TMO/sub_86_I189         251.8138      0.0       251.8138        0.0000  0.0000  cpl_timeout_logic_DW01_sub_588
u_tl_top/U_CPL_TMO/sub_86_I19          251.8138      0.0       251.8138        0.0000  0.0000  cpl_timeout_logic_DW01_sub_229
u_tl_top/U_CPL_TMO/sub_86_I190         251.8138      0.0       251.8138        0.0000  0.0000  cpl_timeout_logic_DW01_sub_279
u_tl_top/U_CPL_TMO/sub_86_I191         251.8138      0.0       251.8138        0.0000  0.0000  cpl_timeout_logic_DW01_sub_484
u_tl_top/U_CPL_TMO/sub_86_I192         251.8138      0.0       251.8138        0.0000  0.0000  cpl_timeout_logic_DW01_sub_265
u_tl_top/U_CPL_TMO/sub_86_I193         251.8138      0.0       251.8138        0.0000  0.0000  cpl_timeout_logic_DW01_sub_118
u_tl_top/U_CPL_TMO/sub_86_I194         251.8138      0.0       251.8138        0.0000  0.0000  cpl_timeout_logic_DW01_sub_310
u_tl_top/U_CPL_TMO/sub_86_I195         251.8138      0.0       251.8138        0.0000  0.0000  cpl_timeout_logic_DW01_sub_242
u_tl_top/U_CPL_TMO/sub_86_I196         251.8138      0.0       251.8138        0.0000  0.0000  cpl_timeout_logic_DW01_sub_561
u_tl_top/U_CPL_TMO/sub_86_I197         251.8138      0.0       251.8138        0.0000  0.0000  cpl_timeout_logic_DW01_sub_78
u_tl_top/U_CPL_TMO/sub_86_I198         251.8138      0.0       251.8138        0.0000  0.0000  cpl_timeout_logic_DW01_sub_590
u_tl_top/U_CPL_TMO/sub_86_I199         251.8138      0.0       251.8138        0.0000  0.0000  cpl_timeout_logic_DW01_sub_814
u_tl_top/U_CPL_TMO/sub_86_I2           251.8138      0.0       251.8138        0.0000  0.0000  cpl_timeout_logic_DW01_sub_933
u_tl_top/U_CPL_TMO/sub_86_I20          251.8138      0.0       251.8138        0.0000  0.0000  cpl_timeout_logic_DW01_sub_82
u_tl_top/U_CPL_TMO/sub_86_I200         251.8138      0.0       251.8138        0.0000  0.0000  cpl_timeout_logic_DW01_sub_174
u_tl_top/U_CPL_TMO/sub_86_I201         251.8138      0.0       251.8138        0.0000  0.0000  cpl_timeout_logic_DW01_sub_716
u_tl_top/U_CPL_TMO/sub_86_I202         251.8138      0.0       251.8138        0.0000  0.0000  cpl_timeout_logic_DW01_sub_33
u_tl_top/U_CPL_TMO/sub_86_I203         251.8138      0.0       251.8138        0.0000  0.0000  cpl_timeout_logic_DW01_sub_830
u_tl_top/U_CPL_TMO/sub_86_I204         251.8138      0.0       251.8138        0.0000  0.0000  cpl_timeout_logic_DW01_sub_504
u_tl_top/U_CPL_TMO/sub_86_I205         251.8138      0.0       251.8138        0.0000  0.0000  cpl_timeout_logic_DW01_sub_97
u_tl_top/U_CPL_TMO/sub_86_I206         251.8138      0.0       251.8138        0.0000  0.0000  cpl_timeout_logic_DW01_sub_464
u_tl_top/U_CPL_TMO/sub_86_I207         251.8138      0.0       251.8138        0.0000  0.0000  cpl_timeout_logic_DW01_sub_626
u_tl_top/U_CPL_TMO/sub_86_I208         251.8138      0.0       251.8138        0.0000  0.0000  cpl_timeout_logic_DW01_sub_111
u_tl_top/U_CPL_TMO/sub_86_I209         251.8138      0.0       251.8138        0.0000  0.0000  cpl_timeout_logic_DW01_sub_819
u_tl_top/U_CPL_TMO/sub_86_I21          251.8138      0.0       251.8138        0.0000  0.0000  cpl_timeout_logic_DW01_sub_954
u_tl_top/U_CPL_TMO/sub_86_I210         251.8138      0.0       251.8138        0.0000  0.0000  cpl_timeout_logic_DW01_sub_184
u_tl_top/U_CPL_TMO/sub_86_I211         251.8138      0.0       251.8138        0.0000  0.0000  cpl_timeout_logic_DW01_sub_101
u_tl_top/U_CPL_TMO/sub_86_I212         251.8138      0.0       251.8138        0.0000  0.0000  cpl_timeout_logic_DW01_sub_375
u_tl_top/U_CPL_TMO/sub_86_I213         251.8138      0.0       251.8138        0.0000  0.0000  cpl_timeout_logic_DW01_sub_925
u_tl_top/U_CPL_TMO/sub_86_I214         251.8138      0.0       251.8138        0.0000  0.0000  cpl_timeout_logic_DW01_sub_372
u_tl_top/U_CPL_TMO/sub_86_I215         251.8138      0.0       251.8138        0.0000  0.0000  cpl_timeout_logic_DW01_sub_205
u_tl_top/U_CPL_TMO/sub_86_I216         251.8138      0.0       251.8138        0.0000  0.0000  cpl_timeout_logic_DW01_sub_167
u_tl_top/U_CPL_TMO/sub_86_I217         251.8138      0.0       251.8138        0.0000  0.0000  cpl_timeout_logic_DW01_sub_105
u_tl_top/U_CPL_TMO/sub_86_I218         251.8138      0.0       251.8138        0.0000  0.0000  cpl_timeout_logic_DW01_sub_1022
u_tl_top/U_CPL_TMO/sub_86_I219         251.8138      0.0       251.8138        0.0000  0.0000  cpl_timeout_logic_DW01_sub_124
u_tl_top/U_CPL_TMO/sub_86_I22          251.8138      0.0       251.8138        0.0000  0.0000  cpl_timeout_logic_DW01_sub_758
u_tl_top/U_CPL_TMO/sub_86_I220         251.8138      0.0       251.8138        0.0000  0.0000  cpl_timeout_logic_DW01_sub_891
u_tl_top/U_CPL_TMO/sub_86_I221         251.8138      0.0       251.8138        0.0000  0.0000  cpl_timeout_logic_DW01_sub_334
u_tl_top/U_CPL_TMO/sub_86_I222         251.8138      0.0       251.8138        0.0000  0.0000  cpl_timeout_logic_DW01_sub_575
u_tl_top/U_CPL_TMO/sub_86_I223         251.8138      0.0       251.8138        0.0000  0.0000  cpl_timeout_logic_DW01_sub_722
u_tl_top/U_CPL_TMO/sub_86_I224         251.8138      0.0       251.8138        0.0000  0.0000  cpl_timeout_logic_DW01_sub_589
u_tl_top/U_CPL_TMO/sub_86_I225         251.8138      0.0       251.8138        0.0000  0.0000  cpl_timeout_logic_DW01_sub_931
u_tl_top/U_CPL_TMO/sub_86_I226         251.8138      0.0       251.8138        0.0000  0.0000  cpl_timeout_logic_DW01_sub_253
u_tl_top/U_CPL_TMO/sub_86_I227         251.8138      0.0       251.8138        0.0000  0.0000  cpl_timeout_logic_DW01_sub_6
u_tl_top/U_CPL_TMO/sub_86_I228         251.8138      0.0       251.8138        0.0000  0.0000  cpl_timeout_logic_DW01_sub_532
u_tl_top/U_CPL_TMO/sub_86_I229         251.8138      0.0       251.8138        0.0000  0.0000  cpl_timeout_logic_DW01_sub_1004
u_tl_top/U_CPL_TMO/sub_86_I23          251.8138      0.0       251.8138        0.0000  0.0000  cpl_timeout_logic_DW01_sub_92
u_tl_top/U_CPL_TMO/sub_86_I230         251.8138      0.0       251.8138        0.0000  0.0000  cpl_timeout_logic_DW01_sub_822
u_tl_top/U_CPL_TMO/sub_86_I231         251.8138      0.0       251.8138        0.0000  0.0000  cpl_timeout_logic_DW01_sub_388
u_tl_top/U_CPL_TMO/sub_86_I232         251.8138      0.0       251.8138        0.0000  0.0000  cpl_timeout_logic_DW01_sub_303
u_tl_top/U_CPL_TMO/sub_86_I233         251.8138      0.0       251.8138        0.0000  0.0000  cpl_timeout_logic_DW01_sub_458
u_tl_top/U_CPL_TMO/sub_86_I234         251.8138      0.0       251.8138        0.0000  0.0000  cpl_timeout_logic_DW01_sub_1
u_tl_top/U_CPL_TMO/sub_86_I235         251.8138      0.0       251.8138        0.0000  0.0000  cpl_timeout_logic_DW01_sub_817
u_tl_top/U_CPL_TMO/sub_86_I236         251.8138      0.0       251.8138        0.0000  0.0000  cpl_timeout_logic_DW01_sub_38
u_tl_top/U_CPL_TMO/sub_86_I237         251.8138      0.0       251.8138        0.0000  0.0000  cpl_timeout_logic_DW01_sub_557
u_tl_top/U_CPL_TMO/sub_86_I238         251.8138      0.0       251.8138        0.0000  0.0000  cpl_timeout_logic_DW01_sub_216
u_tl_top/U_CPL_TMO/sub_86_I239         251.8138      0.0       251.8138        0.0000  0.0000  cpl_timeout_logic_DW01_sub_612
u_tl_top/U_CPL_TMO/sub_86_I24          251.8138      0.0       251.8138        0.0000  0.0000  cpl_timeout_logic_DW01_sub_754
u_tl_top/U_CPL_TMO/sub_86_I240         251.8138      0.0       251.8138        0.0000  0.0000  cpl_timeout_logic_DW01_sub_871
u_tl_top/U_CPL_TMO/sub_86_I241         251.8138      0.0       251.8138        0.0000  0.0000  cpl_timeout_logic_DW01_sub_275
u_tl_top/U_CPL_TMO/sub_86_I242         251.8138      0.0       251.8138        0.0000  0.0000  cpl_timeout_logic_DW01_sub_638
u_tl_top/U_CPL_TMO/sub_86_I243         251.8138      0.0       251.8138        0.0000  0.0000  cpl_timeout_logic_DW01_sub_114
u_tl_top/U_CPL_TMO/sub_86_I244         251.8138      0.0       251.8138        0.0000  0.0000  cpl_timeout_logic_DW01_sub_149
u_tl_top/U_CPL_TMO/sub_86_I245         251.8138      0.0       251.8138        0.0000  0.0000  cpl_timeout_logic_DW01_sub_309
u_tl_top/U_CPL_TMO/sub_86_I246         251.8138      0.0       251.8138        0.0000  0.0000  cpl_timeout_logic_DW01_sub_163
u_tl_top/U_CPL_TMO/sub_86_I247         251.8138      0.0       251.8138        0.0000  0.0000  cpl_timeout_logic_DW01_sub_787
u_tl_top/U_CPL_TMO/sub_86_I248         251.8138      0.0       251.8138        0.0000  0.0000  cpl_timeout_logic_DW01_sub_955
u_tl_top/U_CPL_TMO/sub_86_I249         251.8138      0.0       251.8138        0.0000  0.0000  cpl_timeout_logic_DW01_sub_962
u_tl_top/U_CPL_TMO/sub_86_I25          251.8138      0.0       251.8138        0.0000  0.0000  cpl_timeout_logic_DW01_sub_503
u_tl_top/U_CPL_TMO/sub_86_I250         251.8138      0.0       251.8138        0.0000  0.0000  cpl_timeout_logic_DW01_sub_400
u_tl_top/U_CPL_TMO/sub_86_I251         251.8138      0.0       251.8138        0.0000  0.0000  cpl_timeout_logic_DW01_sub_43
u_tl_top/U_CPL_TMO/sub_86_I252         251.8138      0.0       251.8138        0.0000  0.0000  cpl_timeout_logic_DW01_sub_203
u_tl_top/U_CPL_TMO/sub_86_I253         251.8138      0.0       251.8138        0.0000  0.0000  cpl_timeout_logic_DW01_sub_609
u_tl_top/U_CPL_TMO/sub_86_I254         251.8138      0.0       251.8138        0.0000  0.0000  cpl_timeout_logic_DW01_sub_742
u_tl_top/U_CPL_TMO/sub_86_I255         251.8138      0.0       251.8138        0.0000  0.0000  cpl_timeout_logic_DW01_sub_431
u_tl_top/U_CPL_TMO/sub_86_I256         251.8138      0.0       251.8138        0.0000  0.0000  cpl_timeout_logic_DW01_sub_513
u_tl_top/U_CPL_TMO/sub_86_I257         251.8138      0.0       251.8138        0.0000  0.0000  cpl_timeout_logic_DW01_sub_679
u_tl_top/U_CPL_TMO/sub_86_I258         251.8138      0.0       251.8138        0.0000  0.0000  cpl_timeout_logic_DW01_sub_506
u_tl_top/U_CPL_TMO/sub_86_I259         251.8138      0.0       251.8138        0.0000  0.0000  cpl_timeout_logic_DW01_sub_810
u_tl_top/U_CPL_TMO/sub_86_I26          251.8138      0.0       251.8138        0.0000  0.0000  cpl_timeout_logic_DW01_sub_684
u_tl_top/U_CPL_TMO/sub_86_I260         251.8138      0.0       251.8138        0.0000  0.0000  cpl_timeout_logic_DW01_sub_634
u_tl_top/U_CPL_TMO/sub_86_I261         251.8138      0.0       251.8138        0.0000  0.0000  cpl_timeout_logic_DW01_sub_837
u_tl_top/U_CPL_TMO/sub_86_I262         251.8138      0.0       251.8138        0.0000  0.0000  cpl_timeout_logic_DW01_sub_741
u_tl_top/U_CPL_TMO/sub_86_I263         251.8138      0.0       251.8138        0.0000  0.0000  cpl_timeout_logic_DW01_sub_797
u_tl_top/U_CPL_TMO/sub_86_I264         251.8138      0.0       251.8138        0.0000  0.0000  cpl_timeout_logic_DW01_sub_196
u_tl_top/U_CPL_TMO/sub_86_I265         251.8138      0.0       251.8138        0.0000  0.0000  cpl_timeout_logic_DW01_sub_1023
u_tl_top/U_CPL_TMO/sub_86_I266         251.8138      0.0       251.8138        0.0000  0.0000  cpl_timeout_logic_DW01_sub_644
u_tl_top/U_CPL_TMO/sub_86_I267         251.8138      0.0       251.8138        0.0000  0.0000  cpl_timeout_logic_DW01_sub_293
u_tl_top/U_CPL_TMO/sub_86_I268         251.8138      0.0       251.8138        0.0000  0.0000  cpl_timeout_logic_DW01_sub_1010
u_tl_top/U_CPL_TMO/sub_86_I269         251.8138      0.0       251.8138        0.0000  0.0000  cpl_timeout_logic_DW01_sub_404
u_tl_top/U_CPL_TMO/sub_86_I27          251.8138      0.0       251.8138        0.0000  0.0000  cpl_timeout_logic_DW01_sub_782
u_tl_top/U_CPL_TMO/sub_86_I270         251.8138      0.0       251.8138        0.0000  0.0000  cpl_timeout_logic_DW01_sub_164
u_tl_top/U_CPL_TMO/sub_86_I271         251.8138      0.0       251.8138        0.0000  0.0000  cpl_timeout_logic_DW01_sub_892
u_tl_top/U_CPL_TMO/sub_86_I272         251.8138      0.0       251.8138        0.0000  0.0000  cpl_timeout_logic_DW01_sub_835
u_tl_top/U_CPL_TMO/sub_86_I273         251.8138      0.0       251.8138        0.0000  0.0000  cpl_timeout_logic_DW01_sub_231
u_tl_top/U_CPL_TMO/sub_86_I274         251.8138      0.0       251.8138        0.0000  0.0000  cpl_timeout_logic_DW01_sub_7
u_tl_top/U_CPL_TMO/sub_86_I275         251.8138      0.0       251.8138        0.0000  0.0000  cpl_timeout_logic_DW01_sub_300
u_tl_top/U_CPL_TMO/sub_86_I276         251.8138      0.0       251.8138        0.0000  0.0000  cpl_timeout_logic_DW01_sub_719
u_tl_top/U_CPL_TMO/sub_86_I277         251.8138      0.0       251.8138        0.0000  0.0000  cpl_timeout_logic_DW01_sub_941
u_tl_top/U_CPL_TMO/sub_86_I278         251.8138      0.0       251.8138        0.0000  0.0000  cpl_timeout_logic_DW01_sub_844
u_tl_top/U_CPL_TMO/sub_86_I279         251.8138      0.0       251.8138        0.0000  0.0000  cpl_timeout_logic_DW01_sub_200
u_tl_top/U_CPL_TMO/sub_86_I28          251.8138      0.0       251.8138        0.0000  0.0000  cpl_timeout_logic_DW01_sub_537
u_tl_top/U_CPL_TMO/sub_86_I280         251.8138      0.0       251.8138        0.0000  0.0000  cpl_timeout_logic_DW01_sub_970
u_tl_top/U_CPL_TMO/sub_86_I281         251.8138      0.0       251.8138        0.0000  0.0000  cpl_timeout_logic_DW01_sub_55
u_tl_top/U_CPL_TMO/sub_86_I282         251.8138      0.0       251.8138        0.0000  0.0000  cpl_timeout_logic_DW01_sub_867
u_tl_top/U_CPL_TMO/sub_86_I283         251.8138      0.0       251.8138        0.0000  0.0000  cpl_timeout_logic_DW01_sub_539
u_tl_top/U_CPL_TMO/sub_86_I284         251.8138      0.0       251.8138        0.0000  0.0000  cpl_timeout_logic_DW01_sub_942
u_tl_top/U_CPL_TMO/sub_86_I285         251.8138      0.0       251.8138        0.0000  0.0000  cpl_timeout_logic_DW01_sub_857
u_tl_top/U_CPL_TMO/sub_86_I286         251.8138      0.0       251.8138        0.0000  0.0000  cpl_timeout_logic_DW01_sub_244
u_tl_top/U_CPL_TMO/sub_86_I287         251.8138      0.0       251.8138        0.0000  0.0000  cpl_timeout_logic_DW01_sub_816
u_tl_top/U_CPL_TMO/sub_86_I288         251.8138      0.0       251.8138        0.0000  0.0000  cpl_timeout_logic_DW01_sub_451
u_tl_top/U_CPL_TMO/sub_86_I289         251.8138      0.0       251.8138        0.0000  0.0000  cpl_timeout_logic_DW01_sub_761
u_tl_top/U_CPL_TMO/sub_86_I29          251.8138      0.0       251.8138        0.0000  0.0000  cpl_timeout_logic_DW01_sub_136
u_tl_top/U_CPL_TMO/sub_86_I290         251.8138      0.0       251.8138        0.0000  0.0000  cpl_timeout_logic_DW01_sub_268
u_tl_top/U_CPL_TMO/sub_86_I291         251.8138      0.0       251.8138        0.0000  0.0000  cpl_timeout_logic_DW01_sub_282
u_tl_top/U_CPL_TMO/sub_86_I292         251.8138      0.0       251.8138        0.0000  0.0000  cpl_timeout_logic_DW01_sub_771
u_tl_top/U_CPL_TMO/sub_86_I293         251.8138      0.0       251.8138        0.0000  0.0000  cpl_timeout_logic_DW01_sub_598
u_tl_top/U_CPL_TMO/sub_86_I294         251.8138      0.0       251.8138        0.0000  0.0000  cpl_timeout_logic_DW01_sub_772
u_tl_top/U_CPL_TMO/sub_86_I295         251.8138      0.0       251.8138        0.0000  0.0000  cpl_timeout_logic_DW01_sub_635
u_tl_top/U_CPL_TMO/sub_86_I296         251.8138      0.0       251.8138        0.0000  0.0000  cpl_timeout_logic_DW01_sub_804
u_tl_top/U_CPL_TMO/sub_86_I297         251.8138      0.0       251.8138        0.0000  0.0000  cpl_timeout_logic_DW01_sub_370
u_tl_top/U_CPL_TMO/sub_86_I298         251.8138      0.0       251.8138        0.0000  0.0000  cpl_timeout_logic_DW01_sub_717
u_tl_top/U_CPL_TMO/sub_86_I299         251.8138      0.0       251.8138        0.0000  0.0000  cpl_timeout_logic_DW01_sub_887
u_tl_top/U_CPL_TMO/sub_86_I3           251.8138      0.0       251.8138        0.0000  0.0000  cpl_timeout_logic_DW01_sub_225
u_tl_top/U_CPL_TMO/sub_86_I30          251.8138      0.0       251.8138        0.0000  0.0000  cpl_timeout_logic_DW01_sub_161
u_tl_top/U_CPL_TMO/sub_86_I300         251.8138      0.0       251.8138        0.0000  0.0000  cpl_timeout_logic_DW01_sub_482
u_tl_top/U_CPL_TMO/sub_86_I301         251.8138      0.0       251.8138        0.0000  0.0000  cpl_timeout_logic_DW01_sub_294
u_tl_top/U_CPL_TMO/sub_86_I302         251.8138      0.0       251.8138        0.0000  0.0000  cpl_timeout_logic_DW01_sub_671
u_tl_top/U_CPL_TMO/sub_86_I303         251.8138      0.0       251.8138        0.0000  0.0000  cpl_timeout_logic_DW01_sub_368
u_tl_top/U_CPL_TMO/sub_86_I304         251.8138      0.0       251.8138        0.0000  0.0000  cpl_timeout_logic_DW01_sub_947
u_tl_top/U_CPL_TMO/sub_86_I305         251.8138      0.0       251.8138        0.0000  0.0000  cpl_timeout_logic_DW01_sub_893
u_tl_top/U_CPL_TMO/sub_86_I306         251.8138      0.0       251.8138        0.0000  0.0000  cpl_timeout_logic_DW01_sub_774
u_tl_top/U_CPL_TMO/sub_86_I307         251.8138      0.0       251.8138        0.0000  0.0000  cpl_timeout_logic_DW01_sub_549
u_tl_top/U_CPL_TMO/sub_86_I308         251.8138      0.0       251.8138        0.0000  0.0000  cpl_timeout_logic_DW01_sub_721
u_tl_top/U_CPL_TMO/sub_86_I309         251.8138      0.0       251.8138        0.0000  0.0000  cpl_timeout_logic_DW01_sub_672
u_tl_top/U_CPL_TMO/sub_86_I31          251.8138      0.0       251.8138        0.0000  0.0000  cpl_timeout_logic_DW01_sub_989
u_tl_top/U_CPL_TMO/sub_86_I310         251.8138      0.0       251.8138        0.0000  0.0000  cpl_timeout_logic_DW01_sub_507
u_tl_top/U_CPL_TMO/sub_86_I311         251.8138      0.0       251.8138        0.0000  0.0000  cpl_timeout_logic_DW01_sub_325
u_tl_top/U_CPL_TMO/sub_86_I312         251.8138      0.0       251.8138        0.0000  0.0000  cpl_timeout_logic_DW01_sub_171
u_tl_top/U_CPL_TMO/sub_86_I313         251.8138      0.0       251.8138        0.0000  0.0000  cpl_timeout_logic_DW01_sub_217
u_tl_top/U_CPL_TMO/sub_86_I314         251.8138      0.0       251.8138        0.0000  0.0000  cpl_timeout_logic_DW01_sub_420
u_tl_top/U_CPL_TMO/sub_86_I315         251.8138      0.0       251.8138        0.0000  0.0000  cpl_timeout_logic_DW01_sub_926
u_tl_top/U_CPL_TMO/sub_86_I316         251.8138      0.0       251.8138        0.0000  0.0000  cpl_timeout_logic_DW01_sub_376
u_tl_top/U_CPL_TMO/sub_86_I317         251.8138      0.0       251.8138        0.0000  0.0000  cpl_timeout_logic_DW01_sub_252
u_tl_top/U_CPL_TMO/sub_86_I318         251.8138      0.0       251.8138        0.0000  0.0000  cpl_timeout_logic_DW01_sub_725
u_tl_top/U_CPL_TMO/sub_86_I319         251.8138      0.0       251.8138        0.0000  0.0000  cpl_timeout_logic_DW01_sub_331
u_tl_top/U_CPL_TMO/sub_86_I32          251.8138      0.0       251.8138        0.0000  0.0000  cpl_timeout_logic_DW01_sub_5
u_tl_top/U_CPL_TMO/sub_86_I320         251.8138      0.0       251.8138        0.0000  0.0000  cpl_timeout_logic_DW01_sub_346
u_tl_top/U_CPL_TMO/sub_86_I321         251.8138      0.0       251.8138        0.0000  0.0000  cpl_timeout_logic_DW01_sub_487
u_tl_top/U_CPL_TMO/sub_86_I322         251.8138      0.0       251.8138        0.0000  0.0000  cpl_timeout_logic_DW01_sub_500
u_tl_top/U_CPL_TMO/sub_86_I323         251.8138      0.0       251.8138        0.0000  0.0000  cpl_timeout_logic_DW01_sub_1008
u_tl_top/U_CPL_TMO/sub_86_I324         251.8138      0.0       251.8138        0.0000  0.0000  cpl_timeout_logic_DW01_sub_286
u_tl_top/U_CPL_TMO/sub_86_I325         251.8138      0.0       251.8138        0.0000  0.0000  cpl_timeout_logic_DW01_sub_320
u_tl_top/U_CPL_TMO/sub_86_I326         251.8138      0.0       251.8138        0.0000  0.0000  cpl_timeout_logic_DW01_sub_162
u_tl_top/U_CPL_TMO/sub_86_I327         251.8138      0.0       251.8138        0.0000  0.0000  cpl_timeout_logic_DW01_sub_632
u_tl_top/U_CPL_TMO/sub_86_I328         251.8138      0.0       251.8138        0.0000  0.0000  cpl_timeout_logic_DW01_sub_645
u_tl_top/U_CPL_TMO/sub_86_I329         251.8138      0.0       251.8138        0.0000  0.0000  cpl_timeout_logic_DW01_sub_26
u_tl_top/U_CPL_TMO/sub_86_I33          251.8138      0.0       251.8138        0.0000  0.0000  cpl_timeout_logic_DW01_sub_319
u_tl_top/U_CPL_TMO/sub_86_I330         251.8138      0.0       251.8138        0.0000  0.0000  cpl_timeout_logic_DW01_sub_706
u_tl_top/U_CPL_TMO/sub_86_I331         251.8138      0.0       251.8138        0.0000  0.0000  cpl_timeout_logic_DW01_sub_713
u_tl_top/U_CPL_TMO/sub_86_I332         251.8138      0.0       251.8138        0.0000  0.0000  cpl_timeout_logic_DW01_sub_298
u_tl_top/U_CPL_TMO/sub_86_I333         251.8138      0.0       251.8138        0.0000  0.0000  cpl_timeout_logic_DW01_sub_456
u_tl_top/U_CPL_TMO/sub_86_I334         251.8138      0.0       251.8138        0.0000  0.0000  cpl_timeout_logic_DW01_sub_498
u_tl_top/U_CPL_TMO/sub_86_I335         251.8138      0.0       251.8138        0.0000  0.0000  cpl_timeout_logic_DW01_sub_756
u_tl_top/U_CPL_TMO/sub_86_I336         251.8138      0.0       251.8138        0.0000  0.0000  cpl_timeout_logic_DW01_sub_564
u_tl_top/U_CPL_TMO/sub_86_I337         251.8138      0.0       251.8138        0.0000  0.0000  cpl_timeout_logic_DW01_sub_199
u_tl_top/U_CPL_TMO/sub_86_I338         251.8138      0.0       251.8138        0.0000  0.0000  cpl_timeout_logic_DW01_sub_125
u_tl_top/U_CPL_TMO/sub_86_I339         251.8138      0.0       251.8138        0.0000  0.0000  cpl_timeout_logic_DW01_sub_14
u_tl_top/U_CPL_TMO/sub_86_I34          251.8138      0.0       251.8138        0.0000  0.0000  cpl_timeout_logic_DW01_sub_214
u_tl_top/U_CPL_TMO/sub_86_I340         251.8138      0.0       251.8138        0.0000  0.0000  cpl_timeout_logic_DW01_sub_139
u_tl_top/U_CPL_TMO/sub_86_I341         251.8138      0.0       251.8138        0.0000  0.0000  cpl_timeout_logic_DW01_sub_426
u_tl_top/U_CPL_TMO/sub_86_I342         251.8138      0.0       251.8138        0.0000  0.0000  cpl_timeout_logic_DW01_sub_12
u_tl_top/U_CPL_TMO/sub_86_I343         251.8138      0.0       251.8138        0.0000  0.0000  cpl_timeout_logic_DW01_sub_232
u_tl_top/U_CPL_TMO/sub_86_I344         251.8138      0.0       251.8138        0.0000  0.0000  cpl_timeout_logic_DW01_sub_394
u_tl_top/U_CPL_TMO/sub_86_I345         251.8138      0.0       251.8138        0.0000  0.0000  cpl_timeout_logic_DW01_sub_910
u_tl_top/U_CPL_TMO/sub_86_I346         251.8138      0.0       251.8138        0.0000  0.0000  cpl_timeout_logic_DW01_sub_874
u_tl_top/U_CPL_TMO/sub_86_I347         251.8138      0.0       251.8138        0.0000  0.0000  cpl_timeout_logic_DW01_sub_48
u_tl_top/U_CPL_TMO/sub_86_I348         251.8138      0.0       251.8138        0.0000  0.0000  cpl_timeout_logic_DW01_sub_448
u_tl_top/U_CPL_TMO/sub_86_I349         251.8138      0.0       251.8138        0.0000  0.0000  cpl_timeout_logic_DW01_sub_1003
u_tl_top/U_CPL_TMO/sub_86_I35          251.8138      0.0       251.8138        0.0000  0.0000  cpl_timeout_logic_DW01_sub_965
u_tl_top/U_CPL_TMO/sub_86_I350         251.8138      0.0       251.8138        0.0000  0.0000  cpl_timeout_logic_DW01_sub_363
u_tl_top/U_CPL_TMO/sub_86_I351         251.8138      0.0       251.8138        0.0000  0.0000  cpl_timeout_logic_DW01_sub_330
u_tl_top/U_CPL_TMO/sub_86_I352         251.8138      0.0       251.8138        0.0000  0.0000  cpl_timeout_logic_DW01_sub_77
u_tl_top/U_CPL_TMO/sub_86_I353         251.8138      0.0       251.8138        0.0000  0.0000  cpl_timeout_logic_DW01_sub_578
u_tl_top/U_CPL_TMO/sub_86_I354         251.8138      0.0       251.8138        0.0000  0.0000  cpl_timeout_logic_DW01_sub_277
u_tl_top/U_CPL_TMO/sub_86_I355         251.8138      0.0       251.8138        0.0000  0.0000  cpl_timeout_logic_DW01_sub_175
u_tl_top/U_CPL_TMO/sub_86_I356         251.8138      0.0       251.8138        0.0000  0.0000  cpl_timeout_logic_DW01_sub_762
u_tl_top/U_CPL_TMO/sub_86_I357         251.8138      0.0       251.8138        0.0000  0.0000  cpl_timeout_logic_DW01_sub_278
u_tl_top/U_CPL_TMO/sub_86_I358         251.8138      0.0       251.8138        0.0000  0.0000  cpl_timeout_logic_DW01_sub_425
u_tl_top/U_CPL_TMO/sub_86_I359         251.8138      0.0       251.8138        0.0000  0.0000  cpl_timeout_logic_DW01_sub_295
u_tl_top/U_CPL_TMO/sub_86_I36          251.8138      0.0       251.8138        0.0000  0.0000  cpl_timeout_logic_DW01_sub_649
u_tl_top/U_CPL_TMO/sub_86_I360         251.8138      0.0       251.8138        0.0000  0.0000  cpl_timeout_logic_DW01_sub_457
u_tl_top/U_CPL_TMO/sub_86_I361         251.8138      0.0       251.8138        0.0000  0.0000  cpl_timeout_logic_DW01_sub_853
u_tl_top/U_CPL_TMO/sub_86_I362         251.8138      0.0       251.8138        0.0000  0.0000  cpl_timeout_logic_DW01_sub_476
u_tl_top/U_CPL_TMO/sub_86_I363         251.8138      0.0       251.8138        0.0000  0.0000  cpl_timeout_logic_DW01_sub_860
u_tl_top/U_CPL_TMO/sub_86_I364         251.8138      0.0       251.8138        0.0000  0.0000  cpl_timeout_logic_DW01_sub_382
u_tl_top/U_CPL_TMO/sub_86_I365         251.8138      0.0       251.8138        0.0000  0.0000  cpl_timeout_logic_DW01_sub_202
u_tl_top/U_CPL_TMO/sub_86_I366         251.8138      0.0       251.8138        0.0000  0.0000  cpl_timeout_logic_DW01_sub_591
u_tl_top/U_CPL_TMO/sub_86_I367         251.8138      0.0       251.8138        0.0000  0.0000  cpl_timeout_logic_DW01_sub_576
u_tl_top/U_CPL_TMO/sub_86_I368         251.8138      0.0       251.8138        0.0000  0.0000  cpl_timeout_logic_DW01_sub_1014
u_tl_top/U_CPL_TMO/sub_86_I369         251.8138      0.0       251.8138        0.0000  0.0000  cpl_timeout_logic_DW01_sub_86
u_tl_top/U_CPL_TMO/sub_86_I37          251.8138      0.0       251.8138        0.0000  0.0000  cpl_timeout_logic_DW01_sub_546
u_tl_top/U_CPL_TMO/sub_86_I370         251.8138      0.0       251.8138        0.0000  0.0000  cpl_timeout_logic_DW01_sub_316
u_tl_top/U_CPL_TMO/sub_86_I371         251.8138      0.0       251.8138        0.0000  0.0000  cpl_timeout_logic_DW01_sub_237
u_tl_top/U_CPL_TMO/sub_86_I372         251.8138      0.0       251.8138        0.0000  0.0000  cpl_timeout_logic_DW01_sub_697
u_tl_top/U_CPL_TMO/sub_86_I373         251.8138      0.0       251.8138        0.0000  0.0000  cpl_timeout_logic_DW01_sub_565
u_tl_top/U_CPL_TMO/sub_86_I374         251.8138      0.0       251.8138        0.0000  0.0000  cpl_timeout_logic_DW01_sub_668
u_tl_top/U_CPL_TMO/sub_86_I375         251.8138      0.0       251.8138        0.0000  0.0000  cpl_timeout_logic_DW01_sub_490
u_tl_top/U_CPL_TMO/sub_86_I376         251.8138      0.0       251.8138        0.0000  0.0000  cpl_timeout_logic_DW01_sub_348
u_tl_top/U_CPL_TMO/sub_86_I377         251.8138      0.0       251.8138        0.0000  0.0000  cpl_timeout_logic_DW01_sub_1012
u_tl_top/U_CPL_TMO/sub_86_I378         251.8138      0.0       251.8138        0.0000  0.0000  cpl_timeout_logic_DW01_sub_308
u_tl_top/U_CPL_TMO/sub_86_I379         251.8138      0.0       251.8138        0.0000  0.0000  cpl_timeout_logic_DW01_sub_956
u_tl_top/U_CPL_TMO/sub_86_I38          251.8138      0.0       251.8138        0.0000  0.0000  cpl_timeout_logic_DW01_sub_42
u_tl_top/U_CPL_TMO/sub_86_I380         251.8138      0.0       251.8138        0.0000  0.0000  cpl_timeout_logic_DW01_sub_260
u_tl_top/U_CPL_TMO/sub_86_I381         251.8138      0.0       251.8138        0.0000  0.0000  cpl_timeout_logic_DW01_sub_924
u_tl_top/U_CPL_TMO/sub_86_I382         251.8138      0.0       251.8138        0.0000  0.0000  cpl_timeout_logic_DW01_sub_1018
u_tl_top/U_CPL_TMO/sub_86_I383         251.8138      0.0       251.8138        0.0000  0.0000  cpl_timeout_logic_DW01_sub_861
u_tl_top/U_CPL_TMO/sub_86_I384         251.8138      0.0       251.8138        0.0000  0.0000  cpl_timeout_logic_DW01_sub_274
u_tl_top/U_CPL_TMO/sub_86_I385         251.8138      0.0       251.8138        0.0000  0.0000  cpl_timeout_logic_DW01_sub_813
u_tl_top/U_CPL_TMO/sub_86_I386         251.8138      0.0       251.8138        0.0000  0.0000  cpl_timeout_logic_DW01_sub_419
u_tl_top/U_CPL_TMO/sub_86_I387         251.8138      0.0       251.8138        0.0000  0.0000  cpl_timeout_logic_DW01_sub_639
u_tl_top/U_CPL_TMO/sub_86_I388         251.8138      0.0       251.8138        0.0000  0.0000  cpl_timeout_logic_DW01_sub_784
u_tl_top/U_CPL_TMO/sub_86_I389         251.8138      0.0       251.8138        0.0000  0.0000  cpl_timeout_logic_DW01_sub_746
u_tl_top/U_CPL_TMO/sub_86_I39          251.8138      0.0       251.8138        0.0000  0.0000  cpl_timeout_logic_DW01_sub_59
u_tl_top/U_CPL_TMO/sub_86_I390         251.8138      0.0       251.8138        0.0000  0.0000  cpl_timeout_logic_DW01_sub_958
u_tl_top/U_CPL_TMO/sub_86_I391         251.8138      0.0       251.8138        0.0000  0.0000  cpl_timeout_logic_DW01_sub_731
u_tl_top/U_CPL_TMO/sub_86_I392         251.8138      0.0       251.8138        0.0000  0.0000  cpl_timeout_logic_DW01_sub_460
u_tl_top/U_CPL_TMO/sub_86_I393         251.8138      0.0       251.8138        0.0000  0.0000  cpl_timeout_logic_DW01_sub_648
u_tl_top/U_CPL_TMO/sub_86_I394         251.8138      0.0       251.8138        0.0000  0.0000  cpl_timeout_logic_DW01_sub_155
u_tl_top/U_CPL_TMO/sub_86_I395         251.8138      0.0       251.8138        0.0000  0.0000  cpl_timeout_logic_DW01_sub_497
u_tl_top/U_CPL_TMO/sub_86_I396         251.8138      0.0       251.8138        0.0000  0.0000  cpl_timeout_logic_DW01_sub_972
u_tl_top/U_CPL_TMO/sub_86_I397         251.8138      0.0       251.8138        0.0000  0.0000  cpl_timeout_logic_DW01_sub_179
u_tl_top/U_CPL_TMO/sub_86_I398         251.8138      0.0       251.8138        0.0000  0.0000  cpl_timeout_logic_DW01_sub_459
u_tl_top/U_CPL_TMO/sub_86_I399         251.8138      0.0       251.8138        0.0000  0.0000  cpl_timeout_logic_DW01_sub_969
u_tl_top/U_CPL_TMO/sub_86_I4           251.8138      0.0       251.8138        0.0000  0.0000  cpl_timeout_logic_DW01_sub_475
u_tl_top/U_CPL_TMO/sub_86_I40          251.8138      0.0       251.8138        0.0000  0.0000  cpl_timeout_logic_DW01_sub_85
u_tl_top/U_CPL_TMO/sub_86_I400         251.8138      0.0       251.8138        0.0000  0.0000  cpl_timeout_logic_DW01_sub_130
u_tl_top/U_CPL_TMO/sub_86_I401         251.8138      0.0       251.8138        0.0000  0.0000  cpl_timeout_logic_DW01_sub_4
u_tl_top/U_CPL_TMO/sub_86_I402         251.8138      0.0       251.8138        0.0000  0.0000  cpl_timeout_logic_DW01_sub_745
u_tl_top/U_CPL_TMO/sub_86_I403         251.8138      0.0       251.8138        0.0000  0.0000  cpl_timeout_logic_DW01_sub_429
u_tl_top/U_CPL_TMO/sub_86_I404         251.8138      0.0       251.8138        0.0000  0.0000  cpl_timeout_logic_DW01_sub_740
u_tl_top/U_CPL_TMO/sub_86_I405         251.8138      0.0       251.8138        0.0000  0.0000  cpl_timeout_logic_DW01_sub_704
u_tl_top/U_CPL_TMO/sub_86_I406         251.8138      0.0       251.8138        0.0000  0.0000  cpl_timeout_logic_DW01_sub_569
u_tl_top/U_CPL_TMO/sub_86_I407         251.8138      0.0       251.8138        0.0000  0.0000  cpl_timeout_logic_DW01_sub_204
u_tl_top/U_CPL_TMO/sub_86_I408         251.8138      0.0       251.8138        0.0000  0.0000  cpl_timeout_logic_DW01_sub_228
u_tl_top/U_CPL_TMO/sub_86_I409         251.8138      0.0       251.8138        0.0000  0.0000  cpl_timeout_logic_DW01_sub_839
u_tl_top/U_CPL_TMO/sub_86_I41          251.8138      0.0       251.8138        0.0000  0.0000  cpl_timeout_logic_DW01_sub_718
u_tl_top/U_CPL_TMO/sub_86_I410         251.8138      0.0       251.8138        0.0000  0.0000  cpl_timeout_logic_DW01_sub_876
u_tl_top/U_CPL_TMO/sub_86_I411         251.8138      0.0       251.8138        0.0000  0.0000  cpl_timeout_logic_DW01_sub_523
u_tl_top/U_CPL_TMO/sub_86_I412         251.8138      0.0       251.8138        0.0000  0.0000  cpl_timeout_logic_DW01_sub_51
u_tl_top/U_CPL_TMO/sub_86_I413         251.8138      0.0       251.8138        0.0000  0.0000  cpl_timeout_logic_DW01_sub_946
u_tl_top/U_CPL_TMO/sub_86_I414         251.8138      0.0       251.8138        0.0000  0.0000  cpl_timeout_logic_DW01_sub_315
u_tl_top/U_CPL_TMO/sub_86_I415         251.8138      0.0       251.8138        0.0000  0.0000  cpl_timeout_logic_DW01_sub_257
u_tl_top/U_CPL_TMO/sub_86_I416         251.8138      0.0       251.8138        0.0000  0.0000  cpl_timeout_logic_DW01_sub_976
u_tl_top/U_CPL_TMO/sub_86_I417         251.8138      0.0       251.8138        0.0000  0.0000  cpl_timeout_logic_DW01_sub_531
u_tl_top/U_CPL_TMO/sub_86_I418         251.8138      0.0       251.8138        0.0000  0.0000  cpl_timeout_logic_DW01_sub_901
u_tl_top/U_CPL_TMO/sub_86_I419         251.8138      0.0       251.8138        0.0000  0.0000  cpl_timeout_logic_DW01_sub_392
u_tl_top/U_CPL_TMO/sub_86_I42          251.8138      0.0       251.8138        0.0000  0.0000  cpl_timeout_logic_DW01_sub_285
u_tl_top/U_CPL_TMO/sub_86_I420         251.8138      0.0       251.8138        0.0000  0.0000  cpl_timeout_logic_DW01_sub_847
u_tl_top/U_CPL_TMO/sub_86_I421         251.8138      0.0       251.8138        0.0000  0.0000  cpl_timeout_logic_DW01_sub_491
u_tl_top/U_CPL_TMO/sub_86_I422         251.8138      0.0       251.8138        0.0000  0.0000  cpl_timeout_logic_DW01_sub_1021
u_tl_top/U_CPL_TMO/sub_86_I423         251.8138      0.0       251.8138        0.0000  0.0000  cpl_timeout_logic_DW01_sub_568
u_tl_top/U_CPL_TMO/sub_86_I424         251.8138      0.0       251.8138        0.0000  0.0000  cpl_timeout_logic_DW01_sub_23
u_tl_top/U_CPL_TMO/sub_86_I425         251.8138      0.0       251.8138        0.0000  0.0000  cpl_timeout_logic_DW01_sub_245
u_tl_top/U_CPL_TMO/sub_86_I426         251.8138      0.0       251.8138        0.0000  0.0000  cpl_timeout_logic_DW01_sub_146
u_tl_top/U_CPL_TMO/sub_86_I427         251.8138      0.0       251.8138        0.0000  0.0000  cpl_timeout_logic_DW01_sub_997
u_tl_top/U_CPL_TMO/sub_86_I428         251.8138      0.0       251.8138        0.0000  0.0000  cpl_timeout_logic_DW01_sub_786
u_tl_top/U_CPL_TMO/sub_86_I429         251.8138      0.0       251.8138        0.0000  0.0000  cpl_timeout_logic_DW01_sub_296
u_tl_top/U_CPL_TMO/sub_86_I43          251.8138      0.0       251.8138        0.0000  0.0000  cpl_timeout_logic_DW01_sub_1013
u_tl_top/U_CPL_TMO/sub_86_I430         251.8138      0.0       251.8138        0.0000  0.0000  cpl_timeout_logic_DW01_sub_577
u_tl_top/U_CPL_TMO/sub_86_I431         251.8138      0.0       251.8138        0.0000  0.0000  cpl_timeout_logic_DW01_sub_221
u_tl_top/U_CPL_TMO/sub_86_I432         251.8138      0.0       251.8138        0.0000  0.0000  cpl_timeout_logic_DW01_sub_689
u_tl_top/U_CPL_TMO/sub_86_I433         251.8138      0.0       251.8138        0.0000  0.0000  cpl_timeout_logic_DW01_sub_808
u_tl_top/U_CPL_TMO/sub_86_I434         251.8138      0.0       251.8138        0.0000  0.0000  cpl_timeout_logic_DW01_sub_912
u_tl_top/U_CPL_TMO/sub_86_I435         251.8138      0.0       251.8138        0.0000  0.0000  cpl_timeout_logic_DW01_sub_545
u_tl_top/U_CPL_TMO/sub_86_I436         251.8138      0.0       251.8138        0.0000  0.0000  cpl_timeout_logic_DW01_sub_770
u_tl_top/U_CPL_TMO/sub_86_I437         251.8138      0.0       251.8138        0.0000  0.0000  cpl_timeout_logic_DW01_sub_318
u_tl_top/U_CPL_TMO/sub_86_I438         251.8138      0.0       251.8138        0.0000  0.0000  cpl_timeout_logic_DW01_sub_687
u_tl_top/U_CPL_TMO/sub_86_I439         251.8138      0.0       251.8138        0.0000  0.0000  cpl_timeout_logic_DW01_sub_1015
u_tl_top/U_CPL_TMO/sub_86_I44          251.8138      0.0       251.8138        0.0000  0.0000  cpl_timeout_logic_DW01_sub_678
u_tl_top/U_CPL_TMO/sub_86_I440         251.8138      0.0       251.8138        0.0000  0.0000  cpl_timeout_logic_DW01_sub_339
u_tl_top/U_CPL_TMO/sub_86_I441         251.8138      0.0       251.8138        0.0000  0.0000  cpl_timeout_logic_DW01_sub_306
u_tl_top/U_CPL_TMO/sub_86_I442         251.8138      0.0       251.8138        0.0000  0.0000  cpl_timeout_logic_DW01_sub_906
u_tl_top/U_CPL_TMO/sub_86_I443         251.8138      0.0       251.8138        0.0000  0.0000  cpl_timeout_logic_DW01_sub_403
u_tl_top/U_CPL_TMO/sub_86_I444         251.8138      0.0       251.8138        0.0000  0.0000  cpl_timeout_logic_DW01_sub_605
u_tl_top/U_CPL_TMO/sub_86_I445         251.8138      0.0       251.8138        0.0000  0.0000  cpl_timeout_logic_DW01_sub_176
u_tl_top/U_CPL_TMO/sub_86_I446         251.8138      0.0       251.8138        0.0000  0.0000  cpl_timeout_logic_DW01_sub_767
u_tl_top/U_CPL_TMO/sub_86_I447         251.8138      0.0       251.8138        0.0000  0.0000  cpl_timeout_logic_DW01_sub_940
u_tl_top/U_CPL_TMO/sub_86_I448         251.8138      0.0       251.8138        0.0000  0.0000  cpl_timeout_logic_DW01_sub_36
u_tl_top/U_CPL_TMO/sub_86_I449         251.8138      0.0       251.8138        0.0000  0.0000  cpl_timeout_logic_DW01_sub_452
u_tl_top/U_CPL_TMO/sub_86_I45          251.8138      0.0       251.8138        0.0000  0.0000  cpl_timeout_logic_DW01_sub_763
u_tl_top/U_CPL_TMO/sub_86_I450         251.8138      0.0       251.8138        0.0000  0.0000  cpl_timeout_logic_DW01_sub_660
u_tl_top/U_CPL_TMO/sub_86_I451         251.8138      0.0       251.8138        0.0000  0.0000  cpl_timeout_logic_DW01_sub_10
u_tl_top/U_CPL_TMO/sub_86_I452         251.8138      0.0       251.8138        0.0000  0.0000  cpl_timeout_logic_DW01_sub_297
u_tl_top/U_CPL_TMO/sub_86_I453         251.8138      0.0       251.8138        0.0000  0.0000  cpl_timeout_logic_DW01_sub_820
u_tl_top/U_CPL_TMO/sub_86_I454         251.8138      0.0       251.8138        0.0000  0.0000  cpl_timeout_logic_DW01_sub_389
u_tl_top/U_CPL_TMO/sub_86_I455         251.8138      0.0       251.8138        0.0000  0.0000  cpl_timeout_logic_DW01_sub_944
u_tl_top/U_CPL_TMO/sub_86_I456         251.8138      0.0       251.8138        0.0000  0.0000  cpl_timeout_logic_DW01_sub_779
u_tl_top/U_CPL_TMO/sub_86_I457         251.8138      0.0       251.8138        0.0000  0.0000  cpl_timeout_logic_DW01_sub_61
u_tl_top/U_CPL_TMO/sub_86_I458         251.8138      0.0       251.8138        0.0000  0.0000  cpl_timeout_logic_DW01_sub_593
u_tl_top/U_CPL_TMO/sub_86_I459         251.8138      0.0       251.8138        0.0000  0.0000  cpl_timeout_logic_DW01_sub_526
u_tl_top/U_CPL_TMO/sub_86_I46          251.8138      0.0       251.8138        0.0000  0.0000  cpl_timeout_logic_DW01_sub_11
u_tl_top/U_CPL_TMO/sub_86_I460         251.8138      0.0       251.8138        0.0000  0.0000  cpl_timeout_logic_DW01_sub_597
u_tl_top/U_CPL_TMO/sub_86_I461         251.8138      0.0       251.8138        0.0000  0.0000  cpl_timeout_logic_DW01_sub_445
u_tl_top/U_CPL_TMO/sub_86_I462         251.8138      0.0       251.8138        0.0000  0.0000  cpl_timeout_logic_DW01_sub_467
u_tl_top/U_CPL_TMO/sub_86_I463         251.8138      0.0       251.8138        0.0000  0.0000  cpl_timeout_logic_DW01_sub_212
u_tl_top/U_CPL_TMO/sub_86_I464         251.8138      0.0       251.8138        0.0000  0.0000  cpl_timeout_logic_DW01_sub_455
u_tl_top/U_CPL_TMO/sub_86_I465         251.8138      0.0       251.8138        0.0000  0.0000  cpl_timeout_logic_DW01_sub_805
u_tl_top/U_CPL_TMO/sub_86_I466         251.8138      0.0       251.8138        0.0000  0.0000  cpl_timeout_logic_DW01_sub_845
u_tl_top/U_CPL_TMO/sub_86_I467         251.8138      0.0       251.8138        0.0000  0.0000  cpl_timeout_logic_DW01_sub_180
u_tl_top/U_CPL_TMO/sub_86_I468         251.8138      0.0       251.8138        0.0000  0.0000  cpl_timeout_logic_DW01_sub_210
u_tl_top/U_CPL_TMO/sub_86_I469         251.8138      0.0       251.8138        0.0000  0.0000  cpl_timeout_logic_DW01_sub_796
u_tl_top/U_CPL_TMO/sub_86_I47          251.8138      0.0       251.8138        0.0000  0.0000  cpl_timeout_logic_DW01_sub_750
u_tl_top/U_CPL_TMO/sub_86_I470         251.8138      0.0       251.8138        0.0000  0.0000  cpl_timeout_logic_DW01_sub_852
u_tl_top/U_CPL_TMO/sub_86_I471         251.8138      0.0       251.8138        0.0000  0.0000  cpl_timeout_logic_DW01_sub_239
u_tl_top/U_CPL_TMO/sub_86_I472         251.8138      0.0       251.8138        0.0000  0.0000  cpl_timeout_logic_DW01_sub_573
u_tl_top/U_CPL_TMO/sub_86_I473         251.8138      0.0       251.8138        0.0000  0.0000  cpl_timeout_logic_DW01_sub_915
u_tl_top/U_CPL_TMO/sub_86_I474         251.8138      0.0       251.8138        0.0000  0.0000  cpl_timeout_logic_DW01_sub_996
u_tl_top/U_CPL_TMO/sub_86_I475         251.8138      0.0       251.8138        0.0000  0.0000  cpl_timeout_logic_DW01_sub_151
u_tl_top/U_CPL_TMO/sub_86_I476         251.8138      0.0       251.8138        0.0000  0.0000  cpl_timeout_logic_DW01_sub_864
u_tl_top/U_CPL_TMO/sub_86_I477         251.8138      0.0       251.8138        0.0000  0.0000  cpl_timeout_logic_DW01_sub_903
u_tl_top/U_CPL_TMO/sub_86_I478         251.8138      0.0       251.8138        0.0000  0.0000  cpl_timeout_logic_DW01_sub_386
u_tl_top/U_CPL_TMO/sub_86_I479         251.8138      0.0       251.8138        0.0000  0.0000  cpl_timeout_logic_DW01_sub_224
u_tl_top/U_CPL_TMO/sub_86_I48          251.8138      0.0       251.8138        0.0000  0.0000  cpl_timeout_logic_DW01_sub_377
u_tl_top/U_CPL_TMO/sub_86_I480         251.8138      0.0       251.8138        0.0000  0.0000  cpl_timeout_logic_DW01_sub_981
u_tl_top/U_CPL_TMO/sub_86_I481         251.8138      0.0       251.8138        0.0000  0.0000  cpl_timeout_logic_DW01_sub_22
u_tl_top/U_CPL_TMO/sub_86_I482         251.8138      0.0       251.8138        0.0000  0.0000  cpl_timeout_logic_DW01_sub_233
u_tl_top/U_CPL_TMO/sub_86_I483         251.8138      0.0       251.8138        0.0000  0.0000  cpl_timeout_logic_DW01_sub_41
u_tl_top/U_CPL_TMO/sub_86_I484         251.8138      0.0       251.8138        0.0000  0.0000  cpl_timeout_logic_DW01_sub_682
u_tl_top/U_CPL_TMO/sub_86_I485         251.8138      0.0       251.8138        0.0000  0.0000  cpl_timeout_logic_DW01_sub_664
u_tl_top/U_CPL_TMO/sub_86_I486         251.8138      0.0       251.8138        0.0000  0.0000  cpl_timeout_logic_DW01_sub_517
u_tl_top/U_CPL_TMO/sub_86_I487         251.8138      0.0       251.8138        0.0000  0.0000  cpl_timeout_logic_DW01_sub_352
u_tl_top/U_CPL_TMO/sub_86_I488         251.8138      0.0       251.8138        0.0000  0.0000  cpl_timeout_logic_DW01_sub_463
u_tl_top/U_CPL_TMO/sub_86_I489         251.8138      0.0       251.8138        0.0000  0.0000  cpl_timeout_logic_DW01_sub_351
u_tl_top/U_CPL_TMO/sub_86_I49          251.8138      0.0       251.8138        0.0000  0.0000  cpl_timeout_logic_DW01_sub_851
u_tl_top/U_CPL_TMO/sub_86_I490         251.8138      0.0       251.8138        0.0000  0.0000  cpl_timeout_logic_DW01_sub_709
u_tl_top/U_CPL_TMO/sub_86_I491         251.8138      0.0       251.8138        0.0000  0.0000  cpl_timeout_logic_DW01_sub_908
u_tl_top/U_CPL_TMO/sub_86_I492         251.8138      0.0       251.8138        0.0000  0.0000  cpl_timeout_logic_DW01_sub_259
u_tl_top/U_CPL_TMO/sub_86_I493         251.8138      0.0       251.8138        0.0000  0.0000  cpl_timeout_logic_DW01_sub_207
u_tl_top/U_CPL_TMO/sub_86_I494         251.8138      0.0       251.8138        0.0000  0.0000  cpl_timeout_logic_DW01_sub_973
u_tl_top/U_CPL_TMO/sub_86_I495         251.8138      0.0       251.8138        0.0000  0.0000  cpl_timeout_logic_DW01_sub_584
u_tl_top/U_CPL_TMO/sub_86_I496         251.8138      0.0       251.8138        0.0000  0.0000  cpl_timeout_logic_DW01_sub_541
u_tl_top/U_CPL_TMO/sub_86_I497         251.8138      0.0       251.8138        0.0000  0.0000  cpl_timeout_logic_DW01_sub_556
u_tl_top/U_CPL_TMO/sub_86_I498         251.8138      0.0       251.8138        0.0000  0.0000  cpl_timeout_logic_DW01_sub_773
u_tl_top/U_CPL_TMO/sub_86_I499         251.8138      0.0       251.8138        0.0000  0.0000  cpl_timeout_logic_DW01_sub_802
u_tl_top/U_CPL_TMO/sub_86_I5           251.8138      0.0       251.8138        0.0000  0.0000  cpl_timeout_logic_DW01_sub_65
u_tl_top/U_CPL_TMO/sub_86_I50          251.8138      0.0       251.8138        0.0000  0.0000  cpl_timeout_logic_DW01_sub_248
u_tl_top/U_CPL_TMO/sub_86_I500         251.8138      0.0       251.8138        0.0000  0.0000  cpl_timeout_logic_DW01_sub_344
u_tl_top/U_CPL_TMO/sub_86_I501         251.8138      0.0       251.8138        0.0000  0.0000  cpl_timeout_logic_DW01_sub_24
u_tl_top/U_CPL_TMO/sub_86_I502         251.8138      0.0       251.8138        0.0000  0.0000  cpl_timeout_logic_DW01_sub_495
u_tl_top/U_CPL_TMO/sub_86_I503         251.8138      0.0       251.8138        0.0000  0.0000  cpl_timeout_logic_DW01_sub_90
u_tl_top/U_CPL_TMO/sub_86_I504         251.8138      0.0       251.8138        0.0000  0.0000  cpl_timeout_logic_DW01_sub_726
u_tl_top/U_CPL_TMO/sub_86_I505         251.8138      0.0       251.8138        0.0000  0.0000  cpl_timeout_logic_DW01_sub_987
u_tl_top/U_CPL_TMO/sub_86_I506         251.8138      0.0       251.8138        0.0000  0.0000  cpl_timeout_logic_DW01_sub_28
u_tl_top/U_CPL_TMO/sub_86_I507         251.8138      0.0       251.8138        0.0000  0.0000  cpl_timeout_logic_DW01_sub_961
u_tl_top/U_CPL_TMO/sub_86_I508         251.8138      0.0       251.8138        0.0000  0.0000  cpl_timeout_logic_DW01_sub_986
u_tl_top/U_CPL_TMO/sub_86_I509         251.8138      0.0       251.8138        0.0000  0.0000  cpl_timeout_logic_DW01_sub_711
u_tl_top/U_CPL_TMO/sub_86_I51          251.8138      0.0       251.8138        0.0000  0.0000  cpl_timeout_logic_DW01_sub_594
u_tl_top/U_CPL_TMO/sub_86_I510         251.8138      0.0       251.8138        0.0000  0.0000  cpl_timeout_logic_DW01_sub_821
u_tl_top/U_CPL_TMO/sub_86_I511         251.8138      0.0       251.8138        0.0000  0.0000  cpl_timeout_logic_DW01_sub_311
u_tl_top/U_CPL_TMO/sub_86_I512         251.8138      0.0       251.8138        0.0000  0.0000  cpl_timeout_logic_DW01_sub_499
u_tl_top/U_CPL_TMO/sub_86_I513         251.8138      0.0       251.8138        0.0000  0.0000  cpl_timeout_logic_DW01_sub_142
u_tl_top/U_CPL_TMO/sub_86_I514         251.8138      0.0       251.8138        0.0000  0.0000  cpl_timeout_logic_DW01_sub_1006
u_tl_top/U_CPL_TMO/sub_86_I515         251.8138      0.0       251.8138        0.0000  0.0000  cpl_timeout_logic_DW01_sub_79
u_tl_top/U_CPL_TMO/sub_86_I516         251.8138      0.0       251.8138        0.0000  0.0000  cpl_timeout_logic_DW01_sub_806
u_tl_top/U_CPL_TMO/sub_86_I517         251.8138      0.0       251.8138        0.0000  0.0000  cpl_timeout_logic_DW01_sub_862
u_tl_top/U_CPL_TMO/sub_86_I518         251.8138      0.0       251.8138        0.0000  0.0000  cpl_timeout_logic_DW01_sub_410
u_tl_top/U_CPL_TMO/sub_86_I519         251.8138      0.0       251.8138        0.0000  0.0000  cpl_timeout_logic_DW01_sub_669
u_tl_top/U_CPL_TMO/sub_86_I52          251.8138      0.0       251.8138        0.0000  0.0000  cpl_timeout_logic_DW01_sub_15
u_tl_top/U_CPL_TMO/sub_86_I520         251.8138      0.0       251.8138        0.0000  0.0000  cpl_timeout_logic_DW01_sub_581
u_tl_top/U_CPL_TMO/sub_86_I521         251.8138      0.0       251.8138        0.0000  0.0000  cpl_timeout_logic_DW01_sub_905
u_tl_top/U_CPL_TMO/sub_86_I522         251.8138      0.0       251.8138        0.0000  0.0000  cpl_timeout_logic_DW01_sub_846
u_tl_top/U_CPL_TMO/sub_86_I523         251.8138      0.0       251.8138        0.0000  0.0000  cpl_timeout_logic_DW01_sub_571
u_tl_top/U_CPL_TMO/sub_86_I524         251.8138      0.0       251.8138        0.0000  0.0000  cpl_timeout_logic_DW01_sub_939
u_tl_top/U_CPL_TMO/sub_86_I525         251.8138      0.0       251.8138        0.0000  0.0000  cpl_timeout_logic_DW01_sub_430
u_tl_top/U_CPL_TMO/sub_86_I526         251.8138      0.0       251.8138        0.0000  0.0000  cpl_timeout_logic_DW01_sub_633
u_tl_top/U_CPL_TMO/sub_86_I527         251.8138      0.0       251.8138        0.0000  0.0000  cpl_timeout_logic_DW01_sub_18
u_tl_top/U_CPL_TMO/sub_86_I528         251.8138      0.0       251.8138        0.0000  0.0000  cpl_timeout_logic_DW01_sub_921
u_tl_top/U_CPL_TMO/sub_86_I529         251.8138      0.0       251.8138        0.0000  0.0000  cpl_timeout_logic_DW01_sub_610
u_tl_top/U_CPL_TMO/sub_86_I53          251.8138      0.0       251.8138        0.0000  0.0000  cpl_timeout_logic_DW01_sub_247
u_tl_top/U_CPL_TMO/sub_86_I530         251.8138      0.0       251.8138        0.0000  0.0000  cpl_timeout_logic_DW01_sub_387
u_tl_top/U_CPL_TMO/sub_86_I531         251.8138      0.0       251.8138        0.0000  0.0000  cpl_timeout_logic_DW01_sub_522
u_tl_top/U_CPL_TMO/sub_86_I532         251.8138      0.0       251.8138        0.0000  0.0000  cpl_timeout_logic_DW01_sub_957
u_tl_top/U_CPL_TMO/sub_86_I533         251.8138      0.0       251.8138        0.0000  0.0000  cpl_timeout_logic_DW01_sub_922
u_tl_top/U_CPL_TMO/sub_86_I534         251.8138      0.0       251.8138        0.0000  0.0000  cpl_timeout_logic_DW01_sub_332
u_tl_top/U_CPL_TMO/sub_86_I535         251.8138      0.0       251.8138        0.0000  0.0000  cpl_timeout_logic_DW01_sub_287
u_tl_top/U_CPL_TMO/sub_86_I536         251.8138      0.0       251.8138        0.0000  0.0000  cpl_timeout_logic_DW01_sub_324
u_tl_top/U_CPL_TMO/sub_86_I537         251.8138      0.0       251.8138        0.0000  0.0000  cpl_timeout_logic_DW01_sub_943
u_tl_top/U_CPL_TMO/sub_86_I538         251.8138      0.0       251.8138        0.0000  0.0000  cpl_timeout_logic_DW01_sub_766
u_tl_top/U_CPL_TMO/sub_86_I539         251.8138      0.0       251.8138        0.0000  0.0000  cpl_timeout_logic_DW01_sub_480
u_tl_top/U_CPL_TMO/sub_86_I54          251.8138      0.0       251.8138        0.0000  0.0000  cpl_timeout_logic_DW01_sub_798
u_tl_top/U_CPL_TMO/sub_86_I540         251.8138      0.0       251.8138        0.0000  0.0000  cpl_timeout_logic_DW01_sub_643
u_tl_top/U_CPL_TMO/sub_86_I541         251.8138      0.0       251.8138        0.0000  0.0000  cpl_timeout_logic_DW01_sub_190
u_tl_top/U_CPL_TMO/sub_86_I542         251.8138      0.0       251.8138        0.0000  0.0000  cpl_timeout_logic_DW01_sub_743
u_tl_top/U_CPL_TMO/sub_86_I543         251.8138      0.0       251.8138        0.0000  0.0000  cpl_timeout_logic_DW01_sub_529
u_tl_top/U_CPL_TMO/sub_86_I544         251.8138      0.0       251.8138        0.0000  0.0000  cpl_timeout_logic_DW01_sub_270
u_tl_top/U_CPL_TMO/sub_86_I545         251.8138      0.0       251.8138        0.0000  0.0000  cpl_timeout_logic_DW01_sub_566
u_tl_top/U_CPL_TMO/sub_86_I546         251.8138      0.0       251.8138        0.0000  0.0000  cpl_timeout_logic_DW01_sub_736
u_tl_top/U_CPL_TMO/sub_86_I547         251.8138      0.0       251.8138        0.0000  0.0000  cpl_timeout_logic_DW01_sub_607
u_tl_top/U_CPL_TMO/sub_86_I548         251.8138      0.0       251.8138        0.0000  0.0000  cpl_timeout_logic_DW01_sub_121
u_tl_top/U_CPL_TMO/sub_86_I549         251.8138      0.0       251.8138        0.0000  0.0000  cpl_timeout_logic_DW01_sub_433
u_tl_top/U_CPL_TMO/sub_86_I55          251.8138      0.0       251.8138        0.0000  0.0000  cpl_timeout_logic_DW01_sub_936
u_tl_top/U_CPL_TMO/sub_86_I550         251.8138      0.0       251.8138        0.0000  0.0000  cpl_timeout_logic_DW01_sub_812
u_tl_top/U_CPL_TMO/sub_86_I551         251.8138      0.0       251.8138        0.0000  0.0000  cpl_timeout_logic_DW01_sub_148
u_tl_top/U_CPL_TMO/sub_86_I552         251.8138      0.0       251.8138        0.0000  0.0000  cpl_timeout_logic_DW01_sub_58
u_tl_top/U_CPL_TMO/sub_86_I553         251.8138      0.0       251.8138        0.0000  0.0000  cpl_timeout_logic_DW01_sub_681
u_tl_top/U_CPL_TMO/sub_86_I554         251.8138      0.0       251.8138        0.0000  0.0000  cpl_timeout_logic_DW01_sub_790
u_tl_top/U_CPL_TMO/sub_86_I555         251.8138      0.0       251.8138        0.0000  0.0000  cpl_timeout_logic_DW01_sub_462
u_tl_top/U_CPL_TMO/sub_86_I556         251.8138      0.0       251.8138        0.0000  0.0000  cpl_timeout_logic_DW01_sub_579
u_tl_top/U_CPL_TMO/sub_86_I557         251.8138      0.0       251.8138        0.0000  0.0000  cpl_timeout_logic_DW01_sub_895
u_tl_top/U_CPL_TMO/sub_86_I558         251.8138      0.0       251.8138        0.0000  0.0000  cpl_timeout_logic_DW01_sub_777
u_tl_top/U_CPL_TMO/sub_86_I559         251.8138      0.0       251.8138        0.0000  0.0000  cpl_timeout_logic_DW01_sub_604
u_tl_top/U_CPL_TMO/sub_86_I56          251.8138      0.0       251.8138        0.0000  0.0000  cpl_timeout_logic_DW01_sub_514
u_tl_top/U_CPL_TMO/sub_86_I560         251.8138      0.0       251.8138        0.0000  0.0000  cpl_timeout_logic_DW01_sub_46
u_tl_top/U_CPL_TMO/sub_86_I561         251.8138      0.0       251.8138        0.0000  0.0000  cpl_timeout_logic_DW01_sub_267
u_tl_top/U_CPL_TMO/sub_86_I562         251.8138      0.0       251.8138        0.0000  0.0000  cpl_timeout_logic_DW01_sub_29
u_tl_top/U_CPL_TMO/sub_86_I563         251.8138      0.0       251.8138        0.0000  0.0000  cpl_timeout_logic_DW01_sub_983
u_tl_top/U_CPL_TMO/sub_86_I564         251.8138      0.0       251.8138        0.0000  0.0000  cpl_timeout_logic_DW01_sub_112
u_tl_top/U_CPL_TMO/sub_86_I565         251.8138      0.0       251.8138        0.0000  0.0000  cpl_timeout_logic_DW01_sub_848
u_tl_top/U_CPL_TMO/sub_86_I566         251.8138      0.0       251.8138        0.0000  0.0000  cpl_timeout_logic_DW01_sub_550
u_tl_top/U_CPL_TMO/sub_86_I567         251.8138      0.0       251.8138        0.0000  0.0000  cpl_timeout_logic_DW01_sub_840
u_tl_top/U_CPL_TMO/sub_86_I568         251.8138      0.0       251.8138        0.0000  0.0000  cpl_timeout_logic_DW01_sub_494
u_tl_top/U_CPL_TMO/sub_86_I569         251.8138      0.0       251.8138        0.0000  0.0000  cpl_timeout_logic_DW01_sub_1019
u_tl_top/U_CPL_TMO/sub_86_I57          251.8138      0.0       251.8138        0.0000  0.0000  cpl_timeout_logic_DW01_sub_527
u_tl_top/U_CPL_TMO/sub_86_I570         251.8138      0.0       251.8138        0.0000  0.0000  cpl_timeout_logic_DW01_sub_395
u_tl_top/U_CPL_TMO/sub_86_I571         251.8138      0.0       251.8138        0.0000  0.0000  cpl_timeout_logic_DW01_sub_788
u_tl_top/U_CPL_TMO/sub_86_I572         251.8138      0.0       251.8138        0.0000  0.0000  cpl_timeout_logic_DW01_sub_166
u_tl_top/U_CPL_TMO/sub_86_I573         251.8138      0.0       251.8138        0.0000  0.0000  cpl_timeout_logic_DW01_sub_693
u_tl_top/U_CPL_TMO/sub_86_I574         251.8138      0.0       251.8138        0.0000  0.0000  cpl_timeout_logic_DW01_sub_510
u_tl_top/U_CPL_TMO/sub_86_I575         251.8138      0.0       251.8138        0.0000  0.0000  cpl_timeout_logic_DW01_sub_823
u_tl_top/U_CPL_TMO/sub_86_I576         251.8138      0.0       251.8138        0.0000  0.0000  cpl_timeout_logic_DW01_sub_963
u_tl_top/U_CPL_TMO/sub_86_I577         251.8138      0.0       251.8138        0.0000  0.0000  cpl_timeout_logic_DW01_sub_194
u_tl_top/U_CPL_TMO/sub_86_I578         251.8138      0.0       251.8138        0.0000  0.0000  cpl_timeout_logic_DW01_sub_341
u_tl_top/U_CPL_TMO/sub_86_I579         251.8138      0.0       251.8138        0.0000  0.0000  cpl_timeout_logic_DW01_sub_799
u_tl_top/U_CPL_TMO/sub_86_I58          251.8138      0.0       251.8138        0.0000  0.0000  cpl_timeout_logic_DW01_sub_978
u_tl_top/U_CPL_TMO/sub_86_I580         251.8138      0.0       251.8138        0.0000  0.0000  cpl_timeout_logic_DW01_sub_280
u_tl_top/U_CPL_TMO/sub_86_I581         251.8138      0.0       251.8138        0.0000  0.0000  cpl_timeout_logic_DW01_sub_984
u_tl_top/U_CPL_TMO/sub_86_I582         251.8138      0.0       251.8138        0.0000  0.0000  cpl_timeout_logic_DW01_sub_213
u_tl_top/U_CPL_TMO/sub_86_I583         251.8138      0.0       251.8138        0.0000  0.0000  cpl_timeout_logic_DW01_sub_53
u_tl_top/U_CPL_TMO/sub_86_I584         251.8138      0.0       251.8138        0.0000  0.0000  cpl_timeout_logic_DW01_sub_872
u_tl_top/U_CPL_TMO/sub_86_I585         251.8138      0.0       251.8138        0.0000  0.0000  cpl_timeout_logic_DW01_sub_708
u_tl_top/U_CPL_TMO/sub_86_I586         251.8138      0.0       251.8138        0.0000  0.0000  cpl_timeout_logic_DW01_sub_222
u_tl_top/U_CPL_TMO/sub_86_I587         251.8138      0.0       251.8138        0.0000  0.0000  cpl_timeout_logic_DW01_sub_580
u_tl_top/U_CPL_TMO/sub_86_I588         251.8138      0.0       251.8138        0.0000  0.0000  cpl_timeout_logic_DW01_sub_254
u_tl_top/U_CPL_TMO/sub_86_I589         251.8138      0.0       251.8138        0.0000  0.0000  cpl_timeout_logic_DW01_sub_667
u_tl_top/U_CPL_TMO/sub_86_I59          251.8138      0.0       251.8138        0.0000  0.0000  cpl_timeout_logic_DW01_sub_559
u_tl_top/U_CPL_TMO/sub_86_I590         251.8138      0.0       251.8138        0.0000  0.0000  cpl_timeout_logic_DW01_sub_769
u_tl_top/U_CPL_TMO/sub_86_I591         251.8138      0.0       251.8138        0.0000  0.0000  cpl_timeout_logic_DW01_sub_189
u_tl_top/U_CPL_TMO/sub_86_I592         251.8138      0.0       251.8138        0.0000  0.0000  cpl_timeout_logic_DW01_sub_800
u_tl_top/U_CPL_TMO/sub_86_I593         251.8138      0.0       251.8138        0.0000  0.0000  cpl_timeout_logic_DW01_sub_552
u_tl_top/U_CPL_TMO/sub_86_I594         251.8138      0.0       251.8138        0.0000  0.0000  cpl_timeout_logic_DW01_sub_68
u_tl_top/U_CPL_TMO/sub_86_I595         251.8138      0.0       251.8138        0.0000  0.0000  cpl_timeout_logic_DW01_sub_733
u_tl_top/U_CPL_TMO/sub_86_I596         251.8138      0.0       251.8138        0.0000  0.0000  cpl_timeout_logic_DW01_sub_193
u_tl_top/U_CPL_TMO/sub_86_I597         251.8138      0.0       251.8138        0.0000  0.0000  cpl_timeout_logic_DW01_sub_466
u_tl_top/U_CPL_TMO/sub_86_I598         251.8138      0.0       251.8138        0.0000  0.0000  cpl_timeout_logic_DW01_sub_154
u_tl_top/U_CPL_TMO/sub_86_I599         251.8138      0.0       251.8138        0.0000  0.0000  cpl_timeout_logic_DW01_sub_525
u_tl_top/U_CPL_TMO/sub_86_I6           251.8138      0.0       251.8138        0.0000  0.0000  cpl_timeout_logic_DW01_sub_650
u_tl_top/U_CPL_TMO/sub_86_I60          251.8138      0.0       251.8138        0.0000  0.0000  cpl_timeout_logic_DW01_sub_479
u_tl_top/U_CPL_TMO/sub_86_I600         251.8138      0.0       251.8138        0.0000  0.0000  cpl_timeout_logic_DW01_sub_630
u_tl_top/U_CPL_TMO/sub_86_I601         251.8138      0.0       251.8138        0.0000  0.0000  cpl_timeout_logic_DW01_sub_764
u_tl_top/U_CPL_TMO/sub_86_I602         251.8138      0.0       251.8138        0.0000  0.0000  cpl_timeout_logic_DW01_sub_801
u_tl_top/U_CPL_TMO/sub_86_I603         251.8138      0.0       251.8138        0.0000  0.0000  cpl_timeout_logic_DW01_sub_599
u_tl_top/U_CPL_TMO/sub_86_I604         251.8138      0.0       251.8138        0.0000  0.0000  cpl_timeout_logic_DW01_sub_373
u_tl_top/U_CPL_TMO/sub_86_I605         251.8138      0.0       251.8138        0.0000  0.0000  cpl_timeout_logic_DW01_sub_240
u_tl_top/U_CPL_TMO/sub_86_I606         251.8138      0.0       251.8138        0.0000  0.0000  cpl_timeout_logic_DW01_sub_168
u_tl_top/U_CPL_TMO/sub_86_I607         251.8138      0.0       251.8138        0.0000  0.0000  cpl_timeout_logic_DW01_sub_724
u_tl_top/U_CPL_TMO/sub_86_I608         251.8138      0.0       251.8138        0.0000  0.0000  cpl_timeout_logic_DW01_sub_27
u_tl_top/U_CPL_TMO/sub_86_I609         251.8138      0.0       251.8138        0.0000  0.0000  cpl_timeout_logic_DW01_sub_990
u_tl_top/U_CPL_TMO/sub_86_I61          251.8138      0.0       251.8138        0.0000  0.0000  cpl_timeout_logic_DW01_sub_624
u_tl_top/U_CPL_TMO/sub_86_I610         251.8138      0.0       251.8138        0.0000  0.0000  cpl_timeout_logic_DW01_sub_17
u_tl_top/U_CPL_TMO/sub_86_I611         251.8138      0.0       251.8138        0.0000  0.0000  cpl_timeout_logic_DW01_sub_477
u_tl_top/U_CPL_TMO/sub_86_I612         251.8138      0.0       251.8138        0.0000  0.0000  cpl_timeout_logic_DW01_sub_269
u_tl_top/U_CPL_TMO/sub_86_I613         251.8138      0.0       251.8138        0.0000  0.0000  cpl_timeout_logic_DW01_sub_123
u_tl_top/U_CPL_TMO/sub_86_I614         251.8138      0.0       251.8138        0.0000  0.0000  cpl_timeout_logic_DW01_sub_964
u_tl_top/U_CPL_TMO/sub_86_I615         251.8138      0.0       251.8138        0.0000  0.0000  cpl_timeout_logic_DW01_sub_47
u_tl_top/U_CPL_TMO/sub_86_I616         251.8138      0.0       251.8138        0.0000  0.0000  cpl_timeout_logic_DW01_sub_866
u_tl_top/U_CPL_TMO/sub_86_I617         251.8138      0.0       251.8138        0.0000  0.0000  cpl_timeout_logic_DW01_sub_809
u_tl_top/U_CPL_TMO/sub_86_I618         251.8138      0.0       251.8138        0.0000  0.0000  cpl_timeout_logic_DW01_sub_554
u_tl_top/U_CPL_TMO/sub_86_I619         251.8138      0.0       251.8138        0.0000  0.0000  cpl_timeout_logic_DW01_sub_411
u_tl_top/U_CPL_TMO/sub_86_I62          251.8138      0.0       251.8138        0.0000  0.0000  cpl_timeout_logic_DW01_sub_728
u_tl_top/U_CPL_TMO/sub_86_I620         251.8138      0.0       251.8138        0.0000  0.0000  cpl_timeout_logic_DW01_sub_393
u_tl_top/U_CPL_TMO/sub_86_I621         251.8138      0.0       251.8138        0.0000  0.0000  cpl_timeout_logic_DW01_sub_288
u_tl_top/U_CPL_TMO/sub_86_I622         251.8138      0.0       251.8138        0.0000  0.0000  cpl_timeout_logic_DW01_sub_985
u_tl_top/U_CPL_TMO/sub_86_I623         251.8138      0.0       251.8138        0.0000  0.0000  cpl_timeout_logic_DW01_sub_917
u_tl_top/U_CPL_TMO/sub_86_I624         251.8138      0.0       251.8138        0.0000  0.0000  cpl_timeout_logic_DW01_sub_653
u_tl_top/U_CPL_TMO/sub_86_I625         251.8138      0.0       251.8138        0.0000  0.0000  cpl_timeout_logic_DW01_sub_2
u_tl_top/U_CPL_TMO/sub_86_I626         251.8138      0.0       251.8138        0.0000  0.0000  cpl_timeout_logic_DW01_sub_169
u_tl_top/U_CPL_TMO/sub_86_I627         251.8138      0.0       251.8138        0.0000  0.0000  cpl_timeout_logic_DW01_sub_461
u_tl_top/U_CPL_TMO/sub_86_I628         251.8138      0.0       251.8138        0.0000  0.0000  cpl_timeout_logic_DW01_sub_117
u_tl_top/U_CPL_TMO/sub_86_I629         251.8138      0.0       251.8138        0.0000  0.0000  cpl_timeout_logic_DW01_sub_698
u_tl_top/U_CPL_TMO/sub_86_I63          251.8138      0.0       251.8138        0.0000  0.0000  cpl_timeout_logic_DW01_sub_81
u_tl_top/U_CPL_TMO/sub_86_I630         251.8138      0.0       251.8138        0.0000  0.0000  cpl_timeout_logic_DW01_sub_994
u_tl_top/U_CPL_TMO/sub_86_I631         251.8138      0.0       251.8138        0.0000  0.0000  cpl_timeout_logic_DW01_sub_246
u_tl_top/U_CPL_TMO/sub_86_I632         251.8138      0.0       251.8138        0.0000  0.0000  cpl_timeout_logic_DW01_sub_177
u_tl_top/U_CPL_TMO/sub_86_I633         251.8138      0.0       251.8138        0.0000  0.0000  cpl_timeout_logic_DW01_sub_328
u_tl_top/U_CPL_TMO/sub_86_I634         251.8138      0.0       251.8138        0.0000  0.0000  cpl_timeout_logic_DW01_sub_595
u_tl_top/U_CPL_TMO/sub_86_I635         251.8138      0.0       251.8138        0.0000  0.0000  cpl_timeout_logic_DW01_sub_63
u_tl_top/U_CPL_TMO/sub_86_I636         251.8138      0.0       251.8138        0.0000  0.0000  cpl_timeout_logic_DW01_sub_8
u_tl_top/U_CPL_TMO/sub_86_I637         251.8138      0.0       251.8138        0.0000  0.0000  cpl_timeout_logic_DW01_sub_836
u_tl_top/U_CPL_TMO/sub_86_I638         251.8138      0.0       251.8138        0.0000  0.0000  cpl_timeout_logic_DW01_sub_659
u_tl_top/U_CPL_TMO/sub_86_I639         251.8138      0.0       251.8138        0.0000  0.0000  cpl_timeout_logic_DW01_sub_1001
u_tl_top/U_CPL_TMO/sub_86_I64          251.8138      0.0       251.8138        0.0000  0.0000  cpl_timeout_logic_DW01_sub_208
u_tl_top/U_CPL_TMO/sub_86_I640         251.8138      0.0       251.8138        0.0000  0.0000  cpl_timeout_logic_DW01_sub_938
u_tl_top/U_CPL_TMO/sub_86_I641         251.8138      0.0       251.8138        0.0000  0.0000  cpl_timeout_logic_DW01_sub_828
u_tl_top/U_CPL_TMO/sub_86_I642         251.8138      0.0       251.8138        0.0000  0.0000  cpl_timeout_logic_DW01_sub_218
u_tl_top/U_CPL_TMO/sub_86_I643         251.8138      0.0       251.8138        0.0000  0.0000  cpl_timeout_logic_DW01_sub_230
u_tl_top/U_CPL_TMO/sub_86_I644         251.8138      0.0       251.8138        0.0000  0.0000  cpl_timeout_logic_DW01_sub_67
u_tl_top/U_CPL_TMO/sub_86_I645         251.8138      0.0       251.8138        0.0000  0.0000  cpl_timeout_logic_DW01_sub_1000
u_tl_top/U_CPL_TMO/sub_86_I646         251.8138      0.0       251.8138        0.0000  0.0000  cpl_timeout_logic_DW01_sub_948
u_tl_top/U_CPL_TMO/sub_86_I647         251.8138      0.0       251.8138        0.0000  0.0000  cpl_timeout_logic_DW01_sub_415
u_tl_top/U_CPL_TMO/sub_86_I648         251.8138      0.0       251.8138        0.0000  0.0000  cpl_timeout_logic_DW01_sub_129
u_tl_top/U_CPL_TMO/sub_86_I649         251.8138      0.0       251.8138        0.0000  0.0000  cpl_timeout_logic_DW01_sub_960
u_tl_top/U_CPL_TMO/sub_86_I65          251.8138      0.0       251.8138        0.0000  0.0000  cpl_timeout_logic_DW01_sub_474
u_tl_top/U_CPL_TMO/sub_86_I650         251.8138      0.0       251.8138        0.0000  0.0000  cpl_timeout_logic_DW01_sub_75
u_tl_top/U_CPL_TMO/sub_86_I651         251.8138      0.0       251.8138        0.0000  0.0000  cpl_timeout_logic_DW01_sub_512
u_tl_top/U_CPL_TMO/sub_86_I652         251.8138      0.0       251.8138        0.0000  0.0000  cpl_timeout_logic_DW01_sub_869
u_tl_top/U_CPL_TMO/sub_86_I653         251.8138      0.0       251.8138        0.0000  0.0000  cpl_timeout_logic_DW01_sub_485
u_tl_top/U_CPL_TMO/sub_86_I654         251.8138      0.0       251.8138        0.0000  0.0000  cpl_timeout_logic_DW01_sub_858
u_tl_top/U_CPL_TMO/sub_86_I655         251.8138      0.0       251.8138        0.0000  0.0000  cpl_timeout_logic_DW01_sub_496
u_tl_top/U_CPL_TMO/sub_86_I656         251.8138      0.0       251.8138        0.0000  0.0000  cpl_timeout_logic_DW01_sub_435
u_tl_top/U_CPL_TMO/sub_86_I657         251.8138      0.0       251.8138        0.0000  0.0000  cpl_timeout_logic_DW01_sub_399
u_tl_top/U_CPL_TMO/sub_86_I658         251.8138      0.0       251.8138        0.0000  0.0000  cpl_timeout_logic_DW01_sub_501
u_tl_top/U_CPL_TMO/sub_86_I659         251.8138      0.0       251.8138        0.0000  0.0000  cpl_timeout_logic_DW01_sub_472
u_tl_top/U_CPL_TMO/sub_86_I66          251.8138      0.0       251.8138        0.0000  0.0000  cpl_timeout_logic_DW01_sub_465
u_tl_top/U_CPL_TMO/sub_86_I660         251.8138      0.0       251.8138        0.0000  0.0000  cpl_timeout_logic_DW01_sub_694
u_tl_top/U_CPL_TMO/sub_86_I661         251.8138      0.0       251.8138        0.0000  0.0000  cpl_timeout_logic_DW01_sub_707
u_tl_top/U_CPL_TMO/sub_86_I662         251.8138      0.0       251.8138        0.0000  0.0000  cpl_timeout_logic_DW01_sub_890
u_tl_top/U_CPL_TMO/sub_86_I663         251.8138      0.0       251.8138        0.0000  0.0000  cpl_timeout_logic_DW01_sub_19
u_tl_top/U_CPL_TMO/sub_86_I664         251.8138      0.0       251.8138        0.0000  0.0000  cpl_timeout_logic_DW01_sub_301
u_tl_top/U_CPL_TMO/sub_86_I665         251.8138      0.0       251.8138        0.0000  0.0000  cpl_timeout_logic_DW01_sub_323
u_tl_top/U_CPL_TMO/sub_86_I666         251.8138      0.0       251.8138        0.0000  0.0000  cpl_timeout_logic_DW01_sub_423
u_tl_top/U_CPL_TMO/sub_86_I667         251.8138      0.0       251.8138        0.0000  0.0000  cpl_timeout_logic_DW01_sub_289
u_tl_top/U_CPL_TMO/sub_86_I668         251.8138      0.0       251.8138        0.0000  0.0000  cpl_timeout_logic_DW01_sub_418
u_tl_top/U_CPL_TMO/sub_86_I669         251.8138      0.0       251.8138        0.0000  0.0000  cpl_timeout_logic_DW01_sub_873
u_tl_top/U_CPL_TMO/sub_86_I67          251.8138      0.0       251.8138        0.0000  0.0000  cpl_timeout_logic_DW01_sub_417
u_tl_top/U_CPL_TMO/sub_86_I670         251.8138      0.0       251.8138        0.0000  0.0000  cpl_timeout_logic_DW01_sub_524
u_tl_top/U_CPL_TMO/sub_86_I671         251.8138      0.0       251.8138        0.0000  0.0000  cpl_timeout_logic_DW01_sub_879
u_tl_top/U_CPL_TMO/sub_86_I672         251.8138      0.0       251.8138        0.0000  0.0000  cpl_timeout_logic_DW01_sub_993
u_tl_top/U_CPL_TMO/sub_86_I673         251.8138      0.0       251.8138        0.0000  0.0000  cpl_timeout_logic_DW01_sub_71
u_tl_top/U_CPL_TMO/sub_86_I674         251.8138      0.0       251.8138        0.0000  0.0000  cpl_timeout_logic_DW01_sub_530
u_tl_top/U_CPL_TMO/sub_86_I675         251.8138      0.0       251.8138        0.0000  0.0000  cpl_timeout_logic_DW01_sub_975
u_tl_top/U_CPL_TMO/sub_86_I676         251.8138      0.0       251.8138        0.0000  0.0000  cpl_timeout_logic_DW01_sub_714
u_tl_top/U_CPL_TMO/sub_86_I677         251.8138      0.0       251.8138        0.0000  0.0000  cpl_timeout_logic_DW01_sub_333
u_tl_top/U_CPL_TMO/sub_86_I678         251.8138      0.0       251.8138        0.0000  0.0000  cpl_timeout_logic_DW01_sub_585
u_tl_top/U_CPL_TMO/sub_86_I679         251.8138      0.0       251.8138        0.0000  0.0000  cpl_timeout_logic_DW01_sub_446
u_tl_top/U_CPL_TMO/sub_86_I68          251.8138      0.0       251.8138        0.0000  0.0000  cpl_timeout_logic_DW01_sub_307
u_tl_top/U_CPL_TMO/sub_86_I680         251.8138      0.0       251.8138        0.0000  0.0000  cpl_timeout_logic_DW01_sub_454
u_tl_top/U_CPL_TMO/sub_86_I681         251.8138      0.0       251.8138        0.0000  0.0000  cpl_timeout_logic_DW01_sub_390
u_tl_top/U_CPL_TMO/sub_86_I682         251.8138      0.0       251.8138        0.0000  0.0000  cpl_timeout_logic_DW01_sub_336
u_tl_top/U_CPL_TMO/sub_86_I683         251.8138      0.0       251.8138        0.0000  0.0000  cpl_timeout_logic_DW01_sub_453
u_tl_top/U_CPL_TMO/sub_86_I684         251.8138      0.0       251.8138        0.0000  0.0000  cpl_timeout_logic_DW01_sub_57
u_tl_top/U_CPL_TMO/sub_86_I685         251.8138      0.0       251.8138        0.0000  0.0000  cpl_timeout_logic_DW01_sub_988
u_tl_top/U_CPL_TMO/sub_86_I686         251.8138      0.0       251.8138        0.0000  0.0000  cpl_timeout_logic_DW01_sub_920
u_tl_top/U_CPL_TMO/sub_86_I687         251.8138      0.0       251.8138        0.0000  0.0000  cpl_timeout_logic_DW01_sub_290
u_tl_top/U_CPL_TMO/sub_86_I688         251.8138      0.0       251.8138        0.0000  0.0000  cpl_timeout_logic_DW01_sub_515
u_tl_top/U_CPL_TMO/sub_86_I689         251.8138      0.0       251.8138        0.0000  0.0000  cpl_timeout_logic_DW01_sub_928
u_tl_top/U_CPL_TMO/sub_86_I69          251.8138      0.0       251.8138        0.0000  0.0000  cpl_timeout_logic_DW01_sub_80
u_tl_top/U_CPL_TMO/sub_86_I690         251.8138      0.0       251.8138        0.0000  0.0000  cpl_timeout_logic_DW01_sub_628
u_tl_top/U_CPL_TMO/sub_86_I691         251.8138      0.0       251.8138        0.0000  0.0000  cpl_timeout_logic_DW01_sub_850
u_tl_top/U_CPL_TMO/sub_86_I692         251.8138      0.0       251.8138        0.0000  0.0000  cpl_timeout_logic_DW01_sub_757
u_tl_top/U_CPL_TMO/sub_86_I693         251.8138      0.0       251.8138        0.0000  0.0000  cpl_timeout_logic_DW01_sub_365
u_tl_top/U_CPL_TMO/sub_86_I694         251.8138      0.0       251.8138        0.0000  0.0000  cpl_timeout_logic_DW01_sub_302
u_tl_top/U_CPL_TMO/sub_86_I695         251.8138      0.0       251.8138        0.0000  0.0000  cpl_timeout_logic_DW01_sub_535
u_tl_top/U_CPL_TMO/sub_86_I696         251.8138      0.0       251.8138        0.0000  0.0000  cpl_timeout_logic_DW01_sub_785
u_tl_top/U_CPL_TMO/sub_86_I697         251.8138      0.0       251.8138        0.0000  0.0000  cpl_timeout_logic_DW01_sub_1002
u_tl_top/U_CPL_TMO/sub_86_I698         251.8138      0.0       251.8138        0.0000  0.0000  cpl_timeout_logic_DW01_sub_160
u_tl_top/U_CPL_TMO/sub_86_I699         251.8138      0.0       251.8138        0.0000  0.0000  cpl_timeout_logic_DW01_sub_658
u_tl_top/U_CPL_TMO/sub_86_I7           251.8138      0.0       251.8138        0.0000  0.0000  cpl_timeout_logic_DW01_sub_350
u_tl_top/U_CPL_TMO/sub_86_I70          251.8138      0.0       251.8138        0.0000  0.0000  cpl_timeout_logic_DW01_sub_843
u_tl_top/U_CPL_TMO/sub_86_I700         251.8138      0.0       251.8138        0.0000  0.0000  cpl_timeout_logic_DW01_sub_266
u_tl_top/U_CPL_TMO/sub_86_I701         251.8138      0.0       251.8138        0.0000  0.0000  cpl_timeout_logic_DW01_sub_281
u_tl_top/U_CPL_TMO/sub_86_I702         251.8138      0.0       251.8138        0.0000  0.0000  cpl_timeout_logic_DW01_sub_201
u_tl_top/U_CPL_TMO/sub_86_I703         251.8138      0.0       251.8138        0.0000  0.0000  cpl_timeout_logic_DW01_sub_134
u_tl_top/U_CPL_TMO/sub_86_I704         251.8138      0.0       251.8138        0.0000  0.0000  cpl_timeout_logic_DW01_sub_256
u_tl_top/U_CPL_TMO/sub_86_I705         251.8138      0.0       251.8138        0.0000  0.0000  cpl_timeout_logic_DW01_sub_807
u_tl_top/U_CPL_TMO/sub_86_I706         251.8138      0.0       251.8138        0.0000  0.0000  cpl_timeout_logic_DW01_sub_54
u_tl_top/U_CPL_TMO/sub_86_I707         251.8138      0.0       251.8138        0.0000  0.0000  cpl_timeout_logic_DW01_sub_929
u_tl_top/U_CPL_TMO/sub_86_I708         251.8138      0.0       251.8138        0.0000  0.0000  cpl_timeout_logic_DW01_sub_271
u_tl_top/U_CPL_TMO/sub_86_I709         251.8138      0.0       251.8138        0.0000  0.0000  cpl_timeout_logic_DW01_sub_73
u_tl_top/U_CPL_TMO/sub_86_I71          251.8138      0.0       251.8138        0.0000  0.0000  cpl_timeout_logic_DW01_sub_98
u_tl_top/U_CPL_TMO/sub_86_I710         251.8138      0.0       251.8138        0.0000  0.0000  cpl_timeout_logic_DW01_sub_359
u_tl_top/U_CPL_TMO/sub_86_I711         251.8138      0.0       251.8138        0.0000  0.0000  cpl_timeout_logic_DW01_sub_744
u_tl_top/U_CPL_TMO/sub_86_I712         251.8138      0.0       251.8138        0.0000  0.0000  cpl_timeout_logic_DW01_sub_396
u_tl_top/U_CPL_TMO/sub_86_I713         251.8138      0.0       251.8138        0.0000  0.0000  cpl_timeout_logic_DW01_sub_206
u_tl_top/U_CPL_TMO/sub_86_I714         251.8138      0.0       251.8138        0.0000  0.0000  cpl_timeout_logic_DW01_sub_600
u_tl_top/U_CPL_TMO/sub_86_I715         251.8138      0.0       251.8138        0.0000  0.0000  cpl_timeout_logic_DW01_sub_471
u_tl_top/U_CPL_TMO/sub_86_I716         251.8138      0.0       251.8138        0.0000  0.0000  cpl_timeout_logic_DW01_sub_536
u_tl_top/U_CPL_TMO/sub_86_I717         251.8138      0.0       251.8138        0.0000  0.0000  cpl_timeout_logic_DW01_sub_473
u_tl_top/U_CPL_TMO/sub_86_I718         251.8138      0.0       251.8138        0.0000  0.0000  cpl_timeout_logic_DW01_sub_543
u_tl_top/U_CPL_TMO/sub_86_I719         251.8138      0.0       251.8138        0.0000  0.0000  cpl_timeout_logic_DW01_sub_511
u_tl_top/U_CPL_TMO/sub_86_I72          251.8138      0.0       251.8138        0.0000  0.0000  cpl_timeout_logic_DW01_sub_165
u_tl_top/U_CPL_TMO/sub_86_I720         251.8138      0.0       251.8138        0.0000  0.0000  cpl_timeout_logic_DW01_sub_907
u_tl_top/U_CPL_TMO/sub_86_I721         251.8138      0.0       251.8138        0.0000  0.0000  cpl_timeout_logic_DW01_sub_89
u_tl_top/U_CPL_TMO/sub_86_I722         251.8138      0.0       251.8138        0.0000  0.0000  cpl_timeout_logic_DW01_sub_674
u_tl_top/U_CPL_TMO/sub_86_I723         251.8138      0.0       251.8138        0.0000  0.0000  cpl_timeout_logic_DW01_sub_391
u_tl_top/U_CPL_TMO/sub_86_I724         251.8138      0.0       251.8138        0.0000  0.0000  cpl_timeout_logic_DW01_sub_753
u_tl_top/U_CPL_TMO/sub_86_I725         251.8138      0.0       251.8138        0.0000  0.0000  cpl_timeout_logic_DW01_sub_56
u_tl_top/U_CPL_TMO/sub_86_I726         251.8138      0.0       251.8138        0.0000  0.0000  cpl_timeout_logic_DW01_sub_356
u_tl_top/U_CPL_TMO/sub_86_I727         251.8138      0.0       251.8138        0.0000  0.0000  cpl_timeout_logic_DW01_sub_1017
u_tl_top/U_CPL_TMO/sub_86_I728         251.8138      0.0       251.8138        0.0000  0.0000  cpl_timeout_logic_DW01_sub_795
u_tl_top/U_CPL_TMO/sub_86_I729         251.8138      0.0       251.8138        0.0000  0.0000  cpl_timeout_logic_DW01_sub_803
u_tl_top/U_CPL_TMO/sub_86_I73          251.8138      0.0       251.8138        0.0000  0.0000  cpl_timeout_logic_DW01_sub_516
u_tl_top/U_CPL_TMO/sub_86_I730         251.8138      0.0       251.8138        0.0000  0.0000  cpl_timeout_logic_DW01_sub_700
u_tl_top/U_CPL_TMO/sub_86_I731         251.8138      0.0       251.8138        0.0000  0.0000  cpl_timeout_logic_DW01_sub_652
u_tl_top/U_CPL_TMO/sub_86_I732         251.8138      0.0       251.8138        0.0000  0.0000  cpl_timeout_logic_DW01_sub_405
u_tl_top/U_CPL_TMO/sub_86_I733         251.8138      0.0       251.8138        0.0000  0.0000  cpl_timeout_logic_DW01_sub_927
u_tl_top/U_CPL_TMO/sub_86_I734         251.8138      0.0       251.8138        0.0000  0.0000  cpl_timeout_logic_DW01_sub_592
u_tl_top/U_CPL_TMO/sub_86_I735         251.8138      0.0       251.8138        0.0000  0.0000  cpl_timeout_logic_DW01_sub_747
u_tl_top/U_CPL_TMO/sub_86_I736         251.8138      0.0       251.8138        0.0000  0.0000  cpl_timeout_logic_DW01_sub_586
u_tl_top/U_CPL_TMO/sub_86_I737         251.8138      0.0       251.8138        0.0000  0.0000  cpl_timeout_logic_DW01_sub_406
u_tl_top/U_CPL_TMO/sub_86_I738         251.8138      0.0       251.8138        0.0000  0.0000  cpl_timeout_logic_DW01_sub_540
u_tl_top/U_CPL_TMO/sub_86_I739         251.8138      0.0       251.8138        0.0000  0.0000  cpl_timeout_logic_DW01_sub_615
u_tl_top/U_CPL_TMO/sub_86_I74          251.8138      0.0       251.8138        0.0000  0.0000  cpl_timeout_logic_DW01_sub_440
u_tl_top/U_CPL_TMO/sub_86_I740         251.8138      0.0       251.8138        0.0000  0.0000  cpl_timeout_logic_DW01_sub_914
u_tl_top/U_CPL_TMO/sub_86_I741         251.8138      0.0       251.8138        0.0000  0.0000  cpl_timeout_logic_DW01_sub_826
u_tl_top/U_CPL_TMO/sub_86_I742         251.8138      0.0       251.8138        0.0000  0.0000  cpl_timeout_logic_DW01_sub_69
u_tl_top/U_CPL_TMO/sub_86_I743         251.8138      0.0       251.8138        0.0000  0.0000  cpl_timeout_logic_DW01_sub_695
u_tl_top/U_CPL_TMO/sub_86_I744         251.8138      0.0       251.8138        0.0000  0.0000  cpl_timeout_logic_DW01_sub_215
u_tl_top/U_CPL_TMO/sub_86_I745         251.8138      0.0       251.8138        0.0000  0.0000  cpl_timeout_logic_DW01_sub_127
u_tl_top/U_CPL_TMO/sub_86_I746         251.8138      0.0       251.8138        0.0000  0.0000  cpl_timeout_logic_DW01_sub_170
u_tl_top/U_CPL_TMO/sub_86_I747         251.8138      0.0       251.8138        0.0000  0.0000  cpl_timeout_logic_DW01_sub_622
u_tl_top/U_CPL_TMO/sub_86_I748         251.8138      0.0       251.8138        0.0000  0.0000  cpl_timeout_logic_DW01_sub_185
u_tl_top/U_CPL_TMO/sub_86_I749         251.8138      0.0       251.8138        0.0000  0.0000  cpl_timeout_logic_DW01_sub_312
u_tl_top/U_CPL_TMO/sub_86_I75          251.8138      0.0       251.8138        0.0000  0.0000  cpl_timeout_logic_DW01_sub_991
u_tl_top/U_CPL_TMO/sub_86_I750         251.8138      0.0       251.8138        0.0000  0.0000  cpl_timeout_logic_DW01_sub_509
u_tl_top/U_CPL_TMO/sub_86_I751         251.8138      0.0       251.8138        0.0000  0.0000  cpl_timeout_logic_DW01_sub_283
u_tl_top/U_CPL_TMO/sub_86_I752         251.8138      0.0       251.8138        0.0000  0.0000  cpl_timeout_logic_DW01_sub_778
u_tl_top/U_CPL_TMO/sub_86_I753         251.8138      0.0       251.8138        0.0000  0.0000  cpl_timeout_logic_DW01_sub_21
u_tl_top/U_CPL_TMO/sub_86_I754         251.8138      0.0       251.8138        0.0000  0.0000  cpl_timeout_logic_DW01_sub_441
u_tl_top/U_CPL_TMO/sub_86_I755         251.8138      0.0       251.8138        0.0000  0.0000  cpl_timeout_logic_DW01_sub_249
u_tl_top/U_CPL_TMO/sub_86_I756         251.8138      0.0       251.8138        0.0000  0.0000  cpl_timeout_logic_DW01_sub_478
u_tl_top/U_CPL_TMO/sub_86_I757         251.8138      0.0       251.8138        0.0000  0.0000  cpl_timeout_logic_DW01_sub_727
u_tl_top/U_CPL_TMO/sub_86_I758         251.8138      0.0       251.8138        0.0000  0.0000  cpl_timeout_logic_DW01_sub_438
u_tl_top/U_CPL_TMO/sub_86_I759         251.8138      0.0       251.8138        0.0000  0.0000  cpl_timeout_logic_DW01_sub_74
u_tl_top/U_CPL_TMO/sub_86_I76          251.8138      0.0       251.8138        0.0000  0.0000  cpl_timeout_logic_DW01_sub_760
u_tl_top/U_CPL_TMO/sub_86_I760         251.8138      0.0       251.8138        0.0000  0.0000  cpl_timeout_logic_DW01_sub_968
u_tl_top/U_CPL_TMO/sub_86_I761         251.8138      0.0       251.8138        0.0000  0.0000  cpl_timeout_logic_DW01_sub_292
u_tl_top/U_CPL_TMO/sub_86_I762         251.8138      0.0       251.8138        0.0000  0.0000  cpl_timeout_logic_DW01_sub_966
u_tl_top/U_CPL_TMO/sub_86_I763         251.8138      0.0       251.8138        0.0000  0.0000  cpl_timeout_logic_DW01_sub_186
u_tl_top/U_CPL_TMO/sub_86_I764         251.8138      0.0       251.8138        0.0000  0.0000  cpl_timeout_logic_DW01_sub_623
u_tl_top/U_CPL_TMO/sub_86_I765         251.8138      0.0       251.8138        0.0000  0.0000  cpl_timeout_logic_DW01_sub_606
u_tl_top/U_CPL_TMO/sub_86_I766         251.8138      0.0       251.8138        0.0000  0.0000  cpl_timeout_logic_DW01_sub_113
u_tl_top/U_CPL_TMO/sub_86_I767         251.8138      0.0       251.8138        0.0000  0.0000  cpl_timeout_logic_DW01_sub_657
u_tl_top/U_CPL_TMO/sub_86_I768         251.8138      0.0       251.8138        0.0000  0.0000  cpl_timeout_logic_DW01_sub_437
u_tl_top/U_CPL_TMO/sub_86_I769         251.8138      0.0       251.8138        0.0000  0.0000  cpl_timeout_logic_DW01_sub_439
u_tl_top/U_CPL_TMO/sub_86_I77          251.8138      0.0       251.8138        0.0000  0.0000  cpl_timeout_logic_DW01_sub_255
u_tl_top/U_CPL_TMO/sub_86_I770         251.8138      0.0       251.8138        0.0000  0.0000  cpl_timeout_logic_DW01_sub_483
u_tl_top/U_CPL_TMO/sub_86_I771         251.8138      0.0       251.8138        0.0000  0.0000  cpl_timeout_logic_DW01_sub_209
u_tl_top/U_CPL_TMO/sub_86_I772         251.8138      0.0       251.8138        0.0000  0.0000  cpl_timeout_logic_DW01_sub_553
u_tl_top/U_CPL_TMO/sub_86_I773         251.8138      0.0       251.8138        0.0000  0.0000  cpl_timeout_logic_DW01_sub_119
u_tl_top/U_CPL_TMO/sub_86_I774         251.8138      0.0       251.8138        0.0000  0.0000  cpl_timeout_logic_DW01_sub_642
u_tl_top/U_CPL_TMO/sub_86_I775         251.8138      0.0       251.8138        0.0000  0.0000  cpl_timeout_logic_DW01_sub_182
u_tl_top/U_CPL_TMO/sub_86_I776         251.8138      0.0       251.8138        0.0000  0.0000  cpl_timeout_logic_DW01_sub_749
u_tl_top/U_CPL_TMO/sub_86_I777         251.8138      0.0       251.8138        0.0000  0.0000  cpl_timeout_logic_DW01_sub_178
u_tl_top/U_CPL_TMO/sub_86_I778         251.8138      0.0       251.8138        0.0000  0.0000  cpl_timeout_logic_DW01_sub_104
u_tl_top/U_CPL_TMO/sub_86_I779         251.8138      0.0       251.8138        0.0000  0.0000  cpl_timeout_logic_DW01_sub_919
u_tl_top/U_CPL_TMO/sub_86_I78          251.8138      0.0       251.8138        0.0000  0.0000  cpl_timeout_logic_DW01_sub_508
u_tl_top/U_CPL_TMO/sub_86_I780         251.8138      0.0       251.8138        0.0000  0.0000  cpl_timeout_logic_DW01_sub_855
u_tl_top/U_CPL_TMO/sub_86_I781         251.8138      0.0       251.8138        0.0000  0.0000  cpl_timeout_logic_DW01_sub_752
u_tl_top/U_CPL_TMO/sub_86_I782         251.8138      0.0       251.8138        0.0000  0.0000  cpl_timeout_logic_DW01_sub_241
u_tl_top/U_CPL_TMO/sub_86_I783         251.8138      0.0       251.8138        0.0000  0.0000  cpl_timeout_logic_DW01_sub_88
u_tl_top/U_CPL_TMO/sub_86_I784         251.8138      0.0       251.8138        0.0000  0.0000  cpl_timeout_logic_DW01_sub_107
u_tl_top/U_CPL_TMO/sub_86_I785         251.8138      0.0       251.8138        0.0000  0.0000  cpl_timeout_logic_DW01_sub_937
u_tl_top/U_CPL_TMO/sub_86_I786         251.8138      0.0       251.8138        0.0000  0.0000  cpl_timeout_logic_DW01_sub_493
u_tl_top/U_CPL_TMO/sub_86_I787         251.8138      0.0       251.8138        0.0000  0.0000  cpl_timeout_logic_DW01_sub_611
u_tl_top/U_CPL_TMO/sub_86_I788         251.8138      0.0       251.8138        0.0000  0.0000  cpl_timeout_logic_DW01_sub_422
u_tl_top/U_CPL_TMO/sub_86_I789         251.8138      0.0       251.8138        0.0000  0.0000  cpl_timeout_logic_DW01_sub_52
u_tl_top/U_CPL_TMO/sub_86_I79          251.8138      0.0       251.8138        0.0000  0.0000  cpl_timeout_logic_DW01_sub_96
u_tl_top/U_CPL_TMO/sub_86_I790         251.8138      0.0       251.8138        0.0000  0.0000  cpl_timeout_logic_DW01_sub_885
u_tl_top/U_CPL_TMO/sub_86_I791         251.8138      0.0       251.8138        0.0000  0.0000  cpl_timeout_logic_DW01_sub_489
u_tl_top/U_CPL_TMO/sub_86_I792         251.8138      0.0       251.8138        0.0000  0.0000  cpl_timeout_logic_DW01_sub_930
u_tl_top/U_CPL_TMO/sub_86_I793         251.8138      0.0       251.8138        0.0000  0.0000  cpl_timeout_logic_DW01_sub_953
u_tl_top/U_CPL_TMO/sub_86_I794         251.8138      0.0       251.8138        0.0000  0.0000  cpl_timeout_logic_DW01_sub_614
u_tl_top/U_CPL_TMO/sub_86_I795         251.8138      0.0       251.8138        0.0000  0.0000  cpl_timeout_logic_DW01_sub_322
u_tl_top/U_CPL_TMO/sub_86_I796         251.8138      0.0       251.8138        0.0000  0.0000  cpl_timeout_logic_DW01_sub_357
u_tl_top/U_CPL_TMO/sub_86_I797         251.8138      0.0       251.8138        0.0000  0.0000  cpl_timeout_logic_DW01_sub_730
u_tl_top/U_CPL_TMO/sub_86_I798         251.8138      0.0       251.8138        0.0000  0.0000  cpl_timeout_logic_DW01_sub_849
u_tl_top/U_CPL_TMO/sub_86_I799         251.8138      0.0       251.8138        0.0000  0.0000  cpl_timeout_logic_DW01_sub_272
u_tl_top/U_CPL_TMO/sub_86_I8           251.8138      0.0       251.8138        0.0000  0.0000  cpl_timeout_logic_DW01_sub_959
u_tl_top/U_CPL_TMO/sub_86_I80          251.8138      0.0       251.8138        0.0000  0.0000  cpl_timeout_logic_DW01_sub_236
u_tl_top/U_CPL_TMO/sub_86_I800         251.8138      0.0       251.8138        0.0000  0.0000  cpl_timeout_logic_DW01_sub_488
u_tl_top/U_CPL_TMO/sub_86_I801         251.8138      0.0       251.8138        0.0000  0.0000  cpl_timeout_logic_DW01_sub_211
u_tl_top/U_CPL_TMO/sub_86_I802         251.8138      0.0       251.8138        0.0000  0.0000  cpl_timeout_logic_DW01_sub_428
u_tl_top/U_CPL_TMO/sub_86_I803         251.8138      0.0       251.8138        0.0000  0.0000  cpl_timeout_logic_DW01_sub_444
u_tl_top/U_CPL_TMO/sub_86_I804         251.8138      0.0       251.8138        0.0000  0.0000  cpl_timeout_logic_DW01_sub_886
u_tl_top/U_CPL_TMO/sub_86_I805         251.8138      0.0       251.8138        0.0000  0.0000  cpl_timeout_logic_DW01_sub_110
u_tl_top/U_CPL_TMO/sub_86_I806         251.8138      0.0       251.8138        0.0000  0.0000  cpl_timeout_logic_DW01_sub_859
u_tl_top/U_CPL_TMO/sub_86_I807         251.8138      0.0       251.8138        0.0000  0.0000  cpl_timeout_logic_DW01_sub_654
u_tl_top/U_CPL_TMO/sub_86_I808         251.8138      0.0       251.8138        0.0000  0.0000  cpl_timeout_logic_DW01_sub_701
u_tl_top/U_CPL_TMO/sub_86_I809         251.8138      0.0       251.8138        0.0000  0.0000  cpl_timeout_logic_DW01_sub_971
u_tl_top/U_CPL_TMO/sub_86_I81          251.8138      0.0       251.8138        0.0000  0.0000  cpl_timeout_logic_DW01_sub_818
u_tl_top/U_CPL_TMO/sub_86_I810         251.8138      0.0       251.8138        0.0000  0.0000  cpl_timeout_logic_DW01_sub_122
u_tl_top/U_CPL_TMO/sub_86_I811         251.8138      0.0       251.8138        0.0000  0.0000  cpl_timeout_logic_DW01_sub_106
u_tl_top/U_CPL_TMO/sub_86_I812         251.8138      0.0       251.8138        0.0000  0.0000  cpl_timeout_logic_DW01_sub_793
u_tl_top/U_CPL_TMO/sub_86_I813         251.8138      0.0       251.8138        0.0000  0.0000  cpl_timeout_logic_DW01_sub_705
u_tl_top/U_CPL_TMO/sub_86_I814         251.8138      0.0       251.8138        0.0000  0.0000  cpl_timeout_logic_DW01_sub_379
u_tl_top/U_CPL_TMO/sub_86_I815         251.8138      0.0       251.8138        0.0000  0.0000  cpl_timeout_logic_DW01_sub_916
u_tl_top/U_CPL_TMO/sub_86_I816         251.8138      0.0       251.8138        0.0000  0.0000  cpl_timeout_logic_DW01_sub_367
u_tl_top/U_CPL_TMO/sub_86_I817         251.8138      0.0       251.8138        0.0000  0.0000  cpl_timeout_logic_DW01_sub_602
u_tl_top/U_CPL_TMO/sub_86_I818         251.8138      0.0       251.8138        0.0000  0.0000  cpl_timeout_logic_DW01_sub_109
u_tl_top/U_CPL_TMO/sub_86_I819         251.8138      0.0       251.8138        0.0000  0.0000  cpl_timeout_logic_DW01_sub_680
u_tl_top/U_CPL_TMO/sub_86_I82          251.8138      0.0       251.8138        0.0000  0.0000  cpl_timeout_logic_DW01_sub_982
u_tl_top/U_CPL_TMO/sub_86_I820         251.8138      0.0       251.8138        0.0000  0.0000  cpl_timeout_logic_DW01_sub_877
u_tl_top/U_CPL_TMO/sub_86_I821         251.8138      0.0       251.8138        0.0000  0.0000  cpl_timeout_logic_DW01_sub_276
u_tl_top/U_CPL_TMO/sub_86_I822         251.8138      0.0       251.8138        0.0000  0.0000  cpl_timeout_logic_DW01_sub_305
u_tl_top/U_CPL_TMO/sub_86_I823         251.8138      0.0       251.8138        0.0000  0.0000  cpl_timeout_logic_DW01_sub_62
u_tl_top/U_CPL_TMO/sub_86_I824         251.8138      0.0       251.8138        0.0000  0.0000  cpl_timeout_logic_DW01_sub_995
u_tl_top/U_CPL_TMO/sub_86_I825         251.8138      0.0       251.8138        0.0000  0.0000  cpl_timeout_logic_DW01_sub_314
u_tl_top/U_CPL_TMO/sub_86_I826         251.8138      0.0       251.8138        0.0000  0.0000  cpl_timeout_logic_DW01_sub_538
u_tl_top/U_CPL_TMO/sub_86_I827         251.8138      0.0       251.8138        0.0000  0.0000  cpl_timeout_logic_DW01_sub_676
u_tl_top/U_CPL_TMO/sub_86_I828         251.8138      0.0       251.8138        0.0000  0.0000  cpl_timeout_logic_DW01_sub_519
u_tl_top/U_CPL_TMO/sub_86_I829         251.8138      0.0       251.8138        0.0000  0.0000  cpl_timeout_logic_DW01_sub_25
u_tl_top/U_CPL_TMO/sub_86_I83          251.8138      0.0       251.8138        0.0000  0.0000  cpl_timeout_logic_DW01_sub_141
u_tl_top/U_CPL_TMO/sub_86_I830         251.8138      0.0       251.8138        0.0000  0.0000  cpl_timeout_logic_DW01_sub_91
u_tl_top/U_CPL_TMO/sub_86_I831         251.8138      0.0       251.8138        0.0000  0.0000  cpl_timeout_logic_DW01_sub_574
u_tl_top/U_CPL_TMO/sub_86_I832         251.8138      0.0       251.8138        0.0000  0.0000  cpl_timeout_logic_DW01_sub_234
u_tl_top/U_CPL_TMO/sub_86_I833         251.8138      0.0       251.8138        0.0000  0.0000  cpl_timeout_logic_DW01_sub_683
u_tl_top/U_CPL_TMO/sub_86_I834         251.8138      0.0       251.8138        0.0000  0.0000  cpl_timeout_logic_DW01_sub_627
u_tl_top/U_CPL_TMO/sub_86_I835         251.8138      0.0       251.8138        0.0000  0.0000  cpl_timeout_logic_DW01_sub_542
u_tl_top/U_CPL_TMO/sub_86_I836         251.8138      0.0       251.8138        0.0000  0.0000  cpl_timeout_logic_DW01_sub_792
u_tl_top/U_CPL_TMO/sub_86_I837         251.8138      0.0       251.8138        0.0000  0.0000  cpl_timeout_logic_DW01_sub_126
u_tl_top/U_CPL_TMO/sub_86_I838         251.8138      0.0       251.8138        0.0000  0.0000  cpl_timeout_logic_DW01_sub_84
u_tl_top/U_CPL_TMO/sub_86_I839         251.8138      0.0       251.8138        0.0000  0.0000  cpl_timeout_logic_DW01_sub_882
u_tl_top/U_CPL_TMO/sub_86_I84          251.8138      0.0       251.8138        0.0000  0.0000  cpl_timeout_logic_DW01_sub_450
u_tl_top/U_CPL_TMO/sub_86_I840         251.8138      0.0       251.8138        0.0000  0.0000  cpl_timeout_logic_DW01_sub_243
u_tl_top/U_CPL_TMO/sub_86_I841         251.8138      0.0       251.8138        0.0000  0.0000  cpl_timeout_logic_DW01_sub_898
u_tl_top/U_CPL_TMO/sub_86_I842         251.8138      0.0       251.8138        0.0000  0.0000  cpl_timeout_logic_DW01_sub_675
u_tl_top/U_CPL_TMO/sub_86_I843         251.8138      0.0       251.8138        0.0000  0.0000  cpl_timeout_logic_DW01_sub_832
u_tl_top/U_CPL_TMO/sub_86_I844         251.8138      0.0       251.8138        0.0000  0.0000  cpl_timeout_logic_DW01_sub_865
u_tl_top/U_CPL_TMO/sub_86_I845         251.8138      0.0       251.8138        0.0000  0.0000  cpl_timeout_logic_DW01_sub_637
u_tl_top/U_CPL_TMO/sub_86_I846         251.8138      0.0       251.8138        0.0000  0.0000  cpl_timeout_logic_DW01_sub_20
u_tl_top/U_CPL_TMO/sub_86_I847         251.8138      0.0       251.8138        0.0000  0.0000  cpl_timeout_logic_DW01_sub_30
u_tl_top/U_CPL_TMO/sub_86_I848         251.8138      0.0       251.8138        0.0000  0.0000  cpl_timeout_logic_DW01_sub_181
u_tl_top/U_CPL_TMO/sub_86_I849         251.8138      0.0       251.8138        0.0000  0.0000  cpl_timeout_logic_DW01_sub_263
u_tl_top/U_CPL_TMO/sub_86_I85          251.8138      0.0       251.8138        0.0000  0.0000  cpl_timeout_logic_DW01_sub_188
u_tl_top/U_CPL_TMO/sub_86_I850         251.8138      0.0       251.8138        0.0000  0.0000  cpl_timeout_logic_DW01_sub_655
u_tl_top/U_CPL_TMO/sub_86_I851         251.8138      0.0       251.8138        0.0000  0.0000  cpl_timeout_logic_DW01_sub_3
u_tl_top/U_CPL_TMO/sub_86_I852         251.8138      0.0       251.8138        0.0000  0.0000  cpl_timeout_logic_DW01_sub_291
u_tl_top/U_CPL_TMO/sub_86_I853         251.8138      0.0       251.8138        0.0000  0.0000  cpl_timeout_logic_DW01_sub_729
u_tl_top/U_CPL_TMO/sub_86_I854         251.8138      0.0       251.8138        0.0000  0.0000  cpl_timeout_logic_DW01_sub_661
u_tl_top/U_CPL_TMO/sub_86_I855         251.8138      0.0       251.8138        0.0000  0.0000  cpl_timeout_logic_DW01_sub_198
u_tl_top/U_CPL_TMO/sub_86_I856         251.8138      0.0       251.8138        0.0000  0.0000  cpl_timeout_logic_DW01_sub_838
u_tl_top/U_CPL_TMO/sub_86_I857         251.8138      0.0       251.8138        0.0000  0.0000  cpl_timeout_logic_DW01_sub_878
u_tl_top/U_CPL_TMO/sub_86_I858         251.8138      0.0       251.8138        0.0000  0.0000  cpl_timeout_logic_DW01_sub_402
u_tl_top/U_CPL_TMO/sub_86_I859         251.8138      0.0       251.8138        0.0000  0.0000  cpl_timeout_logic_DW01_sub_528
u_tl_top/U_CPL_TMO/sub_86_I86          251.8138      0.0       251.8138        0.0000  0.0000  cpl_timeout_logic_DW01_sub_974
u_tl_top/U_CPL_TMO/sub_86_I860         251.8138      0.0       251.8138        0.0000  0.0000  cpl_timeout_logic_DW01_sub_434
u_tl_top/U_CPL_TMO/sub_86_I861         251.8138      0.0       251.8138        0.0000  0.0000  cpl_timeout_logic_DW01_sub_547
u_tl_top/U_CPL_TMO/sub_86_I862         251.8138      0.0       251.8138        0.0000  0.0000  cpl_timeout_logic_DW01_sub_685
u_tl_top/U_CPL_TMO/sub_86_I863         251.8138      0.0       251.8138        0.0000  0.0000  cpl_timeout_logic_DW01_sub_601
u_tl_top/U_CPL_TMO/sub_86_I864         251.8138      0.0       251.8138        0.0000  0.0000  cpl_timeout_logic_DW01_sub_699
u_tl_top/U_CPL_TMO/sub_86_I865         251.8138      0.0       251.8138        0.0000  0.0000  cpl_timeout_logic_DW01_sub_197
u_tl_top/U_CPL_TMO/sub_86_I866         251.8138      0.0       251.8138        0.0000  0.0000  cpl_timeout_logic_DW01_sub_360
u_tl_top/U_CPL_TMO/sub_86_I867         251.8138      0.0       251.8138        0.0000  0.0000  cpl_timeout_logic_DW01_sub_520
u_tl_top/U_CPL_TMO/sub_86_I868         251.8138      0.0       251.8138        0.0000  0.0000  cpl_timeout_logic_DW01_sub_702
u_tl_top/U_CPL_TMO/sub_86_I869         251.8138      0.0       251.8138        0.0000  0.0000  cpl_timeout_logic_DW01_sub_734
u_tl_top/U_CPL_TMO/sub_86_I87          251.8138      0.0       251.8138        0.0000  0.0000  cpl_timeout_logic_DW01_sub_1020
u_tl_top/U_CPL_TMO/sub_86_I870         251.8138      0.0       251.8138        0.0000  0.0000  cpl_timeout_logic_DW01_sub_544
u_tl_top/U_CPL_TMO/sub_86_I871         251.8138      0.0       251.8138        0.0000  0.0000  cpl_timeout_logic_DW01_sub_723
u_tl_top/U_CPL_TMO/sub_86_I872         251.8138      0.0       251.8138        0.0000  0.0000  cpl_timeout_logic_DW01_sub_884
u_tl_top/U_CPL_TMO/sub_86_I873         251.8138      0.0       251.8138        0.0000  0.0000  cpl_timeout_logic_DW01_sub_192
u_tl_top/U_CPL_TMO/sub_86_I874         251.8138      0.0       251.8138        0.0000  0.0000  cpl_timeout_logic_DW01_sub_337
u_tl_top/U_CPL_TMO/sub_86_I875         251.8138      0.0       251.8138        0.0000  0.0000  cpl_timeout_logic_DW01_sub_945
u_tl_top/U_CPL_TMO/sub_86_I876         251.8138      0.0       251.8138        0.0000  0.0000  cpl_timeout_logic_DW01_sub_94
u_tl_top/U_CPL_TMO/sub_86_I877         251.8138      0.0       251.8138        0.0000  0.0000  cpl_timeout_logic_DW01_sub_157
u_tl_top/U_CPL_TMO/sub_86_I878         251.8138      0.0       251.8138        0.0000  0.0000  cpl_timeout_logic_DW01_sub_135
u_tl_top/U_CPL_TMO/sub_86_I879         251.8138      0.0       251.8138        0.0000  0.0000  cpl_timeout_logic_DW01_sub_424
u_tl_top/U_CPL_TMO/sub_86_I88          251.8138      0.0       251.8138        0.0000  0.0000  cpl_timeout_logic_DW01_sub_304
u_tl_top/U_CPL_TMO/sub_86_I880         251.8138      0.0       251.8138        0.0000  0.0000  cpl_timeout_logic_DW01_sub_640
u_tl_top/U_CPL_TMO/sub_86_I881         251.8138      0.0       251.8138        0.0000  0.0000  cpl_timeout_logic_DW01_sub_366
u_tl_top/U_CPL_TMO/sub_86_I882         251.8138      0.0       251.8138        0.0000  0.0000  cpl_timeout_logic_DW01_sub_132
u_tl_top/U_CPL_TMO/sub_86_I883         251.8138      0.0       251.8138        0.0000  0.0000  cpl_timeout_logic_DW01_sub_904
u_tl_top/U_CPL_TMO/sub_86_I884         251.8138      0.0       251.8138        0.0000  0.0000  cpl_timeout_logic_DW01_sub_952
u_tl_top/U_CPL_TMO/sub_86_I885         251.8138      0.0       251.8138        0.0000  0.0000  cpl_timeout_logic_DW01_sub_765
u_tl_top/U_CPL_TMO/sub_86_I886         251.8138      0.0       251.8138        0.0000  0.0000  cpl_timeout_logic_DW01_sub_108
u_tl_top/U_CPL_TMO/sub_86_I887         251.8138      0.0       251.8138        0.0000  0.0000  cpl_timeout_logic_DW01_sub_735
u_tl_top/U_CPL_TMO/sub_86_I888         251.8138      0.0       251.8138        0.0000  0.0000  cpl_timeout_logic_DW01_sub_398
u_tl_top/U_CPL_TMO/sub_86_I889         251.8138      0.0       251.8138        0.0000  0.0000  cpl_timeout_logic_DW01_sub_662
u_tl_top/U_CPL_TMO/sub_86_I89          251.8138      0.0       251.8138        0.0000  0.0000  cpl_timeout_logic_DW01_sub_1007
u_tl_top/U_CPL_TMO/sub_86_I890         251.8138      0.0       251.8138        0.0000  0.0000  cpl_timeout_logic_DW01_sub_980
u_tl_top/U_CPL_TMO/sub_86_I891         251.8138      0.0       251.8138        0.0000  0.0000  cpl_timeout_logic_DW01_sub_918
u_tl_top/U_CPL_TMO/sub_86_I892         251.8138      0.0       251.8138        0.0000  0.0000  cpl_timeout_logic_DW01_sub_868
u_tl_top/U_CPL_TMO/sub_86_I893         251.8138      0.0       251.8138        0.0000  0.0000  cpl_timeout_logic_DW01_sub_656
u_tl_top/U_CPL_TMO/sub_86_I894         251.8138      0.0       251.8138        0.0000  0.0000  cpl_timeout_logic_DW01_sub_738
u_tl_top/U_CPL_TMO/sub_86_I895         251.8138      0.0       251.8138        0.0000  0.0000  cpl_timeout_logic_DW01_sub_195
u_tl_top/U_CPL_TMO/sub_86_I896         251.8138      0.0       251.8138        0.0000  0.0000  cpl_timeout_logic_DW01_sub_502
u_tl_top/U_CPL_TMO/sub_86_I897         251.8138      0.0       251.8138        0.0000  0.0000  cpl_timeout_logic_DW01_sub_909
u_tl_top/U_CPL_TMO/sub_86_I898         251.8138      0.0       251.8138        0.0000  0.0000  cpl_timeout_logic_DW01_sub_715
u_tl_top/U_CPL_TMO/sub_86_I899         251.8138      0.0       251.8138        0.0000  0.0000  cpl_timeout_logic_DW01_sub_72
u_tl_top/U_CPL_TMO/sub_86_I9           251.8138      0.0       251.8138        0.0000  0.0000  cpl_timeout_logic_DW01_sub_258
u_tl_top/U_CPL_TMO/sub_86_I90          251.8138      0.0       251.8138        0.0000  0.0000  cpl_timeout_logic_DW01_sub_791
u_tl_top/U_CPL_TMO/sub_86_I900         251.8138      0.0       251.8138        0.0000  0.0000  cpl_timeout_logic_DW01_sub_596
u_tl_top/U_CPL_TMO/sub_86_I901         251.8138      0.0       251.8138        0.0000  0.0000  cpl_timeout_logic_DW01_sub_883
u_tl_top/U_CPL_TMO/sub_86_I902         251.8138      0.0       251.8138        0.0000  0.0000  cpl_timeout_logic_DW01_sub_505
u_tl_top/U_CPL_TMO/sub_86_I903         251.8138      0.0       251.8138        0.0000  0.0000  cpl_timeout_logic_DW01_sub_558
u_tl_top/U_CPL_TMO/sub_86_I904         251.8138      0.0       251.8138        0.0000  0.0000  cpl_timeout_logic_DW01_sub_831
u_tl_top/U_CPL_TMO/sub_86_I905         251.8138      0.0       251.8138        0.0000  0.0000  cpl_timeout_logic_DW01_sub_361
u_tl_top/U_CPL_TMO/sub_86_I906         251.8138      0.0       251.8138        0.0000  0.0000  cpl_timeout_logic_DW01_sub_567
u_tl_top/U_CPL_TMO/sub_86_I907         251.8138      0.0       251.8138        0.0000  0.0000  cpl_timeout_logic_DW01_sub_608
u_tl_top/U_CPL_TMO/sub_86_I908         251.8138      0.0       251.8138        0.0000  0.0000  cpl_timeout_logic_DW01_sub_827
u_tl_top/U_CPL_TMO/sub_86_I909         251.8138      0.0       251.8138        0.0000  0.0000  cpl_timeout_logic_DW01_sub_144
u_tl_top/U_CPL_TMO/sub_86_I91          251.8138      0.0       251.8138        0.0000  0.0000  cpl_timeout_logic_DW01_sub_412
u_tl_top/U_CPL_TMO/sub_86_I910         251.8138      0.0       251.8138        0.0000  0.0000  cpl_timeout_logic_DW01_sub_156
u_tl_top/U_CPL_TMO/sub_86_I911         251.8138      0.0       251.8138        0.0000  0.0000  cpl_timeout_logic_DW01_sub_416
u_tl_top/U_CPL_TMO/sub_86_I912         251.8138      0.0       251.8138        0.0000  0.0000  cpl_timeout_logic_DW01_sub_369
u_tl_top/U_CPL_TMO/sub_86_I913         251.8138      0.0       251.8138        0.0000  0.0000  cpl_timeout_logic_DW01_sub_732
u_tl_top/U_CPL_TMO/sub_86_I914         251.8138      0.0       251.8138        0.0000  0.0000  cpl_timeout_logic_DW01_sub_140
u_tl_top/U_CPL_TMO/sub_86_I915         251.8138      0.0       251.8138        0.0000  0.0000  cpl_timeout_logic_DW01_sub_673
u_tl_top/U_CPL_TMO/sub_86_I916         251.8138      0.0       251.8138        0.0000  0.0000  cpl_timeout_logic_DW01_sub_299
u_tl_top/U_CPL_TMO/sub_86_I917         251.8138      0.0       251.8138        0.0000  0.0000  cpl_timeout_logic_DW01_sub_1011
u_tl_top/U_CPL_TMO/sub_86_I918         251.8138      0.0       251.8138        0.0000  0.0000  cpl_timeout_logic_DW01_sub_223
u_tl_top/U_CPL_TMO/sub_86_I919         251.8138      0.0       251.8138        0.0000  0.0000  cpl_timeout_logic_DW01_sub_949
u_tl_top/U_CPL_TMO/sub_86_I92          251.8138      0.0       251.8138        0.0000  0.0000  cpl_timeout_logic_DW01_sub_383
u_tl_top/U_CPL_TMO/sub_86_I920         251.8138      0.0       251.8138        0.0000  0.0000  cpl_timeout_logic_DW01_sub_226
u_tl_top/U_CPL_TMO/sub_86_I921         251.8138      0.0       251.8138        0.0000  0.0000  cpl_timeout_logic_DW01_sub_235
u_tl_top/U_CPL_TMO/sub_86_I922         251.8138      0.0       251.8138        0.0000  0.0000  cpl_timeout_logic_DW01_sub_172
u_tl_top/U_CPL_TMO/sub_86_I923         251.8138      0.0       251.8138        0.0000  0.0000  cpl_timeout_logic_DW01_sub_629
u_tl_top/U_CPL_TMO/sub_86_I924         251.8138      0.0       251.8138        0.0000  0.0000  cpl_timeout_logic_DW01_sub_262
u_tl_top/U_CPL_TMO/sub_86_I925         251.8138      0.0       251.8138        0.0000  0.0000  cpl_timeout_logic_DW01_sub_923
u_tl_top/U_CPL_TMO/sub_86_I926         251.8138      0.0       251.8138        0.0000  0.0000  cpl_timeout_logic_DW01_sub_666
u_tl_top/U_CPL_TMO/sub_86_I927         251.8138      0.0       251.8138        0.0000  0.0000  cpl_timeout_logic_DW01_sub_977
u_tl_top/U_CPL_TMO/sub_86_I928         251.8138      0.0       251.8138        0.0000  0.0000  cpl_timeout_logic_DW01_sub_618
u_tl_top/U_CPL_TMO/sub_86_I929         251.8138      0.0       251.8138        0.0000  0.0000  cpl_timeout_logic_DW01_sub_686
u_tl_top/U_CPL_TMO/sub_86_I93          251.8138      0.0       251.8138        0.0000  0.0000  cpl_timeout_logic_DW01_sub_613
u_tl_top/U_CPL_TMO/sub_86_I930         251.8138      0.0       251.8138        0.0000  0.0000  cpl_timeout_logic_DW01_sub_16
u_tl_top/U_CPL_TMO/sub_86_I931         251.8138      0.0       251.8138        0.0000  0.0000  cpl_timeout_logic_DW01_sub_665
u_tl_top/U_CPL_TMO/sub_86_I932         251.8138      0.0       251.8138        0.0000  0.0000  cpl_timeout_logic_DW01_sub_834
u_tl_top/U_CPL_TMO/sub_86_I933         251.8138      0.0       251.8138        0.0000  0.0000  cpl_timeout_logic_DW01_sub_60
u_tl_top/U_CPL_TMO/sub_86_I934         251.8138      0.0       251.8138        0.0000  0.0000  cpl_timeout_logic_DW01_sub_950
u_tl_top/U_CPL_TMO/sub_86_I935         251.8138      0.0       251.8138        0.0000  0.0000  cpl_timeout_logic_DW01_sub_120
u_tl_top/U_CPL_TMO/sub_86_I936         251.8138      0.0       251.8138        0.0000  0.0000  cpl_timeout_logic_DW01_sub_663
u_tl_top/U_CPL_TMO/sub_86_I937         251.8138      0.0       251.8138        0.0000  0.0000  cpl_timeout_logic_DW01_sub_158
u_tl_top/U_CPL_TMO/sub_86_I938         251.8138      0.0       251.8138        0.0000  0.0000  cpl_timeout_logic_DW01_sub_340
u_tl_top/U_CPL_TMO/sub_86_I939         251.8138      0.0       251.8138        0.0000  0.0000  cpl_timeout_logic_DW01_sub_696
u_tl_top/U_CPL_TMO/sub_86_I94          251.8138      0.0       251.8138        0.0000  0.0000  cpl_timeout_logic_DW01_sub_555
u_tl_top/U_CPL_TMO/sub_86_I940         251.8138      0.0       251.8138        0.0000  0.0000  cpl_timeout_logic_DW01_sub_486
u_tl_top/U_CPL_TMO/sub_86_I941         251.8138      0.0       251.8138        0.0000  0.0000  cpl_timeout_logic_DW01_sub_159
u_tl_top/U_CPL_TMO/sub_86_I942         251.8138      0.0       251.8138        0.0000  0.0000  cpl_timeout_logic_DW01_sub_347
u_tl_top/U_CPL_TMO/sub_86_I943         251.8138      0.0       251.8138        0.0000  0.0000  cpl_timeout_logic_DW01_sub_250
u_tl_top/U_CPL_TMO/sub_86_I944         251.8138      0.0       251.8138        0.0000  0.0000  cpl_timeout_logic_DW01_sub_427
u_tl_top/U_CPL_TMO/sub_86_I945         251.8138      0.0       251.8138        0.0000  0.0000  cpl_timeout_logic_DW01_sub_562
u_tl_top/U_CPL_TMO/sub_86_I946         251.8138      0.0       251.8138        0.0000  0.0000  cpl_timeout_logic_DW01_sub_841
u_tl_top/U_CPL_TMO/sub_86_I947         251.8138      0.0       251.8138        0.0000  0.0000  cpl_timeout_logic_DW01_sub_329
u_tl_top/U_CPL_TMO/sub_86_I948         251.8138      0.0       251.8138        0.0000  0.0000  cpl_timeout_logic_DW01_sub_342
u_tl_top/U_CPL_TMO/sub_86_I949         251.8138      0.0       251.8138        0.0000  0.0000  cpl_timeout_logic_DW01_sub_751
u_tl_top/U_CPL_TMO/sub_86_I95          251.8138      0.0       251.8138        0.0000  0.0000  cpl_timeout_logic_DW01_sub_619
u_tl_top/U_CPL_TMO/sub_86_I950         251.8138      0.0       251.8138        0.0000  0.0000  cpl_timeout_logic_DW01_sub_338
u_tl_top/U_CPL_TMO/sub_86_I951         251.8138      0.0       251.8138        0.0000  0.0000  cpl_timeout_logic_DW01_sub_39
u_tl_top/U_CPL_TMO/sub_86_I952         251.8138      0.0       251.8138        0.0000  0.0000  cpl_timeout_logic_DW01_sub_631
u_tl_top/U_CPL_TMO/sub_86_I953         251.8138      0.0       251.8138        0.0000  0.0000  cpl_timeout_logic_DW01_sub_153
u_tl_top/U_CPL_TMO/sub_86_I954         251.8138      0.0       251.8138        0.0000  0.0000  cpl_timeout_logic_DW01_sub_469
u_tl_top/U_CPL_TMO/sub_86_I955         251.8138      0.0       251.8138        0.0000  0.0000  cpl_timeout_logic_DW01_sub_37
u_tl_top/U_CPL_TMO/sub_86_I956         251.8138      0.0       251.8138        0.0000  0.0000  cpl_timeout_logic_DW01_sub_150
u_tl_top/U_CPL_TMO/sub_86_I957         251.8138      0.0       251.8138        0.0000  0.0000  cpl_timeout_logic_DW01_sub_703
u_tl_top/U_CPL_TMO/sub_86_I958         251.8138      0.0       251.8138        0.0000  0.0000  cpl_timeout_logic_DW01_sub_979
u_tl_top/U_CPL_TMO/sub_86_I959         251.8138      0.0       251.8138        0.0000  0.0000  cpl_timeout_logic_DW01_sub_1005
u_tl_top/U_CPL_TMO/sub_86_I96          251.8138      0.0       251.8138        0.0000  0.0000  cpl_timeout_logic_DW01_sub_313
u_tl_top/U_CPL_TMO/sub_86_I960         251.8138      0.0       251.8138        0.0000  0.0000  cpl_timeout_logic_DW01_sub_408
u_tl_top/U_CPL_TMO/sub_86_I961         251.8138      0.0       251.8138        0.0000  0.0000  cpl_timeout_logic_DW01_sub_447
u_tl_top/U_CPL_TMO/sub_86_I962         251.8138      0.0       251.8138        0.0000  0.0000  cpl_timeout_logic_DW01_sub_481
u_tl_top/U_CPL_TMO/sub_86_I963         251.8138      0.0       251.8138        0.0000  0.0000  cpl_timeout_logic_DW01_sub_691
u_tl_top/U_CPL_TMO/sub_86_I964         251.8138      0.0       251.8138        0.0000  0.0000  cpl_timeout_logic_DW01_sub_362
u_tl_top/U_CPL_TMO/sub_86_I965         251.8138      0.0       251.8138        0.0000  0.0000  cpl_timeout_logic_DW01_sub_381
u_tl_top/U_CPL_TMO/sub_86_I966         251.8138      0.0       251.8138        0.0000  0.0000  cpl_timeout_logic_DW01_sub_100
u_tl_top/U_CPL_TMO/sub_86_I967         251.8138      0.0       251.8138        0.0000  0.0000  cpl_timeout_logic_DW01_sub_1009
u_tl_top/U_CPL_TMO/sub_86_I968         251.8138      0.0       251.8138        0.0000  0.0000  cpl_timeout_logic_DW01_sub_789
u_tl_top/U_CPL_TMO/sub_86_I969         251.8138      0.0       251.8138        0.0000  0.0000  cpl_timeout_logic_DW01_sub_587
u_tl_top/U_CPL_TMO/sub_86_I97          251.8138      0.0       251.8138        0.0000  0.0000  cpl_timeout_logic_DW01_sub_470
u_tl_top/U_CPL_TMO/sub_86_I970         251.8138      0.0       251.8138        0.0000  0.0000  cpl_timeout_logic_DW01_sub_583
u_tl_top/U_CPL_TMO/sub_86_I971         251.8138      0.0       251.8138        0.0000  0.0000  cpl_timeout_logic_DW01_sub_384
u_tl_top/U_CPL_TMO/sub_86_I972         251.8138      0.0       251.8138        0.0000  0.0000  cpl_timeout_logic_DW01_sub_49
u_tl_top/U_CPL_TMO/sub_86_I973         251.8138      0.0       251.8138        0.0000  0.0000  cpl_timeout_logic_DW01_sub_468
u_tl_top/U_CPL_TMO/sub_86_I974         251.8138      0.0       251.8138        0.0000  0.0000  cpl_timeout_logic_DW01_sub_407
u_tl_top/U_CPL_TMO/sub_86_I975         251.8138      0.0       251.8138        0.0000  0.0000  cpl_timeout_logic_DW01_sub_326
u_tl_top/U_CPL_TMO/sub_86_I976         251.8138      0.0       251.8138        0.0000  0.0000  cpl_timeout_logic_DW01_sub_616
u_tl_top/U_CPL_TMO/sub_86_I977         251.8138      0.0       251.8138        0.0000  0.0000  cpl_timeout_logic_DW01_sub_70
u_tl_top/U_CPL_TMO/sub_86_I978         251.8138      0.0       251.8138        0.0000  0.0000  cpl_timeout_logic_DW01_sub_261
u_tl_top/U_CPL_TMO/sub_86_I979         251.8138      0.0       251.8138        0.0000  0.0000  cpl_timeout_logic_DW01_sub_712
u_tl_top/U_CPL_TMO/sub_86_I98          251.8138      0.0       251.8138        0.0000  0.0000  cpl_timeout_logic_DW01_sub_999
u_tl_top/U_CPL_TMO/sub_86_I980         251.8138      0.0       251.8138        0.0000  0.0000  cpl_timeout_logic_DW01_sub_66
u_tl_top/U_CPL_TMO/sub_86_I981         251.8138      0.0       251.8138        0.0000  0.0000  cpl_timeout_logic_DW01_sub_321
u_tl_top/U_CPL_TMO/sub_86_I982         251.8138      0.0       251.8138        0.0000  0.0000  cpl_timeout_logic_DW01_sub_913
u_tl_top/U_CPL_TMO/sub_86_I983         251.8138      0.0       251.8138        0.0000  0.0000  cpl_timeout_logic_DW01_sub_349
u_tl_top/U_CPL_TMO/sub_86_I984         251.8138      0.0       251.8138        0.0000  0.0000  cpl_timeout_logic_DW01_sub_992
u_tl_top/U_CPL_TMO/sub_86_I985         251.8138      0.0       251.8138        0.0000  0.0000  cpl_timeout_logic_DW01_sub_343
u_tl_top/U_CPL_TMO/sub_86_I986         251.8138      0.0       251.8138        0.0000  0.0000  cpl_timeout_logic_DW01_sub_131
u_tl_top/U_CPL_TMO/sub_86_I987         251.8138      0.0       251.8138        0.0000  0.0000  cpl_timeout_logic_DW01_sub_147
u_tl_top/U_CPL_TMO/sub_86_I988         251.8138      0.0       251.8138        0.0000  0.0000  cpl_timeout_logic_DW01_sub_173
u_tl_top/U_CPL_TMO/sub_86_I989         251.8138      0.0       251.8138        0.0000  0.0000  cpl_timeout_logic_DW01_sub_967
u_tl_top/U_CPL_TMO/sub_86_I99          251.8138      0.0       251.8138        0.0000  0.0000  cpl_timeout_logic_DW01_sub_720
u_tl_top/U_CPL_TMO/sub_86_I990         251.8138      0.0       251.8138        0.0000  0.0000  cpl_timeout_logic_DW01_sub_670
u_tl_top/U_CPL_TMO/sub_86_I991         251.8138      0.0       251.8138        0.0000  0.0000  cpl_timeout_logic_DW01_sub_783
u_tl_top/U_CPL_TMO/sub_86_I992         251.8138      0.0       251.8138        0.0000  0.0000  cpl_timeout_logic_DW01_sub_397
u_tl_top/U_CPL_TMO/sub_86_I993         251.8138      0.0       251.8138        0.0000  0.0000  cpl_timeout_logic_DW01_sub_335
u_tl_top/U_CPL_TMO/sub_86_I994         251.8138      0.0       251.8138        0.0000  0.0000  cpl_timeout_logic_DW01_sub_345
u_tl_top/U_CPL_TMO/sub_86_I995         251.8138      0.0       251.8138        0.0000  0.0000  cpl_timeout_logic_DW01_sub_93
u_tl_top/U_CPL_TMO/sub_86_I996         251.8138      0.0       251.8138        0.0000  0.0000  cpl_timeout_logic_DW01_sub_854
u_tl_top/U_CPL_TMO/sub_86_I997         251.8138      0.0       251.8138        0.0000  0.0000  cpl_timeout_logic_DW01_sub_76
u_tl_top/U_CPL_TMO/sub_86_I998         251.8138      0.0       251.8138        0.0000  0.0000  cpl_timeout_logic_DW01_sub_436
u_tl_top/U_CPL_TMO/sub_86_I999         251.8138      0.0       251.8138        0.0000  0.0000  cpl_timeout_logic_DW01_sub_115
u_tl_top/U_CR_MGR                     6224.7430      0.0      2080.4056     1819.1782  0.0000  cr_mgr
u_tl_top/U_CR_MGR/add_100_S2           241.2235      0.0       241.2235        0.0000  0.0000  cr_mgr_DW01_add_2
u_tl_top/U_CR_MGR/add_104_S2           242.4002      0.0       242.4002        0.0000  0.0000  cr_mgr_DW01_add_1
u_tl_top/U_CR_MGR/add_105_S2           374.1906      0.0       374.1906        0.0000  0.0000  cr_mgr_DW01_add_0
u_tl_top/U_CR_MGR/r123                 550.6956      0.0       550.6956        0.0000  0.0000  cr_mgr_DW01_addsub_1
u_tl_top/U_CR_MGR/r125                 365.9537      0.0       365.9537        0.0000  0.0000  cr_mgr_DW01_addsub_0
u_tl_top/U_CR_MGR/r127                 550.6956      0.0       550.6956        0.0000  0.0000  cr_mgr_DW01_addsub_2
u_tl_top/U_DLL_IF                   153009.8313      0.9     44429.8402   108312.8802  0.0000  DLL_IF
u_tl_top/U_DLL_IF/add_85               267.1109      0.0       267.1109        0.0000  0.0000  DLL_IF_DW01_add_0
u_tl_top/U_ECRC                     275061.8623      1.7    250428.8248    24109.4060  0.0000  ecrc
u_tl_top/U_ECRC/eq_174                 523.6315      0.0       523.6315        0.0000  0.0000  ecrc_DW01_cmp6_1
u_tl_top/U_FC_INIT                     916.6493      0.0       341.2430      575.4063  0.0000  tl_fc_init_fsm
u_tl_top/U_FC_INIT_TMR                1179.0534      0.0       383.6042      595.4102  0.0000  fc_init_timer
u_tl_top/U_FC_INIT_TMR/sub_78          200.0390      0.0       200.0390        0.0000  0.0000  fc_init_timer_DW01_sub_0
u_tl_top/U_FLIT                     453078.9185      2.8    264791.6237   188093.1392  0.0000  flit_mode_controller
u_tl_top/U_FLIT/r90                    194.1555      0.0       194.1555        0.0000  0.0000  flit_mode_controller_DW01_add_0
u_tl_top/U_HDR_PARSE                  4436.1590      0.0      1373.2089     3062.9501  0.0000  tlp_header_parser
u_tl_top/U_MAL_CHK                     265.9342      0.0       265.9342        0.0000  0.0000  tlp_malformed_checker
u_tl_top/U_MSG_HDL                    3545.3972      0.0      3545.3972        0.0000  0.0000  pcie_msg_hdl
u_tl_top/U_MWR_HDL                   24858.9641      0.2      8265.1409    16593.8232  0.0000  pcie_mwr_hdl
u_tl_top/U_ORD                       35689.3112      0.2     17801.1180    17888.1932  0.0000  pcie_ordering_rob
u_tl_top/U_PFX                        4715.0369      0.0      4715.0369        0.0000  0.0000  tlp_prefix_handler
u_tl_top/U_PSND                        148.2642      0.0        44.7146      103.5496  0.0000  poisoned_tlp_handler
u_tl_top/U_REQ_Q                    801530.4149      4.9    178733.6750   622796.7399  0.0000  req_q
u_tl_top/U_RO_CTRL                      29.4175      0.0        29.4175        0.0000  0.0000  ro_ctrl
u_tl_top/U_RX_RTR                     6680.1260      0.0      6680.1260        0.0000  0.0000  rx_tlp_router
u_tl_top/U_TAG_MGR                   10440.8591      0.1      5552.8474     4716.2135  0.0000  tag_manager
u_tl_top/U_TAG_MGR/sub_1_root_sub_163_S2_aco
                                       171.7982      0.0       171.7982        0.0000  0.0000  tag_manager_DW01_sub_0
u_tl_top/U_TLP_ASM                   36212.9422      0.2      9574.8079    26638.1343  0.0000  tlp_assembler
u_tl_top/U_TMO_ERR                 1172381.5206      7.2    491568.7862   475972.7942  0.0000  tmo_err_manager
u_tl_top/U_TMO_ERR/sub_80              200.0390      0.0       200.0390        0.0000  0.0000  tmo_err_manager_DW01_sub_949
u_tl_top/U_TMO_ERR/sub_80_I10          200.0390      0.0       200.0390        0.0000  0.0000  tmo_err_manager_DW01_sub_87
u_tl_top/U_TMO_ERR/sub_80_I100         200.0390      0.0       200.0390        0.0000  0.0000  tmo_err_manager_DW01_sub_177
u_tl_top/U_TMO_ERR/sub_80_I1000        200.0390      0.0       200.0390        0.0000  0.0000  tmo_err_manager_DW01_sub_546
u_tl_top/U_TMO_ERR/sub_80_I1001        200.0390      0.0       200.0390        0.0000  0.0000  tmo_err_manager_DW01_sub_872
u_tl_top/U_TMO_ERR/sub_80_I1002        200.0390      0.0       200.0390        0.0000  0.0000  tmo_err_manager_DW01_sub_827
u_tl_top/U_TMO_ERR/sub_80_I1003        200.0390      0.0       200.0390        0.0000  0.0000  tmo_err_manager_DW01_sub_672
u_tl_top/U_TMO_ERR/sub_80_I1004        200.0390      0.0       200.0390        0.0000  0.0000  tmo_err_manager_DW01_sub_693
u_tl_top/U_TMO_ERR/sub_80_I1005        200.0390      0.0       200.0390        0.0000  0.0000  tmo_err_manager_DW01_sub_581
u_tl_top/U_TMO_ERR/sub_80_I1006        200.0390      0.0       200.0390        0.0000  0.0000  tmo_err_manager_DW01_sub_454
u_tl_top/U_TMO_ERR/sub_80_I1007        200.0390      0.0       200.0390        0.0000  0.0000  tmo_err_manager_DW01_sub_88
u_tl_top/U_TMO_ERR/sub_80_I1008        200.0390      0.0       200.0390        0.0000  0.0000  tmo_err_manager_DW01_sub_274
u_tl_top/U_TMO_ERR/sub_80_I1009        200.0390      0.0       200.0390        0.0000  0.0000  tmo_err_manager_DW01_sub_1006
u_tl_top/U_TMO_ERR/sub_80_I101         200.0390      0.0       200.0390        0.0000  0.0000  tmo_err_manager_DW01_sub_47
u_tl_top/U_TMO_ERR/sub_80_I1010        200.0390      0.0       200.0390        0.0000  0.0000  tmo_err_manager_DW01_sub_730
u_tl_top/U_TMO_ERR/sub_80_I1011        200.0390      0.0       200.0390        0.0000  0.0000  tmo_err_manager_DW01_sub_784
u_tl_top/U_TMO_ERR/sub_80_I1012        200.0390      0.0       200.0390        0.0000  0.0000  tmo_err_manager_DW01_sub_937
u_tl_top/U_TMO_ERR/sub_80_I1013        200.0390      0.0       200.0390        0.0000  0.0000  tmo_err_manager_DW01_sub_896
u_tl_top/U_TMO_ERR/sub_80_I1014        200.0390      0.0       200.0390        0.0000  0.0000  tmo_err_manager_DW01_sub_904
u_tl_top/U_TMO_ERR/sub_80_I1015        200.0390      0.0       200.0390        0.0000  0.0000  tmo_err_manager_DW01_sub_828
u_tl_top/U_TMO_ERR/sub_80_I1016        200.0390      0.0       200.0390        0.0000  0.0000  tmo_err_manager_DW01_sub_316
u_tl_top/U_TMO_ERR/sub_80_I1017        200.0390      0.0       200.0390        0.0000  0.0000  tmo_err_manager_DW01_sub_861
u_tl_top/U_TMO_ERR/sub_80_I1018        200.0390      0.0       200.0390        0.0000  0.0000  tmo_err_manager_DW01_sub_191
u_tl_top/U_TMO_ERR/sub_80_I1019        200.0390      0.0       200.0390        0.0000  0.0000  tmo_err_manager_DW01_sub_365
u_tl_top/U_TMO_ERR/sub_80_I102         200.0390      0.0       200.0390        0.0000  0.0000  tmo_err_manager_DW01_sub_510
u_tl_top/U_TMO_ERR/sub_80_I1020        200.0390      0.0       200.0390        0.0000  0.0000  tmo_err_manager_DW01_sub_621
u_tl_top/U_TMO_ERR/sub_80_I1021        200.0390      0.0       200.0390        0.0000  0.0000  tmo_err_manager_DW01_sub_585
u_tl_top/U_TMO_ERR/sub_80_I1022        200.0390      0.0       200.0390        0.0000  0.0000  tmo_err_manager_DW01_sub_522
u_tl_top/U_TMO_ERR/sub_80_I1023        200.0390      0.0       200.0390        0.0000  0.0000  tmo_err_manager_DW01_sub_308
u_tl_top/U_TMO_ERR/sub_80_I1024        200.0390      0.0       200.0390        0.0000  0.0000  tmo_err_manager_DW01_sub_28
u_tl_top/U_TMO_ERR/sub_80_I103         200.0390      0.0       200.0390        0.0000  0.0000  tmo_err_manager_DW01_sub_477
u_tl_top/U_TMO_ERR/sub_80_I104         200.0390      0.0       200.0390        0.0000  0.0000  tmo_err_manager_DW01_sub_116
u_tl_top/U_TMO_ERR/sub_80_I105         200.0390      0.0       200.0390        0.0000  0.0000  tmo_err_manager_DW01_sub_190
u_tl_top/U_TMO_ERR/sub_80_I106         200.0390      0.0       200.0390        0.0000  0.0000  tmo_err_manager_DW01_sub_379
u_tl_top/U_TMO_ERR/sub_80_I107         200.0390      0.0       200.0390        0.0000  0.0000  tmo_err_manager_DW01_sub_375
u_tl_top/U_TMO_ERR/sub_80_I108         200.0390      0.0       200.0390        0.0000  0.0000  tmo_err_manager_DW01_sub_167
u_tl_top/U_TMO_ERR/sub_80_I109         200.0390      0.0       200.0390        0.0000  0.0000  tmo_err_manager_DW01_sub_1021
u_tl_top/U_TMO_ERR/sub_80_I11          200.0390      0.0       200.0390        0.0000  0.0000  tmo_err_manager_DW01_sub_756
u_tl_top/U_TMO_ERR/sub_80_I110         200.0390      0.0       200.0390        0.0000  0.0000  tmo_err_manager_DW01_sub_907
u_tl_top/U_TMO_ERR/sub_80_I111         200.0390      0.0       200.0390        0.0000  0.0000  tmo_err_manager_DW01_sub_575
u_tl_top/U_TMO_ERR/sub_80_I112         200.0390      0.0       200.0390        0.0000  0.0000  tmo_err_manager_DW01_sub_589
u_tl_top/U_TMO_ERR/sub_80_I113         200.0390      0.0       200.0390        0.0000  0.0000  tmo_err_manager_DW01_sub_272
u_tl_top/U_TMO_ERR/sub_80_I114         200.0390      0.0       200.0390        0.0000  0.0000  tmo_err_manager_DW01_sub_532
u_tl_top/U_TMO_ERR/sub_80_I115         200.0390      0.0       200.0390        0.0000  0.0000  tmo_err_manager_DW01_sub_833
u_tl_top/U_TMO_ERR/sub_80_I116         200.0390      0.0       200.0390        0.0000  0.0000  tmo_err_manager_DW01_sub_315
u_tl_top/U_TMO_ERR/sub_80_I117         200.0390      0.0       200.0390        0.0000  0.0000  tmo_err_manager_DW01_sub_1
u_tl_top/U_TMO_ERR/sub_80_I118         200.0390      0.0       200.0390        0.0000  0.0000  tmo_err_manager_DW01_sub_53
u_tl_top/U_TMO_ERR/sub_80_I119         200.0390      0.0       200.0390        0.0000  0.0000  tmo_err_manager_DW01_sub_236
u_tl_top/U_TMO_ERR/sub_80_I12          200.0390      0.0       200.0390        0.0000  0.0000  tmo_err_manager_DW01_sub_753
u_tl_top/U_TMO_ERR/sub_80_I120         200.0390      0.0       200.0390        0.0000  0.0000  tmo_err_manager_DW01_sub_890
u_tl_top/U_TMO_ERR/sub_80_I121         200.0390      0.0       200.0390        0.0000  0.0000  tmo_err_manager_DW01_sub_639
u_tl_top/U_TMO_ERR/sub_80_I122         200.0390      0.0       200.0390        0.0000  0.0000  tmo_err_manager_DW01_sub_153
u_tl_top/U_TMO_ERR/sub_80_I123         200.0390      0.0       200.0390        0.0000  0.0000  tmo_err_manager_DW01_sub_162
u_tl_top/U_TMO_ERR/sub_80_I124         200.0390      0.0       200.0390        0.0000  0.0000  tmo_err_manager_DW01_sub_967
u_tl_top/U_TMO_ERR/sub_80_I125         200.0390      0.0       200.0390        0.0000  0.0000  tmo_err_manager_DW01_sub_406
u_tl_top/U_TMO_ERR/sub_80_I126         200.0390      0.0       200.0390        0.0000  0.0000  tmo_err_manager_DW01_sub_221
u_tl_top/U_TMO_ERR/sub_80_I127         200.0390      0.0       200.0390        0.0000  0.0000  tmo_err_manager_DW01_sub_741
u_tl_top/U_TMO_ERR/sub_80_I128         200.0390      0.0       200.0390        0.0000  0.0000  tmo_err_manager_DW01_sub_520
u_tl_top/U_TMO_ERR/sub_80_I129         200.0390      0.0       200.0390        0.0000  0.0000  tmo_err_manager_DW01_sub_512
u_tl_top/U_TMO_ERR/sub_80_I13          200.0390      0.0       200.0390        0.0000  0.0000  tmo_err_manager_DW01_sub_677
u_tl_top/U_TMO_ERR/sub_80_I130         200.0390      0.0       200.0390        0.0000  0.0000  tmo_err_manager_DW01_sub_632
u_tl_top/U_TMO_ERR/sub_80_I131         200.0390      0.0       200.0390        0.0000  0.0000  tmo_err_manager_DW01_sub_735
u_tl_top/U_TMO_ERR/sub_80_I132         200.0390      0.0       200.0390        0.0000  0.0000  tmo_err_manager_DW01_sub_203
u_tl_top/U_TMO_ERR/sub_80_I133         200.0390      0.0       200.0390        0.0000  0.0000  tmo_err_manager_DW01_sub_644
u_tl_top/U_TMO_ERR/sub_80_I134         200.0390      0.0       200.0390        0.0000  0.0000  tmo_err_manager_DW01_sub_1012
u_tl_top/U_TMO_ERR/sub_80_I135         200.0390      0.0       200.0390        0.0000  0.0000  tmo_err_manager_DW01_sub_163
u_tl_top/U_TMO_ERR/sub_80_I136         200.0390      0.0       200.0390        0.0000  0.0000  tmo_err_manager_DW01_sub_847
u_tl_top/U_TMO_ERR/sub_80_I137         200.0390      0.0       200.0390        0.0000  0.0000  tmo_err_manager_DW01_sub_10
u_tl_top/U_TMO_ERR/sub_80_I138         200.0390      0.0       200.0390        0.0000  0.0000  tmo_err_manager_DW01_sub_713
u_tl_top/U_TMO_ERR/sub_80_I139         200.0390      0.0       200.0390        0.0000  0.0000  tmo_err_manager_DW01_sub_855
u_tl_top/U_TMO_ERR/sub_80_I14          200.0390      0.0       200.0390        0.0000  0.0000  tmo_err_manager_DW01_sub_536
u_tl_top/U_TMO_ERR/sub_80_I140         200.0390      0.0       200.0390        0.0000  0.0000  tmo_err_manager_DW01_sub_976
u_tl_top/U_TMO_ERR/sub_80_I141         200.0390      0.0       200.0390        0.0000  0.0000  tmo_err_manager_DW01_sub_886
u_tl_top/U_TMO_ERR/sub_80_I142         200.0390      0.0       200.0390        0.0000  0.0000  tmo_err_manager_DW01_sub_957
u_tl_top/U_TMO_ERR/sub_80_I143         200.0390      0.0       200.0390        0.0000  0.0000  tmo_err_manager_DW01_sub_265
u_tl_top/U_TMO_ERR/sub_80_I144         200.0390      0.0       200.0390        0.0000  0.0000  tmo_err_manager_DW01_sub_461
u_tl_top/U_TMO_ERR/sub_80_I145         200.0390      0.0       200.0390        0.0000  0.0000  tmo_err_manager_DW01_sub_286
u_tl_top/U_TMO_ERR/sub_80_I146         200.0390      0.0       200.0390        0.0000  0.0000  tmo_err_manager_DW01_sub_772
u_tl_top/U_TMO_ERR/sub_80_I147         200.0390      0.0       200.0390        0.0000  0.0000  tmo_err_manager_DW01_sub_774
u_tl_top/U_TMO_ERR/sub_80_I148         200.0390      0.0       200.0390        0.0000  0.0000  tmo_err_manager_DW01_sub_815
u_tl_top/U_TMO_ERR/sub_80_I149         200.0390      0.0       200.0390        0.0000  0.0000  tmo_err_manager_DW01_sub_712
u_tl_top/U_TMO_ERR/sub_80_I15          200.0390      0.0       200.0390        0.0000  0.0000  tmo_err_manager_DW01_sub_160
u_tl_top/U_TMO_ERR/sub_80_I150         200.0390      0.0       200.0390        0.0000  0.0000  tmo_err_manager_DW01_sub_491
u_tl_top/U_TMO_ERR/sub_80_I151         200.0390      0.0       200.0390        0.0000  0.0000  tmo_err_manager_DW01_sub_670
u_tl_top/U_TMO_ERR/sub_80_I152         200.0390      0.0       200.0390        0.0000  0.0000  tmo_err_manager_DW01_sub_960
u_tl_top/U_TMO_ERR/sub_80_I153         200.0390      0.0       200.0390        0.0000  0.0000  tmo_err_manager_DW01_sub_776
u_tl_top/U_TMO_ERR/sub_80_I154         200.0390      0.0       200.0390        0.0000  0.0000  tmo_err_manager_DW01_sub_716
u_tl_top/U_TMO_ERR/sub_80_I155         200.0390      0.0       200.0390        0.0000  0.0000  tmo_err_manager_DW01_sub_513
u_tl_top/U_TMO_ERR/sub_80_I156         200.0390      0.0       200.0390        0.0000  0.0000  tmo_err_manager_DW01_sub_174
u_tl_top/U_TMO_ERR/sub_80_I157         200.0390      0.0       200.0390        0.0000  0.0000  tmo_err_manager_DW01_sub_422
u_tl_top/U_TMO_ERR/sub_80_I158         200.0390      0.0       200.0390        0.0000  0.0000  tmo_err_manager_DW01_sub_380
u_tl_top/U_TMO_ERR/sub_80_I159         200.0390      0.0       200.0390        0.0000  0.0000  tmo_err_manager_DW01_sub_718
u_tl_top/U_TMO_ERR/sub_80_I16          200.0390      0.0       200.0390        0.0000  0.0000  tmo_err_manager_DW01_sub_9
u_tl_top/U_TMO_ERR/sub_80_I160         200.0390      0.0       200.0390        0.0000  0.0000  tmo_err_manager_DW01_sub_349
u_tl_top/U_TMO_ERR/sub_80_I161         200.0390      0.0       200.0390        0.0000  0.0000  tmo_err_manager_DW01_sub_505
u_tl_top/U_TMO_ERR/sub_80_I162         200.0390      0.0       200.0390        0.0000  0.0000  tmo_err_manager_DW01_sub_298
u_tl_top/U_TMO_ERR/sub_80_I163         200.0390      0.0       200.0390        0.0000  0.0000  tmo_err_manager_DW01_sub_161
u_tl_top/U_TMO_ERR/sub_80_I164         200.0390      0.0       200.0390        0.0000  0.0000  tmo_err_manager_DW01_sub_645
u_tl_top/U_TMO_ERR/sub_80_I165         200.0390      0.0       200.0390        0.0000  0.0000  tmo_err_manager_DW01_sub_703
u_tl_top/U_TMO_ERR/sub_80_I166         200.0390      0.0       200.0390        0.0000  0.0000  tmo_err_manager_DW01_sub_305
u_tl_top/U_TMO_ERR/sub_80_I167         200.0390      0.0       200.0390        0.0000  0.0000  tmo_err_manager_DW01_sub_502
u_tl_top/U_TMO_ERR/sub_80_I168         200.0390      0.0       200.0390        0.0000  0.0000  tmo_err_manager_DW01_sub_560
u_tl_top/U_TMO_ERR/sub_80_I169         200.0390      0.0       200.0390        0.0000  0.0000  tmo_err_manager_DW01_sub_128
u_tl_top/U_TMO_ERR/sub_80_I17          200.0390      0.0       200.0390        0.0000  0.0000  tmo_err_manager_DW01_sub_232
u_tl_top/U_TMO_ERR/sub_80_I170         200.0390      0.0       200.0390        0.0000  0.0000  tmo_err_manager_DW01_sub_146
u_tl_top/U_TMO_ERR/sub_80_I171         200.0390      0.0       200.0390        0.0000  0.0000  tmo_err_manager_DW01_sub_16
u_tl_top/U_TMO_ERR/sub_80_I172         200.0390      0.0       200.0390        0.0000  0.0000  tmo_err_manager_DW01_sub_399
u_tl_top/U_TMO_ERR/sub_80_I173         200.0390      0.0       200.0390        0.0000  0.0000  tmo_err_manager_DW01_sub_893
u_tl_top/U_TMO_ERR/sub_80_I174         200.0390      0.0       200.0390        0.0000  0.0000  tmo_err_manager_DW01_sub_457
u_tl_top/U_TMO_ERR/sub_80_I175         200.0390      0.0       200.0390        0.0000  0.0000  tmo_err_manager_DW01_sub_367
u_tl_top/U_TMO_ERR/sub_80_I176         200.0390      0.0       200.0390        0.0000  0.0000  tmo_err_manager_DW01_sub_83
u_tl_top/U_TMO_ERR/sub_80_I177         200.0390      0.0       200.0390        0.0000  0.0000  tmo_err_manager_DW01_sub_292
u_tl_top/U_TMO_ERR/sub_80_I178         200.0390      0.0       200.0390        0.0000  0.0000  tmo_err_manager_DW01_sub_763
u_tl_top/U_TMO_ERR/sub_80_I179         200.0390      0.0       200.0390        0.0000  0.0000  tmo_err_manager_DW01_sub_428
u_tl_top/U_TMO_ERR/sub_80_I18          200.0390      0.0       200.0390        0.0000  0.0000  tmo_err_manager_DW01_sub_652
u_tl_top/U_TMO_ERR/sub_80_I180         200.0390      0.0       200.0390        0.0000  0.0000  tmo_err_manager_DW01_sub_472
u_tl_top/U_TMO_ERR/sub_80_I181         200.0390      0.0       200.0390        0.0000  0.0000  tmo_err_manager_DW01_sub_487
u_tl_top/U_TMO_ERR/sub_80_I182         200.0390      0.0       200.0390        0.0000  0.0000  tmo_err_manager_DW01_sub_384
u_tl_top/U_TMO_ERR/sub_80_I183         200.0390      0.0       200.0390        0.0000  0.0000  tmo_err_manager_DW01_sub_596
u_tl_top/U_TMO_ERR/sub_80_I184         200.0390      0.0       200.0390        0.0000  0.0000  tmo_err_manager_DW01_sub_1014
u_tl_top/U_TMO_ERR/sub_80_I185         200.0390      0.0       200.0390        0.0000  0.0000  tmo_err_manager_DW01_sub_330
u_tl_top/U_TMO_ERR/sub_80_I186         200.0390      0.0       200.0390        0.0000  0.0000  tmo_err_manager_DW01_sub_694
u_tl_top/U_TMO_ERR/sub_80_I187         200.0390      0.0       200.0390        0.0000  0.0000  tmo_err_manager_DW01_sub_668
u_tl_top/U_TMO_ERR/sub_80_I188         200.0390      0.0       200.0390        0.0000  0.0000  tmo_err_manager_DW01_sub_351
u_tl_top/U_TMO_ERR/sub_80_I189         200.0390      0.0       200.0390        0.0000  0.0000  tmo_err_manager_DW01_sub_323
u_tl_top/U_TMO_ERR/sub_80_I19          200.0390      0.0       200.0390        0.0000  0.0000  tmo_err_manager_DW01_sub_54
u_tl_top/U_TMO_ERR/sub_80_I190         200.0390      0.0       200.0390        0.0000  0.0000  tmo_err_manager_DW01_sub_280
u_tl_top/U_TMO_ERR/sub_80_I191         200.0390      0.0       200.0390        0.0000  0.0000  tmo_err_manager_DW01_sub_1017
u_tl_top/U_TMO_ERR/sub_80_I192         200.0390      0.0       200.0390        0.0000  0.0000  tmo_err_manager_DW01_sub_291
u_tl_top/U_TMO_ERR/sub_80_I193         200.0390      0.0       200.0390        0.0000  0.0000  tmo_err_manager_DW01_sub_421
u_tl_top/U_TMO_ERR/sub_80_I194         200.0390      0.0       200.0390        0.0000  0.0000  tmo_err_manager_DW01_sub_792
u_tl_top/U_TMO_ERR/sub_80_I195         200.0390      0.0       200.0390        0.0000  0.0000  tmo_err_manager_DW01_sub_969
u_tl_top/U_TMO_ERR/sub_80_I196         200.0390      0.0       200.0390        0.0000  0.0000  tmo_err_manager_DW01_sub_475
u_tl_top/U_TMO_ERR/sub_80_I197         200.0390      0.0       200.0390        0.0000  0.0000  tmo_err_manager_DW01_sub_157
u_tl_top/U_TMO_ERR/sub_80_I198         200.0390      0.0       200.0390        0.0000  0.0000  tmo_err_manager_DW01_sub_977
u_tl_top/U_TMO_ERR/sub_80_I199         200.0390      0.0       200.0390        0.0000  0.0000  tmo_err_manager_DW01_sub_474
u_tl_top/U_TMO_ERR/sub_80_I2           200.0390      0.0       200.0390        0.0000  0.0000  tmo_err_manager_DW01_sub_485
u_tl_top/U_TMO_ERR/sub_80_I20          200.0390      0.0       200.0390        0.0000  0.0000  tmo_err_manager_DW01_sub_91
u_tl_top/U_TMO_ERR/sub_80_I200         200.0390      0.0       200.0390        0.0000  0.0000  tmo_err_manager_DW01_sub_131
u_tl_top/U_TMO_ERR/sub_80_I201         200.0390      0.0       200.0390        0.0000  0.0000  tmo_err_manager_DW01_sub_745
u_tl_top/U_TMO_ERR/sub_80_I202         200.0390      0.0       200.0390        0.0000  0.0000  tmo_err_manager_DW01_sub_733
u_tl_top/U_TMO_ERR/sub_80_I203         200.0390      0.0       200.0390        0.0000  0.0000  tmo_err_manager_DW01_sub_567
u_tl_top/U_TMO_ERR/sub_80_I204         200.0390      0.0       200.0390        0.0000  0.0000  tmo_err_manager_DW01_sub_249
u_tl_top/U_TMO_ERR/sub_80_I205         200.0390      0.0       200.0390        0.0000  0.0000  tmo_err_manager_DW01_sub_894
u_tl_top/U_TMO_ERR/sub_80_I206         200.0390      0.0       200.0390        0.0000  0.0000  tmo_err_manager_DW01_sub_64
u_tl_top/U_TMO_ERR/sub_80_I207         200.0390      0.0       200.0390        0.0000  0.0000  tmo_err_manager_DW01_sub_328
u_tl_top/U_TMO_ERR/sub_80_I208         200.0390      0.0       200.0390        0.0000  0.0000  tmo_err_manager_DW01_sub_982
u_tl_top/U_TMO_ERR/sub_80_I209         200.0390      0.0       200.0390        0.0000  0.0000  tmo_err_manager_DW01_sub_922
u_tl_top/U_TMO_ERR/sub_80_I21          200.0390      0.0       200.0390        0.0000  0.0000  tmo_err_manager_DW01_sub_297
u_tl_top/U_TMO_ERR/sub_80_I210         200.0390      0.0       200.0390        0.0000  0.0000  tmo_err_manager_DW01_sub_864
u_tl_top/U_TMO_ERR/sub_80_I211         200.0390      0.0       200.0390        0.0000  0.0000  tmo_err_manager_DW01_sub_1020
u_tl_top/U_TMO_ERR/sub_80_I212         200.0390      0.0       200.0390        0.0000  0.0000  tmo_err_manager_DW01_sub_33
u_tl_top/U_TMO_ERR/sub_80_I213         200.0390      0.0       200.0390        0.0000  0.0000  tmo_err_manager_DW01_sub_152
u_tl_top/U_TMO_ERR/sub_80_I214         200.0390      0.0       200.0390        0.0000  0.0000  tmo_err_manager_DW01_sub_795
u_tl_top/U_TMO_ERR/sub_80_I215         200.0390      0.0       200.0390        0.0000  0.0000  tmo_err_manager_DW01_sub_577
u_tl_top/U_TMO_ERR/sub_80_I216         200.0390      0.0       200.0390        0.0000  0.0000  tmo_err_manager_DW01_sub_685
u_tl_top/U_TMO_ERR/sub_80_I217         200.0390      0.0       200.0390        0.0000  0.0000  tmo_err_manager_DW01_sub_933
u_tl_top/U_TMO_ERR/sub_80_I218         200.0390      0.0       200.0390        0.0000  0.0000  tmo_err_manager_DW01_sub_771
u_tl_top/U_TMO_ERR/sub_80_I219         200.0390      0.0       200.0390        0.0000  0.0000  tmo_err_manager_DW01_sub_679
u_tl_top/U_TMO_ERR/sub_80_I22          200.0390      0.0       200.0390        0.0000  0.0000  tmo_err_manager_DW01_sub_674
u_tl_top/U_TMO_ERR/sub_80_I220         200.0390      0.0       200.0390        0.0000  0.0000  tmo_err_manager_DW01_sub_343
u_tl_top/U_TMO_ERR/sub_80_I221         200.0390      0.0       200.0390        0.0000  0.0000  tmo_err_manager_DW01_sub_925
u_tl_top/U_TMO_ERR/sub_80_I222         200.0390      0.0       200.0390        0.0000  0.0000  tmo_err_manager_DW01_sub_611
u_tl_top/U_TMO_ERR/sub_80_I223         200.0390      0.0       200.0390        0.0000  0.0000  tmo_err_manager_DW01_sub_767
u_tl_top/U_TMO_ERR/sub_80_I224         200.0390      0.0       200.0390        0.0000  0.0000  tmo_err_manager_DW01_sub_51
u_tl_top/U_TMO_ERR/sub_80_I225         200.0390      0.0       200.0390        0.0000  0.0000  tmo_err_manager_DW01_sub_658
u_tl_top/U_TMO_ERR/sub_80_I226         200.0390      0.0       200.0390        0.0000  0.0000  tmo_err_manager_DW01_sub_304
u_tl_top/U_TMO_ERR/sub_80_I227         200.0390      0.0       200.0390        0.0000  0.0000  tmo_err_manager_DW01_sub_393
u_tl_top/U_TMO_ERR/sub_80_I228         200.0390      0.0       200.0390        0.0000  0.0000  tmo_err_manager_DW01_sub_787
u_tl_top/U_TMO_ERR/sub_80_I229         200.0390      0.0       200.0390        0.0000  0.0000  tmo_err_manager_DW01_sub_598
u_tl_top/U_TMO_ERR/sub_80_I23          200.0390      0.0       200.0390        0.0000  0.0000  tmo_err_manager_DW01_sub_15
u_tl_top/U_TMO_ERR/sub_80_I230         200.0390      0.0       200.0390        0.0000  0.0000  tmo_err_manager_DW01_sub_605
u_tl_top/U_TMO_ERR/sub_80_I231         200.0390      0.0       200.0390        0.0000  0.0000  tmo_err_manager_DW01_sub_479
u_tl_top/U_TMO_ERR/sub_80_I232         200.0390      0.0       200.0390        0.0000  0.0000  tmo_err_manager_DW01_sub_470
u_tl_top/U_TMO_ERR/sub_80_I233         200.0390      0.0       200.0390        0.0000  0.0000  tmo_err_manager_DW01_sub_857
u_tl_top/U_TMO_ERR/sub_80_I234         200.0390      0.0       200.0390        0.0000  0.0000  tmo_err_manager_DW01_sub_228
u_tl_top/U_TMO_ERR/sub_80_I235         200.0390      0.0       200.0390        0.0000  0.0000  tmo_err_manager_DW01_sub_870
u_tl_top/U_TMO_ERR/sub_80_I236         200.0390      0.0       200.0390        0.0000  0.0000  tmo_err_manager_DW01_sub_573
u_tl_top/U_TMO_ERR/sub_80_I237         200.0390      0.0       200.0390        0.0000  0.0000  tmo_err_manager_DW01_sub_1002
u_tl_top/U_TMO_ERR/sub_80_I238         200.0390      0.0       200.0390        0.0000  0.0000  tmo_err_manager_DW01_sub_883
u_tl_top/U_TMO_ERR/sub_80_I239         200.0390      0.0       200.0390        0.0000  0.0000  tmo_err_manager_DW01_sub_390
u_tl_top/U_TMO_ERR/sub_80_I24          200.0390      0.0       200.0390        0.0000  0.0000  tmo_err_manager_DW01_sub_381
u_tl_top/U_TMO_ERR/sub_80_I240         200.0390      0.0       200.0390        0.0000  0.0000  tmo_err_manager_DW01_sub_987
u_tl_top/U_TMO_ERR/sub_80_I241         200.0390      0.0       200.0390        0.0000  0.0000  tmo_err_manager_DW01_sub_252
u_tl_top/U_TMO_ERR/sub_80_I242         200.0390      0.0       200.0390        0.0000  0.0000  tmo_err_manager_DW01_sub_676
u_tl_top/U_TMO_ERR/sub_80_I243         200.0390      0.0       200.0390        0.0000  0.0000  tmo_err_manager_DW01_sub_525
u_tl_top/U_TMO_ERR/sub_80_I244         200.0390      0.0       200.0390        0.0000  0.0000  tmo_err_manager_DW01_sub_476
u_tl_top/U_TMO_ERR/sub_80_I245         200.0390      0.0       200.0390        0.0000  0.0000  tmo_err_manager_DW01_sub_704
u_tl_top/U_TMO_ERR/sub_80_I246         200.0390      0.0       200.0390        0.0000  0.0000  tmo_err_manager_DW01_sub_278
u_tl_top/U_TMO_ERR/sub_80_I247         200.0390      0.0       200.0390        0.0000  0.0000  tmo_err_manager_DW01_sub_980
u_tl_top/U_TMO_ERR/sub_80_I248         200.0390      0.0       200.0390        0.0000  0.0000  tmo_err_manager_DW01_sub_540
u_tl_top/U_TMO_ERR/sub_80_I249         200.0390      0.0       200.0390        0.0000  0.0000  tmo_err_manager_DW01_sub_775
u_tl_top/U_TMO_ERR/sub_80_I25          200.0390      0.0       200.0390        0.0000  0.0000  tmo_err_manager_DW01_sub_267
u_tl_top/U_TMO_ERR/sub_80_I250         200.0390      0.0       200.0390        0.0000  0.0000  tmo_err_manager_DW01_sub_347
u_tl_top/U_TMO_ERR/sub_80_I251         200.0390      0.0       200.0390        0.0000  0.0000  tmo_err_manager_DW01_sub_500
u_tl_top/U_TMO_ERR/sub_80_I252         200.0390      0.0       200.0390        0.0000  0.0000  tmo_err_manager_DW01_sub_719
u_tl_top/U_TMO_ERR/sub_80_I253         200.0390      0.0       200.0390        0.0000  0.0000  tmo_err_manager_DW01_sub_40
u_tl_top/U_TMO_ERR/sub_80_I254         200.0390      0.0       200.0390        0.0000  0.0000  tmo_err_manager_DW01_sub_994
u_tl_top/U_TMO_ERR/sub_80_I255         200.0390      0.0       200.0390        0.0000  0.0000  tmo_err_manager_DW01_sub_832
u_tl_top/U_TMO_ERR/sub_80_I256         200.0390      0.0       200.0390        0.0000  0.0000  tmo_err_manager_DW01_sub_503
u_tl_top/U_TMO_ERR/sub_80_I257         200.0390      0.0       200.0390        0.0000  0.0000  tmo_err_manager_DW01_sub_1009
u_tl_top/U_TMO_ERR/sub_80_I258         200.0390      0.0       200.0390        0.0000  0.0000  tmo_err_manager_DW01_sub_817
u_tl_top/U_TMO_ERR/sub_80_I259         200.0390      0.0       200.0390        0.0000  0.0000  tmo_err_manager_DW01_sub_417
u_tl_top/U_TMO_ERR/sub_80_I26          200.0390      0.0       200.0390        0.0000  0.0000  tmo_err_manager_DW01_sub_21
u_tl_top/U_TMO_ERR/sub_80_I260         200.0390      0.0       200.0390        0.0000  0.0000  tmo_err_manager_DW01_sub_582
u_tl_top/U_TMO_ERR/sub_80_I261         200.0390      0.0       200.0390        0.0000  0.0000  tmo_err_manager_DW01_sub_862
u_tl_top/U_TMO_ERR/sub_80_I262         200.0390      0.0       200.0390        0.0000  0.0000  tmo_err_manager_DW01_sub_954
u_tl_top/U_TMO_ERR/sub_80_I263         200.0390      0.0       200.0390        0.0000  0.0000  tmo_err_manager_DW01_sub_629
u_tl_top/U_TMO_ERR/sub_80_I264         200.0390      0.0       200.0390        0.0000  0.0000  tmo_err_manager_DW01_sub_943
u_tl_top/U_TMO_ERR/sub_80_I265         200.0390      0.0       200.0390        0.0000  0.0000  tmo_err_manager_DW01_sub_391
u_tl_top/U_TMO_ERR/sub_80_I266         200.0390      0.0       200.0390        0.0000  0.0000  tmo_err_manager_DW01_sub_968
u_tl_top/U_TMO_ERR/sub_80_I267         200.0390      0.0       200.0390        0.0000  0.0000  tmo_err_manager_DW01_sub_337
u_tl_top/U_TMO_ERR/sub_80_I268         200.0390      0.0       200.0390        0.0000  0.0000  tmo_err_manager_DW01_sub_334
u_tl_top/U_TMO_ERR/sub_80_I269         200.0390      0.0       200.0390        0.0000  0.0000  tmo_err_manager_DW01_sub_766
u_tl_top/U_TMO_ERR/sub_80_I27          200.0390      0.0       200.0390        0.0000  0.0000  tmo_err_manager_DW01_sub_808
u_tl_top/U_TMO_ERR/sub_80_I270         200.0390      0.0       200.0390        0.0000  0.0000  tmo_err_manager_DW01_sub_643
u_tl_top/U_TMO_ERR/sub_80_I271         200.0390      0.0       200.0390        0.0000  0.0000  tmo_err_manager_DW01_sub_743
u_tl_top/U_TMO_ERR/sub_80_I272         200.0390      0.0       200.0390        0.0000  0.0000  tmo_err_manager_DW01_sub_288
u_tl_top/U_TMO_ERR/sub_80_I273         200.0390      0.0       200.0390        0.0000  0.0000  tmo_err_manager_DW01_sub_729
u_tl_top/U_TMO_ERR/sub_80_I274         200.0390      0.0       200.0390        0.0000  0.0000  tmo_err_manager_DW01_sub_125
u_tl_top/U_TMO_ERR/sub_80_I275         200.0390      0.0       200.0390        0.0000  0.0000  tmo_err_manager_DW01_sub_821
u_tl_top/U_TMO_ERR/sub_80_I276         200.0390      0.0       200.0390        0.0000  0.0000  tmo_err_manager_DW01_sub_68
u_tl_top/U_TMO_ERR/sub_80_I277         200.0390      0.0       200.0390        0.0000  0.0000  tmo_err_manager_DW01_sub_800
u_tl_top/U_TMO_ERR/sub_80_I278         200.0390      0.0       200.0390        0.0000  0.0000  tmo_err_manager_DW01_sub_578
u_tl_top/U_TMO_ERR/sub_80_I279         200.0390      0.0       200.0390        0.0000  0.0000  tmo_err_manager_DW01_sub_782
u_tl_top/U_TMO_ERR/sub_80_I28          200.0390      0.0       200.0390        0.0000  0.0000  tmo_err_manager_DW01_sub_521
u_tl_top/U_TMO_ERR/sub_80_I280         200.0390      0.0       200.0390        0.0000  0.0000  tmo_err_manager_DW01_sub_56
u_tl_top/U_TMO_ERR/sub_80_I281         200.0390      0.0       200.0390        0.0000  0.0000  tmo_err_manager_DW01_sub_43
u_tl_top/U_TMO_ERR/sub_80_I282         200.0390      0.0       200.0390        0.0000  0.0000  tmo_err_manager_DW01_sub_117
u_tl_top/U_TMO_ERR/sub_80_I283         200.0390      0.0       200.0390        0.0000  0.0000  tmo_err_manager_DW01_sub_550
u_tl_top/U_TMO_ERR/sub_80_I284         200.0390      0.0       200.0390        0.0000  0.0000  tmo_err_manager_DW01_sub_499
u_tl_top/U_TMO_ERR/sub_80_I285         200.0390      0.0       200.0390        0.0000  0.0000  tmo_err_manager_DW01_sub_400
u_tl_top/U_TMO_ERR/sub_80_I286         200.0390      0.0       200.0390        0.0000  0.0000  tmo_err_manager_DW01_sub_166
u_tl_top/U_TMO_ERR/sub_80_I287         200.0390      0.0       200.0390        0.0000  0.0000  tmo_err_manager_DW01_sub_517
u_tl_top/U_TMO_ERR/sub_80_I288         200.0390      0.0       200.0390        0.0000  0.0000  tmo_err_manager_DW01_sub_971
u_tl_top/U_TMO_ERR/sub_80_I289         200.0390      0.0       200.0390        0.0000  0.0000  tmo_err_manager_DW01_sub_345
u_tl_top/U_TMO_ERR/sub_80_I29          200.0390      0.0       200.0390        0.0000  0.0000  tmo_err_manager_DW01_sub_984
u_tl_top/U_TMO_ERR/sub_80_I290         200.0390      0.0       200.0390        0.0000  0.0000  tmo_err_manager_DW01_sub_294
u_tl_top/U_TMO_ERR/sub_80_I291         200.0390      0.0       200.0390        0.0000  0.0000  tmo_err_manager_DW01_sub_231
u_tl_top/U_TMO_ERR/sub_80_I292         200.0390      0.0       200.0390        0.0000  0.0000  tmo_err_manager_DW01_sub_891
u_tl_top/U_TMO_ERR/sub_80_I293         200.0390      0.0       200.0390        0.0000  0.0000  tmo_err_manager_DW01_sub_244
u_tl_top/U_TMO_ERR/sub_80_I294         200.0390      0.0       200.0390        0.0000  0.0000  tmo_err_manager_DW01_sub_273
u_tl_top/U_TMO_ERR/sub_80_I295         200.0390      0.0       200.0390        0.0000  0.0000  tmo_err_manager_DW01_sub_768
u_tl_top/U_TMO_ERR/sub_80_I296         200.0390      0.0       200.0390        0.0000  0.0000  tmo_err_manager_DW01_sub_809
u_tl_top/U_TMO_ERR/sub_80_I297         200.0390      0.0       200.0390        0.0000  0.0000  tmo_err_manager_DW01_sub_74
u_tl_top/U_TMO_ERR/sub_80_I298         200.0390      0.0       200.0390        0.0000  0.0000  tmo_err_manager_DW01_sub_202
u_tl_top/U_TMO_ERR/sub_80_I299         200.0390      0.0       200.0390        0.0000  0.0000  tmo_err_manager_DW01_sub_155
u_tl_top/U_TMO_ERR/sub_80_I3           200.0390      0.0       200.0390        0.0000  0.0000  tmo_err_manager_DW01_sub_653
u_tl_top/U_TMO_ERR/sub_80_I30          200.0390      0.0       200.0390        0.0000  0.0000  tmo_err_manager_DW01_sub_489
u_tl_top/U_TMO_ERR/sub_80_I300         200.0390      0.0       200.0390        0.0000  0.0000  tmo_err_manager_DW01_sub_627
u_tl_top/U_TMO_ERR/sub_80_I301         200.0390      0.0       200.0390        0.0000  0.0000  tmo_err_manager_DW01_sub_810
u_tl_top/U_TMO_ERR/sub_80_I302         200.0390      0.0       200.0390        0.0000  0.0000  tmo_err_manager_DW01_sub_377
u_tl_top/U_TMO_ERR/sub_80_I303         200.0390      0.0       200.0390        0.0000  0.0000  tmo_err_manager_DW01_sub_169
u_tl_top/U_TMO_ERR/sub_80_I304         200.0390      0.0       200.0390        0.0000  0.0000  tmo_err_manager_DW01_sub_39
u_tl_top/U_TMO_ERR/sub_80_I305         200.0390      0.0       200.0390        0.0000  0.0000  tmo_err_manager_DW01_sub_26
u_tl_top/U_TMO_ERR/sub_80_I306         200.0390      0.0       200.0390        0.0000  0.0000  tmo_err_manager_DW01_sub_287
u_tl_top/U_TMO_ERR/sub_80_I307         200.0390      0.0       200.0390        0.0000  0.0000  tmo_err_manager_DW01_sub_972
u_tl_top/U_TMO_ERR/sub_80_I308         200.0390      0.0       200.0390        0.0000  0.0000  tmo_err_manager_DW01_sub_885
u_tl_top/U_TMO_ERR/sub_80_I309         200.0390      0.0       200.0390        0.0000  0.0000  tmo_err_manager_DW01_sub_555
u_tl_top/U_TMO_ERR/sub_80_I31          200.0390      0.0       200.0390        0.0000  0.0000  tmo_err_manager_DW01_sub_721
u_tl_top/U_TMO_ERR/sub_80_I310         200.0390      0.0       200.0390        0.0000  0.0000  tmo_err_manager_DW01_sub_398
u_tl_top/U_TMO_ERR/sub_80_I311         200.0390      0.0       200.0390        0.0000  0.0000  tmo_err_manager_DW01_sub_992
u_tl_top/U_TMO_ERR/sub_80_I312         200.0390      0.0       200.0390        0.0000  0.0000  tmo_err_manager_DW01_sub_655
u_tl_top/U_TMO_ERR/sub_80_I313         200.0390      0.0       200.0390        0.0000  0.0000  tmo_err_manager_DW01_sub_172
u_tl_top/U_TMO_ERR/sub_80_I314         200.0390      0.0       200.0390        0.0000  0.0000  tmo_err_manager_DW01_sub_122
u_tl_top/U_TMO_ERR/sub_80_I315         200.0390      0.0       200.0390        0.0000  0.0000  tmo_err_manager_DW01_sub_998
u_tl_top/U_TMO_ERR/sub_80_I316         200.0390      0.0       200.0390        0.0000  0.0000  tmo_err_manager_DW01_sub_181
u_tl_top/U_TMO_ERR/sub_80_I317         200.0390      0.0       200.0390        0.0000  0.0000  tmo_err_manager_DW01_sub_599
u_tl_top/U_TMO_ERR/sub_80_I318         200.0390      0.0       200.0390        0.0000  0.0000  tmo_err_manager_DW01_sub_12
u_tl_top/U_TMO_ERR/sub_80_I319         200.0390      0.0       200.0390        0.0000  0.0000  tmo_err_manager_DW01_sub_657
u_tl_top/U_TMO_ERR/sub_80_I32          200.0390      0.0       200.0390        0.0000  0.0000  tmo_err_manager_DW01_sub_227
u_tl_top/U_TMO_ERR/sub_80_I320         200.0390      0.0       200.0390        0.0000  0.0000  tmo_err_manager_DW01_sub_952
u_tl_top/U_TMO_ERR/sub_80_I321         200.0390      0.0       200.0390        0.0000  0.0000  tmo_err_manager_DW01_sub_238
u_tl_top/U_TMO_ERR/sub_80_I322         200.0390      0.0       200.0390        0.0000  0.0000  tmo_err_manager_DW01_sub_73
u_tl_top/U_TMO_ERR/sub_80_I323         200.0390      0.0       200.0390        0.0000  0.0000  tmo_err_manager_DW01_sub_962
u_tl_top/U_TMO_ERR/sub_80_I324         200.0390      0.0       200.0390        0.0000  0.0000  tmo_err_manager_DW01_sub_130
u_tl_top/U_TMO_ERR/sub_80_I325         200.0390      0.0       200.0390        0.0000  0.0000  tmo_err_manager_DW01_sub_82
u_tl_top/U_TMO_ERR/sub_80_I326         200.0390      0.0       200.0390        0.0000  0.0000  tmo_err_manager_DW01_sub_889
u_tl_top/U_TMO_ERR/sub_80_I327         200.0390      0.0       200.0390        0.0000  0.0000  tmo_err_manager_DW01_sub_881
u_tl_top/U_TMO_ERR/sub_80_I328         200.0390      0.0       200.0390        0.0000  0.0000  tmo_err_manager_DW01_sub_439
u_tl_top/U_TMO_ERR/sub_80_I329         200.0390      0.0       200.0390        0.0000  0.0000  tmo_err_manager_DW01_sub_507
u_tl_top/U_TMO_ERR/sub_80_I33          200.0390      0.0       200.0390        0.0000  0.0000  tmo_err_manager_DW01_sub_478
u_tl_top/U_TMO_ERR/sub_80_I330         200.0390      0.0       200.0390        0.0000  0.0000  tmo_err_manager_DW01_sub_692
u_tl_top/U_TMO_ERR/sub_80_I331         200.0390      0.0       200.0390        0.0000  0.0000  tmo_err_manager_DW01_sub_905
u_tl_top/U_TMO_ERR/sub_80_I332         200.0390      0.0       200.0390        0.0000  0.0000  tmo_err_manager_DW01_sub_309
u_tl_top/U_TMO_ERR/sub_80_I333         200.0390      0.0       200.0390        0.0000  0.0000  tmo_err_manager_DW01_sub_426
u_tl_top/U_TMO_ERR/sub_80_I334         200.0390      0.0       200.0390        0.0000  0.0000  tmo_err_manager_DW01_sub_420
u_tl_top/U_TMO_ERR/sub_80_I335         200.0390      0.0       200.0390        0.0000  0.0000  tmo_err_manager_DW01_sub_528
u_tl_top/U_TMO_ERR/sub_80_I336         200.0390      0.0       200.0390        0.0000  0.0000  tmo_err_manager_DW01_sub_997
u_tl_top/U_TMO_ERR/sub_80_I337         200.0390      0.0       200.0390        0.0000  0.0000  tmo_err_manager_DW01_sub_531
u_tl_top/U_TMO_ERR/sub_80_I338         200.0390      0.0       200.0390        0.0000  0.0000  tmo_err_manager_DW01_sub_710
u_tl_top/U_TMO_ERR/sub_80_I339         200.0390      0.0       200.0390        0.0000  0.0000  tmo_err_manager_DW01_sub_586
u_tl_top/U_TMO_ERR/sub_80_I34          200.0390      0.0       200.0390        0.0000  0.0000  tmo_err_manager_DW01_sub_321
u_tl_top/U_TMO_ERR/sub_80_I340         200.0390      0.0       200.0390        0.0000  0.0000  tmo_err_manager_DW01_sub_467
u_tl_top/U_TMO_ERR/sub_80_I341         200.0390      0.0       200.0390        0.0000  0.0000  tmo_err_manager_DW01_sub_339
u_tl_top/U_TMO_ERR/sub_80_I342         200.0390      0.0       200.0390        0.0000  0.0000  tmo_err_manager_DW01_sub_67
u_tl_top/U_TMO_ERR/sub_80_I343         200.0390      0.0       200.0390        0.0000  0.0000  tmo_err_manager_DW01_sub_942
u_tl_top/U_TMO_ERR/sub_80_I344         200.0390      0.0       200.0390        0.0000  0.0000  tmo_err_manager_DW01_sub_523
u_tl_top/U_TMO_ERR/sub_80_I345         200.0390      0.0       200.0390        0.0000  0.0000  tmo_err_manager_DW01_sub_625
u_tl_top/U_TMO_ERR/sub_80_I346         200.0390      0.0       200.0390        0.0000  0.0000  tmo_err_manager_DW01_sub_755
u_tl_top/U_TMO_ERR/sub_80_I347         200.0390      0.0       200.0390        0.0000  0.0000  tmo_err_manager_DW01_sub_312
u_tl_top/U_TMO_ERR/sub_80_I348         200.0390      0.0       200.0390        0.0000  0.0000  tmo_err_manager_DW01_sub_794
u_tl_top/U_TMO_ERR/sub_80_I349         200.0390      0.0       200.0390        0.0000  0.0000  tmo_err_manager_DW01_sub_159
u_tl_top/U_TMO_ERR/sub_80_I35          200.0390      0.0       200.0390        0.0000  0.0000  tmo_err_manager_DW01_sub_854
u_tl_top/U_TMO_ERR/sub_80_I350         200.0390      0.0       200.0390        0.0000  0.0000  tmo_err_manager_DW01_sub_285
u_tl_top/U_TMO_ERR/sub_80_I351         200.0390      0.0       200.0390        0.0000  0.0000  tmo_err_manager_DW01_sub_214
u_tl_top/U_TMO_ERR/sub_80_I352         200.0390      0.0       200.0390        0.0000  0.0000  tmo_err_manager_DW01_sub_276
u_tl_top/U_TMO_ERR/sub_80_I353         200.0390      0.0       200.0390        0.0000  0.0000  tmo_err_manager_DW01_sub_65
u_tl_top/U_TMO_ERR/sub_80_I354         200.0390      0.0       200.0390        0.0000  0.0000  tmo_err_manager_DW01_sub_289
u_tl_top/U_TMO_ERR/sub_80_I355         200.0390      0.0       200.0390        0.0000  0.0000  tmo_err_manager_DW01_sub_359
u_tl_top/U_TMO_ERR/sub_80_I356         200.0390      0.0       200.0390        0.0000  0.0000  tmo_err_manager_DW01_sub_401
u_tl_top/U_TMO_ERR/sub_80_I357         200.0390      0.0       200.0390        0.0000  0.0000  tmo_err_manager_DW01_sub_606
u_tl_top/U_TMO_ERR/sub_80_I358         200.0390      0.0       200.0390        0.0000  0.0000  tmo_err_manager_DW01_sub_535
u_tl_top/U_TMO_ERR/sub_80_I359         200.0390      0.0       200.0390        0.0000  0.0000  tmo_err_manager_DW01_sub_541
u_tl_top/U_TMO_ERR/sub_80_I36          200.0390      0.0       200.0390        0.0000  0.0000  tmo_err_manager_DW01_sub_165
u_tl_top/U_TMO_ERR/sub_80_I360         200.0390      0.0       200.0390        0.0000  0.0000  tmo_err_manager_DW01_sub_926
u_tl_top/U_TMO_ERR/sub_80_I361         200.0390      0.0       200.0390        0.0000  0.0000  tmo_err_manager_DW01_sub_671
u_tl_top/U_TMO_ERR/sub_80_I362         200.0390      0.0       200.0390        0.0000  0.0000  tmo_err_manager_DW01_sub_751
u_tl_top/U_TMO_ERR/sub_80_I363         200.0390      0.0       200.0390        0.0000  0.0000  tmo_err_manager_DW01_sub_357
u_tl_top/U_TMO_ERR/sub_80_I364         200.0390      0.0       200.0390        0.0000  0.0000  tmo_err_manager_DW01_sub_806
u_tl_top/U_TMO_ERR/sub_80_I365         200.0390      0.0       200.0390        0.0000  0.0000  tmo_err_manager_DW01_sub_697
u_tl_top/U_TMO_ERR/sub_80_I366         200.0390      0.0       200.0390        0.0000  0.0000  tmo_err_manager_DW01_sub_412
u_tl_top/U_TMO_ERR/sub_80_I367         200.0390      0.0       200.0390        0.0000  0.0000  tmo_err_manager_DW01_sub_597
u_tl_top/U_TMO_ERR/sub_80_I368         200.0390      0.0       200.0390        0.0000  0.0000  tmo_err_manager_DW01_sub_587
u_tl_top/U_TMO_ERR/sub_80_I369         200.0390      0.0       200.0390        0.0000  0.0000  tmo_err_manager_DW01_sub_539
u_tl_top/U_TMO_ERR/sub_80_I37          200.0390      0.0       200.0390        0.0000  0.0000  tmo_err_manager_DW01_sub_444
u_tl_top/U_TMO_ERR/sub_80_I370         200.0390      0.0       200.0390        0.0000  0.0000  tmo_err_manager_DW01_sub_935
u_tl_top/U_TMO_ERR/sub_80_I371         200.0390      0.0       200.0390        0.0000  0.0000  tmo_err_manager_DW01_sub_77
u_tl_top/U_TMO_ERR/sub_80_I372         200.0390      0.0       200.0390        0.0000  0.0000  tmo_err_manager_DW01_sub_234
u_tl_top/U_TMO_ERR/sub_80_I373         200.0390      0.0       200.0390        0.0000  0.0000  tmo_err_manager_DW01_sub_173
u_tl_top/U_TMO_ERR/sub_80_I374         200.0390      0.0       200.0390        0.0000  0.0000  tmo_err_manager_DW01_sub_192
u_tl_top/U_TMO_ERR/sub_80_I375         200.0390      0.0       200.0390        0.0000  0.0000  tmo_err_manager_DW01_sub_516
u_tl_top/U_TMO_ERR/sub_80_I376         200.0390      0.0       200.0390        0.0000  0.0000  tmo_err_manager_DW01_sub_783
u_tl_top/U_TMO_ERR/sub_80_I377         200.0390      0.0       200.0390        0.0000  0.0000  tmo_err_manager_DW01_sub_446
u_tl_top/U_TMO_ERR/sub_80_I378         200.0390      0.0       200.0390        0.0000  0.0000  tmo_err_manager_DW01_sub_488
u_tl_top/U_TMO_ERR/sub_80_I379         200.0390      0.0       200.0390        0.0000  0.0000  tmo_err_manager_DW01_sub_443
u_tl_top/U_TMO_ERR/sub_80_I38          200.0390      0.0       200.0390        0.0000  0.0000  tmo_err_manager_DW01_sub_761
u_tl_top/U_TMO_ERR/sub_80_I380         200.0390      0.0       200.0390        0.0000  0.0000  tmo_err_manager_DW01_sub_975
u_tl_top/U_TMO_ERR/sub_80_I381         200.0390      0.0       200.0390        0.0000  0.0000  tmo_err_manager_DW01_sub_974
u_tl_top/U_TMO_ERR/sub_80_I382         200.0390      0.0       200.0390        0.0000  0.0000  tmo_err_manager_DW01_sub_618
u_tl_top/U_TMO_ERR/sub_80_I383         200.0390      0.0       200.0390        0.0000  0.0000  tmo_err_manager_DW01_sub_119
u_tl_top/U_TMO_ERR/sub_80_I384         200.0390      0.0       200.0390        0.0000  0.0000  tmo_err_manager_DW01_sub_442
u_tl_top/U_TMO_ERR/sub_80_I385         200.0390      0.0       200.0390        0.0000  0.0000  tmo_err_manager_DW01_sub_492
u_tl_top/U_TMO_ERR/sub_80_I386         200.0390      0.0       200.0390        0.0000  0.0000  tmo_err_manager_DW01_sub_554
u_tl_top/U_TMO_ERR/sub_80_I387         200.0390      0.0       200.0390        0.0000  0.0000  tmo_err_manager_DW01_sub_642
u_tl_top/U_TMO_ERR/sub_80_I388         200.0390      0.0       200.0390        0.0000  0.0000  tmo_err_manager_DW01_sub_750
u_tl_top/U_TMO_ERR/sub_80_I389         200.0390      0.0       200.0390        0.0000  0.0000  tmo_err_manager_DW01_sub_110
u_tl_top/U_TMO_ERR/sub_80_I39          200.0390      0.0       200.0390        0.0000  0.0000  tmo_err_manager_DW01_sub_515
u_tl_top/U_TMO_ERR/sub_80_I390         200.0390      0.0       200.0390        0.0000  0.0000  tmo_err_manager_DW01_sub_878
u_tl_top/U_TMO_ERR/sub_80_I391         200.0390      0.0       200.0390        0.0000  0.0000  tmo_err_manager_DW01_sub_262
u_tl_top/U_TMO_ERR/sub_80_I392         200.0390      0.0       200.0390        0.0000  0.0000  tmo_err_manager_DW01_sub_112
u_tl_top/U_TMO_ERR/sub_80_I393         200.0390      0.0       200.0390        0.0000  0.0000  tmo_err_manager_DW01_sub_498
u_tl_top/U_TMO_ERR/sub_80_I394         200.0390      0.0       200.0390        0.0000  0.0000  tmo_err_manager_DW01_sub_425
u_tl_top/U_TMO_ERR/sub_80_I395         200.0390      0.0       200.0390        0.0000  0.0000  tmo_err_manager_DW01_sub_901
u_tl_top/U_TMO_ERR/sub_80_I396         200.0390      0.0       200.0390        0.0000  0.0000  tmo_err_manager_DW01_sub_946
u_tl_top/U_TMO_ERR/sub_80_I397         200.0390      0.0       200.0390        0.0000  0.0000  tmo_err_manager_DW01_sub_614
u_tl_top/U_TMO_ERR/sub_80_I398         200.0390      0.0       200.0390        0.0000  0.0000  tmo_err_manager_DW01_sub_358
u_tl_top/U_TMO_ERR/sub_80_I399         200.0390      0.0       200.0390        0.0000  0.0000  tmo_err_manager_DW01_sub_865
u_tl_top/U_TMO_ERR/sub_80_I4           200.0390      0.0       200.0390        0.0000  0.0000  tmo_err_manager_DW01_sub_970
u_tl_top/U_TMO_ERR/sub_80_I40          200.0390      0.0       200.0390        0.0000  0.0000  tmo_err_manager_DW01_sub_255
u_tl_top/U_TMO_ERR/sub_80_I400         200.0390      0.0       200.0390        0.0000  0.0000  tmo_err_manager_DW01_sub_494
u_tl_top/U_TMO_ERR/sub_80_I401         200.0390      0.0       200.0390        0.0000  0.0000  tmo_err_manager_DW01_sub_431
u_tl_top/U_TMO_ERR/sub_80_I402         200.0390      0.0       200.0390        0.0000  0.0000  tmo_err_manager_DW01_sub_902
u_tl_top/U_TMO_ERR/sub_80_I403         200.0390      0.0       200.0390        0.0000  0.0000  tmo_err_manager_DW01_sub_882
u_tl_top/U_TMO_ERR/sub_80_I404         200.0390      0.0       200.0390        0.0000  0.0000  tmo_err_manager_DW01_sub_698
u_tl_top/U_TMO_ERR/sub_80_I405         200.0390      0.0       200.0390        0.0000  0.0000  tmo_err_manager_DW01_sub_126
u_tl_top/U_TMO_ERR/sub_80_I406         200.0390      0.0       200.0390        0.0000  0.0000  tmo_err_manager_DW01_sub_803
u_tl_top/U_TMO_ERR/sub_80_I407         200.0390      0.0       200.0390        0.0000  0.0000  tmo_err_manager_DW01_sub_382
u_tl_top/U_TMO_ERR/sub_80_I408         200.0390      0.0       200.0390        0.0000  0.0000  tmo_err_manager_DW01_sub_373
u_tl_top/U_TMO_ERR/sub_80_I409         200.0390      0.0       200.0390        0.0000  0.0000  tmo_err_manager_DW01_sub_115
u_tl_top/U_TMO_ERR/sub_80_I41          200.0390      0.0       200.0390        0.0000  0.0000  tmo_err_manager_DW01_sub_988
u_tl_top/U_TMO_ERR/sub_80_I410         200.0390      0.0       200.0390        0.0000  0.0000  tmo_err_manager_DW01_sub_895
u_tl_top/U_TMO_ERR/sub_80_I411         200.0390      0.0       200.0390        0.0000  0.0000  tmo_err_manager_DW01_sub_319
u_tl_top/U_TMO_ERR/sub_80_I412         200.0390      0.0       200.0390        0.0000  0.0000  tmo_err_manager_DW01_sub_999
u_tl_top/U_TMO_ERR/sub_80_I413         200.0390      0.0       200.0390        0.0000  0.0000  tmo_err_manager_DW01_sub_538
u_tl_top/U_TMO_ERR/sub_80_I414         200.0390      0.0       200.0390        0.0000  0.0000  tmo_err_manager_DW01_sub_527
u_tl_top/U_TMO_ERR/sub_80_I415         200.0390      0.0       200.0390        0.0000  0.0000  tmo_err_manager_DW01_sub_99
u_tl_top/U_TMO_ERR/sub_80_I416         200.0390      0.0       200.0390        0.0000  0.0000  tmo_err_manager_DW01_sub_253
u_tl_top/U_TMO_ERR/sub_80_I417         200.0390      0.0       200.0390        0.0000  0.0000  tmo_err_manager_DW01_sub_624
u_tl_top/U_TMO_ERR/sub_80_I418         200.0390      0.0       200.0390        0.0000  0.0000  tmo_err_manager_DW01_sub_802
u_tl_top/U_TMO_ERR/sub_80_I419         200.0390      0.0       200.0390        0.0000  0.0000  tmo_err_manager_DW01_sub_90
u_tl_top/U_TMO_ERR/sub_80_I42          200.0390      0.0       200.0390        0.0000  0.0000  tmo_err_manager_DW01_sub_459
u_tl_top/U_TMO_ERR/sub_80_I420         200.0390      0.0       200.0390        0.0000  0.0000  tmo_err_manager_DW01_sub_264
u_tl_top/U_TMO_ERR/sub_80_I421         200.0390      0.0       200.0390        0.0000  0.0000  tmo_err_manager_DW01_sub_673
u_tl_top/U_TMO_ERR/sub_80_I422         200.0390      0.0       200.0390        0.0000  0.0000  tmo_err_manager_DW01_sub_884
u_tl_top/U_TMO_ERR/sub_80_I423         200.0390      0.0       200.0390        0.0000  0.0000  tmo_err_manager_DW01_sub_27
u_tl_top/U_TMO_ERR/sub_80_I424         200.0390      0.0       200.0390        0.0000  0.0000  tmo_err_manager_DW01_sub_184
u_tl_top/U_TMO_ERR/sub_80_I425         200.0390      0.0       200.0390        0.0000  0.0000  tmo_err_manager_DW01_sub_656
u_tl_top/U_TMO_ERR/sub_80_I426         200.0390      0.0       200.0390        0.0000  0.0000  tmo_err_manager_DW01_sub_303
u_tl_top/U_TMO_ERR/sub_80_I427         200.0390      0.0       200.0390        0.0000  0.0000  tmo_err_manager_DW01_sub_659
u_tl_top/U_TMO_ERR/sub_80_I428         200.0390      0.0       200.0390        0.0000  0.0000  tmo_err_manager_DW01_sub_850
u_tl_top/U_TMO_ERR/sub_80_I429         200.0390      0.0       200.0390        0.0000  0.0000  tmo_err_manager_DW01_sub_409
u_tl_top/U_TMO_ERR/sub_80_I43          200.0390      0.0       200.0390        0.0000  0.0000  tmo_err_manager_DW01_sub_981
u_tl_top/U_TMO_ERR/sub_80_I430         200.0390      0.0       200.0390        0.0000  0.0000  tmo_err_manager_DW01_sub_436
u_tl_top/U_TMO_ERR/sub_80_I431         200.0390      0.0       200.0390        0.0000  0.0000  tmo_err_manager_DW01_sub_678
u_tl_top/U_TMO_ERR/sub_80_I432         200.0390      0.0       200.0390        0.0000  0.0000  tmo_err_manager_DW01_sub_696
u_tl_top/U_TMO_ERR/sub_80_I433         200.0390      0.0       200.0390        0.0000  0.0000  tmo_err_manager_DW01_sub_363
u_tl_top/U_TMO_ERR/sub_80_I434         200.0390      0.0       200.0390        0.0000  0.0000  tmo_err_manager_DW01_sub_700
u_tl_top/U_TMO_ERR/sub_80_I435         200.0390      0.0       200.0390        0.0000  0.0000  tmo_err_manager_DW01_sub_542
u_tl_top/U_TMO_ERR/sub_80_I436         200.0390      0.0       200.0390        0.0000  0.0000  tmo_err_manager_DW01_sub_900
u_tl_top/U_TMO_ERR/sub_80_I437         200.0390      0.0       200.0390        0.0000  0.0000  tmo_err_manager_DW01_sub_340
u_tl_top/U_TMO_ERR/sub_80_I438         200.0390      0.0       200.0390        0.0000  0.0000  tmo_err_manager_DW01_sub_100
u_tl_top/U_TMO_ERR/sub_80_I439         200.0390      0.0       200.0390        0.0000  0.0000  tmo_err_manager_DW01_sub_138
u_tl_top/U_TMO_ERR/sub_80_I44          200.0390      0.0       200.0390        0.0000  0.0000  tmo_err_manager_DW01_sub_317
u_tl_top/U_TMO_ERR/sub_80_I440         200.0390      0.0       200.0390        0.0000  0.0000  tmo_err_manager_DW01_sub_640
u_tl_top/U_TMO_ERR/sub_80_I441         200.0390      0.0       200.0390        0.0000  0.0000  tmo_err_manager_DW01_sub_134
u_tl_top/U_TMO_ERR/sub_80_I442         200.0390      0.0       200.0390        0.0000  0.0000  tmo_err_manager_DW01_sub_965
u_tl_top/U_TMO_ERR/sub_80_I443         200.0390      0.0       200.0390        0.0000  0.0000  tmo_err_manager_DW01_sub_113
u_tl_top/U_TMO_ERR/sub_80_I444         200.0390      0.0       200.0390        0.0000  0.0000  tmo_err_manager_DW01_sub_404
u_tl_top/U_TMO_ERR/sub_80_I445         200.0390      0.0       200.0390        0.0000  0.0000  tmo_err_manager_DW01_sub_986
u_tl_top/U_TMO_ERR/sub_80_I446         200.0390      0.0       200.0390        0.0000  0.0000  tmo_err_manager_DW01_sub_888
u_tl_top/U_TMO_ERR/sub_80_I447         200.0390      0.0       200.0390        0.0000  0.0000  tmo_err_manager_DW01_sub_731
u_tl_top/U_TMO_ERR/sub_80_I448         200.0390      0.0       200.0390        0.0000  0.0000  tmo_err_manager_DW01_sub_508
u_tl_top/U_TMO_ERR/sub_80_I449         200.0390      0.0       200.0390        0.0000  0.0000  tmo_err_manager_DW01_sub_711
u_tl_top/U_TMO_ERR/sub_80_I45          200.0390      0.0       200.0390        0.0000  0.0000  tmo_err_manager_DW01_sub_801
u_tl_top/U_TMO_ERR/sub_80_I450         200.0390      0.0       200.0390        0.0000  0.0000  tmo_err_manager_DW01_sub_604
u_tl_top/U_TMO_ERR/sub_80_I451         200.0390      0.0       200.0390        0.0000  0.0000  tmo_err_manager_DW01_sub_511
u_tl_top/U_TMO_ERR/sub_80_I452         200.0390      0.0       200.0390        0.0000  0.0000  tmo_err_manager_DW01_sub_843
u_tl_top/U_TMO_ERR/sub_80_I453         200.0390      0.0       200.0390        0.0000  0.0000  tmo_err_manager_DW01_sub_564
u_tl_top/U_TMO_ERR/sub_80_I454         200.0390      0.0       200.0390        0.0000  0.0000  tmo_err_manager_DW01_sub_839
u_tl_top/U_TMO_ERR/sub_80_I455         200.0390      0.0       200.0390        0.0000  0.0000  tmo_err_manager_DW01_sub_158
u_tl_top/U_TMO_ERR/sub_80_I456         200.0390      0.0       200.0390        0.0000  0.0000  tmo_err_manager_DW01_sub_374
u_tl_top/U_TMO_ERR/sub_80_I457         200.0390      0.0       200.0390        0.0000  0.0000  tmo_err_manager_DW01_sub_148
u_tl_top/U_TMO_ERR/sub_80_I458         200.0390      0.0       200.0390        0.0000  0.0000  tmo_err_manager_DW01_sub_307
u_tl_top/U_TMO_ERR/sub_80_I459         200.0390      0.0       200.0390        0.0000  0.0000  tmo_err_manager_DW01_sub_246
u_tl_top/U_TMO_ERR/sub_80_I46          200.0390      0.0       200.0390        0.0000  0.0000  tmo_err_manager_DW01_sub_386
u_tl_top/U_TMO_ERR/sub_80_I460         200.0390      0.0       200.0390        0.0000  0.0000  tmo_err_manager_DW01_sub_248
u_tl_top/U_TMO_ERR/sub_80_I461         200.0390      0.0       200.0390        0.0000  0.0000  tmo_err_manager_DW01_sub_175
u_tl_top/U_TMO_ERR/sub_80_I462         200.0390      0.0       200.0390        0.0000  0.0000  tmo_err_manager_DW01_sub_282
u_tl_top/U_TMO_ERR/sub_80_I463         200.0390      0.0       200.0390        0.0000  0.0000  tmo_err_manager_DW01_sub_666
u_tl_top/U_TMO_ERR/sub_80_I464         200.0390      0.0       200.0390        0.0000  0.0000  tmo_err_manager_DW01_sub_616
u_tl_top/U_TMO_ERR/sub_80_I465         200.0390      0.0       200.0390        0.0000  0.0000  tmo_err_manager_DW01_sub_23
u_tl_top/U_TMO_ERR/sub_80_I466         200.0390      0.0       200.0390        0.0000  0.0000  tmo_err_manager_DW01_sub_846
u_tl_top/U_TMO_ERR/sub_80_I467         200.0390      0.0       200.0390        0.0000  0.0000  tmo_err_manager_DW01_sub_963
u_tl_top/U_TMO_ERR/sub_80_I468         200.0390      0.0       200.0390        0.0000  0.0000  tmo_err_manager_DW01_sub_661
u_tl_top/U_TMO_ERR/sub_80_I469         200.0390      0.0       200.0390        0.0000  0.0000  tmo_err_manager_DW01_sub_344
u_tl_top/U_TMO_ERR/sub_80_I47          200.0390      0.0       200.0390        0.0000  0.0000  tmo_err_manager_DW01_sub_556
u_tl_top/U_TMO_ERR/sub_80_I470         200.0390      0.0       200.0390        0.0000  0.0000  tmo_err_manager_DW01_sub_493
u_tl_top/U_TMO_ERR/sub_80_I471         200.0390      0.0       200.0390        0.0000  0.0000  tmo_err_manager_DW01_sub_350
u_tl_top/U_TMO_ERR/sub_80_I472         200.0390      0.0       200.0390        0.0000  0.0000  tmo_err_manager_DW01_sub_430
u_tl_top/U_TMO_ERR/sub_80_I473         200.0390      0.0       200.0390        0.0000  0.0000  tmo_err_manager_DW01_sub_853
u_tl_top/U_TMO_ERR/sub_80_I474         200.0390      0.0       200.0390        0.0000  0.0000  tmo_err_manager_DW01_sub_346
u_tl_top/U_TMO_ERR/sub_80_I475         200.0390      0.0       200.0390        0.0000  0.0000  tmo_err_manager_DW01_sub_342
u_tl_top/U_TMO_ERR/sub_80_I476         200.0390      0.0       200.0390        0.0000  0.0000  tmo_err_manager_DW01_sub_628
u_tl_top/U_TMO_ERR/sub_80_I477         200.0390      0.0       200.0390        0.0000  0.0000  tmo_err_manager_DW01_sub_480
u_tl_top/U_TMO_ERR/sub_80_I478         200.0390      0.0       200.0390        0.0000  0.0000  tmo_err_manager_DW01_sub_154
u_tl_top/U_TMO_ERR/sub_80_I479         200.0390      0.0       200.0390        0.0000  0.0000  tmo_err_manager_DW01_sub_985
u_tl_top/U_TMO_ERR/sub_80_I48          200.0390      0.0       200.0390        0.0000  0.0000  tmo_err_manager_DW01_sub_326
u_tl_top/U_TMO_ERR/sub_80_I480         200.0390      0.0       200.0390        0.0000  0.0000  tmo_err_manager_DW01_sub_415
u_tl_top/U_TMO_ERR/sub_80_I481         200.0390      0.0       200.0390        0.0000  0.0000  tmo_err_manager_DW01_sub_490
u_tl_top/U_TMO_ERR/sub_80_I482         200.0390      0.0       200.0390        0.0000  0.0000  tmo_err_manager_DW01_sub_366
u_tl_top/U_TMO_ERR/sub_80_I483         200.0390      0.0       200.0390        0.0000  0.0000  tmo_err_manager_DW01_sub_106
u_tl_top/U_TMO_ERR/sub_80_I484         200.0390      0.0       200.0390        0.0000  0.0000  tmo_err_manager_DW01_sub_797
u_tl_top/U_TMO_ERR/sub_80_I485         200.0390      0.0       200.0390        0.0000  0.0000  tmo_err_manager_DW01_sub_584
u_tl_top/U_TMO_ERR/sub_80_I486         200.0390      0.0       200.0390        0.0000  0.0000  tmo_err_manager_DW01_sub_62
u_tl_top/U_TMO_ERR/sub_80_I487         200.0390      0.0       200.0390        0.0000  0.0000  tmo_err_manager_DW01_sub_413
u_tl_top/U_TMO_ERR/sub_80_I488         200.0390      0.0       200.0390        0.0000  0.0000  tmo_err_manager_DW01_sub_615
u_tl_top/U_TMO_ERR/sub_80_I489         200.0390      0.0       200.0390        0.0000  0.0000  tmo_err_manager_DW01_sub_281
u_tl_top/U_TMO_ERR/sub_80_I49          200.0390      0.0       200.0390        0.0000  0.0000  tmo_err_manager_DW01_sub_1003
u_tl_top/U_TMO_ERR/sub_80_I490         200.0390      0.0       200.0390        0.0000  0.0000  tmo_err_manager_DW01_sub_72
u_tl_top/U_TMO_ERR/sub_80_I491         200.0390      0.0       200.0390        0.0000  0.0000  tmo_err_manager_DW01_sub_934
u_tl_top/U_TMO_ERR/sub_80_I492         200.0390      0.0       200.0390        0.0000  0.0000  tmo_err_manager_DW01_sub_995
u_tl_top/U_TMO_ERR/sub_80_I493         200.0390      0.0       200.0390        0.0000  0.0000  tmo_err_manager_DW01_sub_132
u_tl_top/U_TMO_ERR/sub_80_I494         200.0390      0.0       200.0390        0.0000  0.0000  tmo_err_manager_DW01_sub_176
u_tl_top/U_TMO_ERR/sub_80_I495         200.0390      0.0       200.0390        0.0000  0.0000  tmo_err_manager_DW01_sub_669
u_tl_top/U_TMO_ERR/sub_80_I496         200.0390      0.0       200.0390        0.0000  0.0000  tmo_err_manager_DW01_sub_402
u_tl_top/U_TMO_ERR/sub_80_I497         200.0390      0.0       200.0390        0.0000  0.0000  tmo_err_manager_DW01_sub_348
u_tl_top/U_TMO_ERR/sub_80_I498         200.0390      0.0       200.0390        0.0000  0.0000  tmo_err_manager_DW01_sub_875
u_tl_top/U_TMO_ERR/sub_80_I499         200.0390      0.0       200.0390        0.0000  0.0000  tmo_err_manager_DW01_sub_440
u_tl_top/U_TMO_ERR/sub_80_I5           200.0390      0.0       200.0390        0.0000  0.0000  tmo_err_manager_DW01_sub_335
u_tl_top/U_TMO_ERR/sub_80_I50          200.0390      0.0       200.0390        0.0000  0.0000  tmo_err_manager_DW01_sub_923
u_tl_top/U_TMO_ERR/sub_80_I500         200.0390      0.0       200.0390        0.0000  0.0000  tmo_err_manager_DW01_sub_434
u_tl_top/U_TMO_ERR/sub_80_I501         200.0390      0.0       200.0390        0.0000  0.0000  tmo_err_manager_DW01_sub_1015
u_tl_top/U_TMO_ERR/sub_80_I502         200.0390      0.0       200.0390        0.0000  0.0000  tmo_err_manager_DW01_sub_260
u_tl_top/U_TMO_ERR/sub_80_I503         200.0390      0.0       200.0390        0.0000  0.0000  tmo_err_manager_DW01_sub_844
u_tl_top/U_TMO_ERR/sub_80_I504         200.0390      0.0       200.0390        0.0000  0.0000  tmo_err_manager_DW01_sub_931
u_tl_top/U_TMO_ERR/sub_80_I505         200.0390      0.0       200.0390        0.0000  0.0000  tmo_err_manager_DW01_sub_583
u_tl_top/U_TMO_ERR/sub_80_I506         200.0390      0.0       200.0390        0.0000  0.0000  tmo_err_manager_DW01_sub_837
u_tl_top/U_TMO_ERR/sub_80_I507         200.0390      0.0       200.0390        0.0000  0.0000  tmo_err_manager_DW01_sub_637
u_tl_top/U_TMO_ERR/sub_80_I508         200.0390      0.0       200.0390        0.0000  0.0000  tmo_err_manager_DW01_sub_819
u_tl_top/U_TMO_ERR/sub_80_I509         200.0390      0.0       200.0390        0.0000  0.0000  tmo_err_manager_DW01_sub_447
u_tl_top/U_TMO_ERR/sub_80_I51          200.0390      0.0       200.0390        0.0000  0.0000  tmo_err_manager_DW01_sub_143
u_tl_top/U_TMO_ERR/sub_80_I510         200.0390      0.0       200.0390        0.0000  0.0000  tmo_err_manager_DW01_sub_416
u_tl_top/U_TMO_ERR/sub_80_I511         200.0390      0.0       200.0390        0.0000  0.0000  tmo_err_manager_DW01_sub_418
u_tl_top/U_TMO_ERR/sub_80_I512         200.0390      0.0       200.0390        0.0000  0.0000  tmo_err_manager_DW01_sub_757
u_tl_top/U_TMO_ERR/sub_80_I513         200.0390      0.0       200.0390        0.0000  0.0000  tmo_err_manager_DW01_sub_856
u_tl_top/U_TMO_ERR/sub_80_I514         200.0390      0.0       200.0390        0.0000  0.0000  tmo_err_manager_DW01_sub_746
u_tl_top/U_TMO_ERR/sub_80_I515         200.0390      0.0       200.0390        0.0000  0.0000  tmo_err_manager_DW01_sub_524
u_tl_top/U_TMO_ERR/sub_80_I516         200.0390      0.0       200.0390        0.0000  0.0000  tmo_err_manager_DW01_sub_450
u_tl_top/U_TMO_ERR/sub_80_I517         200.0390      0.0       200.0390        0.0000  0.0000  tmo_err_manager_DW01_sub_45
u_tl_top/U_TMO_ERR/sub_80_I518         200.0390      0.0       200.0390        0.0000  0.0000  tmo_err_manager_DW01_sub_811
u_tl_top/U_TMO_ERR/sub_80_I519         200.0390      0.0       200.0390        0.0000  0.0000  tmo_err_manager_DW01_sub_749
u_tl_top/U_TMO_ERR/sub_80_I52          200.0390      0.0       200.0390        0.0000  0.0000  tmo_err_manager_DW01_sub_142
u_tl_top/U_TMO_ERR/sub_80_I520         200.0390      0.0       200.0390        0.0000  0.0000  tmo_err_manager_DW01_sub_441
u_tl_top/U_TMO_ERR/sub_80_I521         200.0390      0.0       200.0390        0.0000  0.0000  tmo_err_manager_DW01_sub_1013
u_tl_top/U_TMO_ERR/sub_80_I522         200.0390      0.0       200.0390        0.0000  0.0000  tmo_err_manager_DW01_sub_580
u_tl_top/U_TMO_ERR/sub_80_I523         200.0390      0.0       200.0390        0.0000  0.0000  tmo_err_manager_DW01_sub_650
u_tl_top/U_TMO_ERR/sub_80_I524         200.0390      0.0       200.0390        0.0000  0.0000  tmo_err_manager_DW01_sub_52
u_tl_top/U_TMO_ERR/sub_80_I525         200.0390      0.0       200.0390        0.0000  0.0000  tmo_err_manager_DW01_sub_271
u_tl_top/U_TMO_ERR/sub_80_I526         200.0390      0.0       200.0390        0.0000  0.0000  tmo_err_manager_DW01_sub_602
u_tl_top/U_TMO_ERR/sub_80_I527         200.0390      0.0       200.0390        0.0000  0.0000  tmo_err_manager_DW01_sub_851
u_tl_top/U_TMO_ERR/sub_80_I528         200.0390      0.0       200.0390        0.0000  0.0000  tmo_err_manager_DW01_sub_930
u_tl_top/U_TMO_ERR/sub_80_I529         200.0390      0.0       200.0390        0.0000  0.0000  tmo_err_manager_DW01_sub_1005
u_tl_top/U_TMO_ERR/sub_80_I53          200.0390      0.0       200.0390        0.0000  0.0000  tmo_err_manager_DW01_sub_897
u_tl_top/U_TMO_ERR/sub_80_I530         200.0390      0.0       200.0390        0.0000  0.0000  tmo_err_manager_DW01_sub_6
u_tl_top/U_TMO_ERR/sub_80_I531         200.0390      0.0       200.0390        0.0000  0.0000  tmo_err_manager_DW01_sub_686
u_tl_top/U_TMO_ERR/sub_80_I532         200.0390      0.0       200.0390        0.0000  0.0000  tmo_err_manager_DW01_sub_867
u_tl_top/U_TMO_ERR/sub_80_I533         200.0390      0.0       200.0390        0.0000  0.0000  tmo_err_manager_DW01_sub_361
u_tl_top/U_TMO_ERR/sub_80_I534         200.0390      0.0       200.0390        0.0000  0.0000  tmo_err_manager_DW01_sub_299
u_tl_top/U_TMO_ERR/sub_80_I535         200.0390      0.0       200.0390        0.0000  0.0000  tmo_err_manager_DW01_sub_139
u_tl_top/U_TMO_ERR/sub_80_I536         200.0390      0.0       200.0390        0.0000  0.0000  tmo_err_manager_DW01_sub_208
u_tl_top/U_TMO_ERR/sub_80_I537         200.0390      0.0       200.0390        0.0000  0.0000  tmo_err_manager_DW01_sub_432
u_tl_top/U_TMO_ERR/sub_80_I538         200.0390      0.0       200.0390        0.0000  0.0000  tmo_err_manager_DW01_sub_568
u_tl_top/U_TMO_ERR/sub_80_I539         200.0390      0.0       200.0390        0.0000  0.0000  tmo_err_manager_DW01_sub_914
u_tl_top/U_TMO_ERR/sub_80_I54          200.0390      0.0       200.0390        0.0000  0.0000  tmo_err_manager_DW01_sub_354
u_tl_top/U_TMO_ERR/sub_80_I540         200.0390      0.0       200.0390        0.0000  0.0000  tmo_err_manager_DW01_sub_727
u_tl_top/U_TMO_ERR/sub_80_I541         200.0390      0.0       200.0390        0.0000  0.0000  tmo_err_manager_DW01_sub_873
u_tl_top/U_TMO_ERR/sub_80_I542         200.0390      0.0       200.0390        0.0000  0.0000  tmo_err_manager_DW01_sub_840
u_tl_top/U_TMO_ERR/sub_80_I543         200.0390      0.0       200.0390        0.0000  0.0000  tmo_err_manager_DW01_sub_341
u_tl_top/U_TMO_ERR/sub_80_I544         200.0390      0.0       200.0390        0.0000  0.0000  tmo_err_manager_DW01_sub_918
u_tl_top/U_TMO_ERR/sub_80_I545         200.0390      0.0       200.0390        0.0000  0.0000  tmo_err_manager_DW01_sub_223
u_tl_top/U_TMO_ERR/sub_80_I546         200.0390      0.0       200.0390        0.0000  0.0000  tmo_err_manager_DW01_sub_311
u_tl_top/U_TMO_ERR/sub_80_I547         200.0390      0.0       200.0390        0.0000  0.0000  tmo_err_manager_DW01_sub_156
u_tl_top/U_TMO_ERR/sub_80_I548         200.0390      0.0       200.0390        0.0000  0.0000  tmo_err_manager_DW01_sub_936
u_tl_top/U_TMO_ERR/sub_80_I549         200.0390      0.0       200.0390        0.0000  0.0000  tmo_err_manager_DW01_sub_909
u_tl_top/U_TMO_ERR/sub_80_I55          200.0390      0.0       200.0390        0.0000  0.0000  tmo_err_manager_DW01_sub_687
u_tl_top/U_TMO_ERR/sub_80_I550         200.0390      0.0       200.0390        0.0000  0.0000  tmo_err_manager_DW01_sub_435
u_tl_top/U_TMO_ERR/sub_80_I551         200.0390      0.0       200.0390        0.0000  0.0000  tmo_err_manager_DW01_sub_738
u_tl_top/U_TMO_ERR/sub_80_I552         200.0390      0.0       200.0390        0.0000  0.0000  tmo_err_manager_DW01_sub_740
u_tl_top/U_TMO_ERR/sub_80_I553         200.0390      0.0       200.0390        0.0000  0.0000  tmo_err_manager_DW01_sub_250
u_tl_top/U_TMO_ERR/sub_80_I554         200.0390      0.0       200.0390        0.0000  0.0000  tmo_err_manager_DW01_sub_302
u_tl_top/U_TMO_ERR/sub_80_I555         200.0390      0.0       200.0390        0.0000  0.0000  tmo_err_manager_DW01_sub_680
u_tl_top/U_TMO_ERR/sub_80_I556         200.0390      0.0       200.0390        0.0000  0.0000  tmo_err_manager_DW01_sub_603
u_tl_top/U_TMO_ERR/sub_80_I557         200.0390      0.0       200.0390        0.0000  0.0000  tmo_err_manager_DW01_sub_887
u_tl_top/U_TMO_ERR/sub_80_I558         200.0390      0.0       200.0390        0.0000  0.0000  tmo_err_manager_DW01_sub_823
u_tl_top/U_TMO_ERR/sub_80_I559         200.0390      0.0       200.0390        0.0000  0.0000  tmo_err_manager_DW01_sub_481
u_tl_top/U_TMO_ERR/sub_80_I56          200.0390      0.0       200.0390        0.0000  0.0000  tmo_err_manager_DW01_sub_20
u_tl_top/U_TMO_ERR/sub_80_I560         200.0390      0.0       200.0390        0.0000  0.0000  tmo_err_manager_DW01_sub_927
u_tl_top/U_TMO_ERR/sub_80_I561         200.0390      0.0       200.0390        0.0000  0.0000  tmo_err_manager_DW01_sub_635
u_tl_top/U_TMO_ERR/sub_80_I562         200.0390      0.0       200.0390        0.0000  0.0000  tmo_err_manager_DW01_sub_529
u_tl_top/U_TMO_ERR/sub_80_I563         200.0390      0.0       200.0390        0.0000  0.0000  tmo_err_manager_DW01_sub_179
u_tl_top/U_TMO_ERR/sub_80_I564         200.0390      0.0       200.0390        0.0000  0.0000  tmo_err_manager_DW01_sub_610
u_tl_top/U_TMO_ERR/sub_80_I565         200.0390      0.0       200.0390        0.0000  0.0000  tmo_err_manager_DW01_sub_140
u_tl_top/U_TMO_ERR/sub_80_I566         200.0390      0.0       200.0390        0.0000  0.0000  tmo_err_manager_DW01_sub_102
u_tl_top/U_TMO_ERR/sub_80_I567         200.0390      0.0       200.0390        0.0000  0.0000  tmo_err_manager_DW01_sub_145
u_tl_top/U_TMO_ERR/sub_80_I568         200.0390      0.0       200.0390        0.0000  0.0000  tmo_err_manager_DW01_sub_684
u_tl_top/U_TMO_ERR/sub_80_I569         200.0390      0.0       200.0390        0.0000  0.0000  tmo_err_manager_DW01_sub_764
u_tl_top/U_TMO_ERR/sub_80_I57          200.0390      0.0       200.0390        0.0000  0.0000  tmo_err_manager_DW01_sub_150
u_tl_top/U_TMO_ERR/sub_80_I570         200.0390      0.0       200.0390        0.0000  0.0000  tmo_err_manager_DW01_sub_207
u_tl_top/U_TMO_ERR/sub_80_I571         200.0390      0.0       200.0390        0.0000  0.0000  tmo_err_manager_DW01_sub_133
u_tl_top/U_TMO_ERR/sub_80_I572         200.0390      0.0       200.0390        0.0000  0.0000  tmo_err_manager_DW01_sub_396
u_tl_top/U_TMO_ERR/sub_80_I573         200.0390      0.0       200.0390        0.0000  0.0000  tmo_err_manager_DW01_sub_595
u_tl_top/U_TMO_ERR/sub_80_I574         200.0390      0.0       200.0390        0.0000  0.0000  tmo_err_manager_DW01_sub_822
u_tl_top/U_TMO_ERR/sub_80_I575         200.0390      0.0       200.0390        0.0000  0.0000  tmo_err_manager_DW01_sub_912
u_tl_top/U_TMO_ERR/sub_80_I576         200.0390      0.0       200.0390        0.0000  0.0000  tmo_err_manager_DW01_sub_717
u_tl_top/U_TMO_ERR/sub_80_I577         200.0390      0.0       200.0390        0.0000  0.0000  tmo_err_manager_DW01_sub_683
u_tl_top/U_TMO_ERR/sub_80_I578         200.0390      0.0       200.0390        0.0000  0.0000  tmo_err_manager_DW01_sub_917
u_tl_top/U_TMO_ERR/sub_80_I579         200.0390      0.0       200.0390        0.0000  0.0000  tmo_err_manager_DW01_sub_44
u_tl_top/U_TMO_ERR/sub_80_I58          200.0390      0.0       200.0390        0.0000  0.0000  tmo_err_manager_DW01_sub_646
u_tl_top/U_TMO_ERR/sub_80_I580         200.0390      0.0       200.0390        0.0000  0.0000  tmo_err_manager_DW01_sub_186
u_tl_top/U_TMO_ERR/sub_80_I581         200.0390      0.0       200.0390        0.0000  0.0000  tmo_err_manager_DW01_sub_892
u_tl_top/U_TMO_ERR/sub_80_I582         200.0390      0.0       200.0390        0.0000  0.0000  tmo_err_manager_DW01_sub_108
u_tl_top/U_TMO_ERR/sub_80_I583         200.0390      0.0       200.0390        0.0000  0.0000  tmo_err_manager_DW01_sub_695
u_tl_top/U_TMO_ERR/sub_80_I584         200.0390      0.0       200.0390        0.0000  0.0000  tmo_err_manager_DW01_sub_75
u_tl_top/U_TMO_ERR/sub_80_I585         200.0390      0.0       200.0390        0.0000  0.0000  tmo_err_manager_DW01_sub_1010
u_tl_top/U_TMO_ERR/sub_80_I586         200.0390      0.0       200.0390        0.0000  0.0000  tmo_err_manager_DW01_sub_185
u_tl_top/U_TMO_ERR/sub_80_I587         200.0390      0.0       200.0390        0.0000  0.0000  tmo_err_manager_DW01_sub_135
u_tl_top/U_TMO_ERR/sub_80_I588         200.0390      0.0       200.0390        0.0000  0.0000  tmo_err_manager_DW01_sub_920
u_tl_top/U_TMO_ERR/sub_80_I589         200.0390      0.0       200.0390        0.0000  0.0000  tmo_err_manager_DW01_sub_941
u_tl_top/U_TMO_ERR/sub_80_I59          200.0390      0.0       200.0390        0.0000  0.0000  tmo_err_manager_DW01_sub_240
u_tl_top/U_TMO_ERR/sub_80_I590         200.0390      0.0       200.0390        0.0000  0.0000  tmo_err_manager_DW01_sub_996
u_tl_top/U_TMO_ERR/sub_80_I591         200.0390      0.0       200.0390        0.0000  0.0000  tmo_err_manager_DW01_sub_929
u_tl_top/U_TMO_ERR/sub_80_I592         200.0390      0.0       200.0390        0.0000  0.0000  tmo_err_manager_DW01_sub_211
u_tl_top/U_TMO_ERR/sub_80_I593         200.0390      0.0       200.0390        0.0000  0.0000  tmo_err_manager_DW01_sub_813
u_tl_top/U_TMO_ERR/sub_80_I594         200.0390      0.0       200.0390        0.0000  0.0000  tmo_err_manager_DW01_sub_17
u_tl_top/U_TMO_ERR/sub_80_I595         200.0390      0.0       200.0390        0.0000  0.0000  tmo_err_manager_DW01_sub_60
u_tl_top/U_TMO_ERR/sub_80_I596         200.0390      0.0       200.0390        0.0000  0.0000  tmo_err_manager_DW01_sub_816
u_tl_top/U_TMO_ERR/sub_80_I597         200.0390      0.0       200.0390        0.0000  0.0000  tmo_err_manager_DW01_sub_617
u_tl_top/U_TMO_ERR/sub_80_I598         200.0390      0.0       200.0390        0.0000  0.0000  tmo_err_manager_DW01_sub_979
u_tl_top/U_TMO_ERR/sub_80_I599         200.0390      0.0       200.0390        0.0000  0.0000  tmo_err_manager_DW01_sub_838
u_tl_top/U_TMO_ERR/sub_80_I6           200.0390      0.0       200.0390        0.0000  0.0000  tmo_err_manager_DW01_sub_378
u_tl_top/U_TMO_ERR/sub_80_I60          200.0390      0.0       200.0390        0.0000  0.0000  tmo_err_manager_DW01_sub_903
u_tl_top/U_TMO_ERR/sub_80_I600         200.0390      0.0       200.0390        0.0000  0.0000  tmo_err_manager_DW01_sub_123
u_tl_top/U_TMO_ERR/sub_80_I601         200.0390      0.0       200.0390        0.0000  0.0000  tmo_err_manager_DW01_sub_13
u_tl_top/U_TMO_ERR/sub_80_I602         200.0390      0.0       200.0390        0.0000  0.0000  tmo_err_manager_DW01_sub_601
u_tl_top/U_TMO_ERR/sub_80_I603         200.0390      0.0       200.0390        0.0000  0.0000  tmo_err_manager_DW01_sub_395
u_tl_top/U_TMO_ERR/sub_80_I604         200.0390      0.0       200.0390        0.0000  0.0000  tmo_err_manager_DW01_sub_387
u_tl_top/U_TMO_ERR/sub_80_I605         200.0390      0.0       200.0390        0.0000  0.0000  tmo_err_manager_DW01_sub_259
u_tl_top/U_TMO_ERR/sub_80_I606         200.0390      0.0       200.0390        0.0000  0.0000  tmo_err_manager_DW01_sub_830
u_tl_top/U_TMO_ERR/sub_80_I607         200.0390      0.0       200.0390        0.0000  0.0000  tmo_err_manager_DW01_sub_958
u_tl_top/U_TMO_ERR/sub_80_I608         200.0390      0.0       200.0390        0.0000  0.0000  tmo_err_manager_DW01_sub_908
u_tl_top/U_TMO_ERR/sub_80_I609         200.0390      0.0       200.0390        0.0000  0.0000  tmo_err_manager_DW01_sub_32
u_tl_top/U_TMO_ERR/sub_80_I61          200.0390      0.0       200.0390        0.0000  0.0000  tmo_err_manager_DW01_sub_290
u_tl_top/U_TMO_ERR/sub_80_I610         200.0390      0.0       200.0390        0.0000  0.0000  tmo_err_manager_DW01_sub_928
u_tl_top/U_TMO_ERR/sub_80_I611         200.0390      0.0       200.0390        0.0000  0.0000  tmo_err_manager_DW01_sub_473
u_tl_top/U_TMO_ERR/sub_80_I612         200.0390      0.0       200.0390        0.0000  0.0000  tmo_err_manager_DW01_sub_561
u_tl_top/U_TMO_ERR/sub_80_I613         200.0390      0.0       200.0390        0.0000  0.0000  tmo_err_manager_DW01_sub_770
u_tl_top/U_TMO_ERR/sub_80_I614         200.0390      0.0       200.0390        0.0000  0.0000  tmo_err_manager_DW01_sub_675
u_tl_top/U_TMO_ERR/sub_80_I615         200.0390      0.0       200.0390        0.0000  0.0000  tmo_err_manager_DW01_sub_164
u_tl_top/U_TMO_ERR/sub_80_I616         200.0390      0.0       200.0390        0.0000  0.0000  tmo_err_manager_DW01_sub_183
u_tl_top/U_TMO_ERR/sub_80_I617         200.0390      0.0       200.0390        0.0000  0.0000  tmo_err_manager_DW01_sub_199
u_tl_top/U_TMO_ERR/sub_80_I618         200.0390      0.0       200.0390        0.0000  0.0000  tmo_err_manager_DW01_sub_576
u_tl_top/U_TMO_ERR/sub_80_I619         200.0390      0.0       200.0390        0.0000  0.0000  tmo_err_manager_DW01_sub_814
u_tl_top/U_TMO_ERR/sub_80_I62          200.0390      0.0       200.0390        0.0000  0.0000  tmo_err_manager_DW01_sub_48
u_tl_top/U_TMO_ERR/sub_80_I620         200.0390      0.0       200.0390        0.0000  0.0000  tmo_err_manager_DW01_sub_353
u_tl_top/U_TMO_ERR/sub_80_I621         200.0390      0.0       200.0390        0.0000  0.0000  tmo_err_manager_DW01_sub_514
u_tl_top/U_TMO_ERR/sub_80_I622         200.0390      0.0       200.0390        0.0000  0.0000  tmo_err_manager_DW01_sub_410
u_tl_top/U_TMO_ERR/sub_80_I623         200.0390      0.0       200.0390        0.0000  0.0000  tmo_err_manager_DW01_sub_368
u_tl_top/U_TMO_ERR/sub_80_I624         200.0390      0.0       200.0390        0.0000  0.0000  tmo_err_manager_DW01_sub_956
u_tl_top/U_TMO_ERR/sub_80_I625         200.0390      0.0       200.0390        0.0000  0.0000  tmo_err_manager_DW01_sub_313
u_tl_top/U_TMO_ERR/sub_80_I626         200.0390      0.0       200.0390        0.0000  0.0000  tmo_err_manager_DW01_sub_563
u_tl_top/U_TMO_ERR/sub_80_I627         200.0390      0.0       200.0390        0.0000  0.0000  tmo_err_manager_DW01_sub_283
u_tl_top/U_TMO_ERR/sub_80_I628         200.0390      0.0       200.0390        0.0000  0.0000  tmo_err_manager_DW01_sub_107
u_tl_top/U_TMO_ERR/sub_80_I629         200.0390      0.0       200.0390        0.0000  0.0000  tmo_err_manager_DW01_sub_96
u_tl_top/U_TMO_ERR/sub_80_I63          200.0390      0.0       200.0390        0.0000  0.0000  tmo_err_manager_DW01_sub_780
u_tl_top/U_TMO_ERR/sub_80_I630         200.0390      0.0       200.0390        0.0000  0.0000  tmo_err_manager_DW01_sub_754
u_tl_top/U_TMO_ERR/sub_80_I631         200.0390      0.0       200.0390        0.0000  0.0000  tmo_err_manager_DW01_sub_944
u_tl_top/U_TMO_ERR/sub_80_I632         200.0390      0.0       200.0390        0.0000  0.0000  tmo_err_manager_DW01_sub_277
u_tl_top/U_TMO_ERR/sub_80_I633         200.0390      0.0       200.0390        0.0000  0.0000  tmo_err_manager_DW01_sub_910
u_tl_top/U_TMO_ERR/sub_80_I634         200.0390      0.0       200.0390        0.0000  0.0000  tmo_err_manager_DW01_sub_197
u_tl_top/U_TMO_ERR/sub_80_I635         200.0390      0.0       200.0390        0.0000  0.0000  tmo_err_manager_DW01_sub_504
u_tl_top/U_TMO_ERR/sub_80_I636         200.0390      0.0       200.0390        0.0000  0.0000  tmo_err_manager_DW01_sub_306
u_tl_top/U_TMO_ERR/sub_80_I637         200.0390      0.0       200.0390        0.0000  0.0000  tmo_err_manager_DW01_sub_1022
u_tl_top/U_TMO_ERR/sub_80_I638         200.0390      0.0       200.0390        0.0000  0.0000  tmo_err_manager_DW01_sub_235
u_tl_top/U_TMO_ERR/sub_80_I639         200.0390      0.0       200.0390        0.0000  0.0000  tmo_err_manager_DW01_sub_691
u_tl_top/U_TMO_ERR/sub_80_I64          200.0390      0.0       200.0390        0.0000  0.0000  tmo_err_manager_DW01_sub_836
u_tl_top/U_TMO_ERR/sub_80_I640         200.0390      0.0       200.0390        0.0000  0.0000  tmo_err_manager_DW01_sub_1000
u_tl_top/U_TMO_ERR/sub_80_I641         200.0390      0.0       200.0390        0.0000  0.0000  tmo_err_manager_DW01_sub_841
u_tl_top/U_TMO_ERR/sub_80_I642         200.0390      0.0       200.0390        0.0000  0.0000  tmo_err_manager_DW01_sub_566
u_tl_top/U_TMO_ERR/sub_80_I643         200.0390      0.0       200.0390        0.0000  0.0000  tmo_err_manager_DW01_sub_0
u_tl_top/U_TMO_ERR/sub_80_I644         200.0390      0.0       200.0390        0.0000  0.0000  tmo_err_manager_DW01_sub_204
u_tl_top/U_TMO_ERR/sub_80_I645         200.0390      0.0       200.0390        0.0000  0.0000  tmo_err_manager_DW01_sub_2
u_tl_top/U_TMO_ERR/sub_80_I646         200.0390      0.0       200.0390        0.0000  0.0000  tmo_err_manager_DW01_sub_370
u_tl_top/U_TMO_ERR/sub_80_I647         200.0390      0.0       200.0390        0.0000  0.0000  tmo_err_manager_DW01_sub_781
u_tl_top/U_TMO_ERR/sub_80_I648         200.0390      0.0       200.0390        0.0000  0.0000  tmo_err_manager_DW01_sub_369
u_tl_top/U_TMO_ERR/sub_80_I649         200.0390      0.0       200.0390        0.0000  0.0000  tmo_err_manager_DW01_sub_620
u_tl_top/U_TMO_ERR/sub_80_I65          200.0390      0.0       200.0390        0.0000  0.0000  tmo_err_manager_DW01_sub_609
u_tl_top/U_TMO_ERR/sub_80_I650         200.0390      0.0       200.0390        0.0000  0.0000  tmo_err_manager_DW01_sub_437
u_tl_top/U_TMO_ERR/sub_80_I651         200.0390      0.0       200.0390        0.0000  0.0000  tmo_err_manager_DW01_sub_445
u_tl_top/U_TMO_ERR/sub_80_I652         200.0390      0.0       200.0390        0.0000  0.0000  tmo_err_manager_DW01_sub_630
u_tl_top/U_TMO_ERR/sub_80_I653         200.0390      0.0       200.0390        0.0000  0.0000  tmo_err_manager_DW01_sub_714
u_tl_top/U_TMO_ERR/sub_80_I654         200.0390      0.0       200.0390        0.0000  0.0000  tmo_err_manager_DW01_sub_78
u_tl_top/U_TMO_ERR/sub_80_I655         200.0390      0.0       200.0390        0.0000  0.0000  tmo_err_manager_DW01_sub_256
u_tl_top/U_TMO_ERR/sub_80_I656         200.0390      0.0       200.0390        0.0000  0.0000  tmo_err_manager_DW01_sub_144
u_tl_top/U_TMO_ERR/sub_80_I657         200.0390      0.0       200.0390        0.0000  0.0000  tmo_err_manager_DW01_sub_394
u_tl_top/U_TMO_ERR/sub_80_I658         200.0390      0.0       200.0390        0.0000  0.0000  tmo_err_manager_DW01_sub_649
u_tl_top/U_TMO_ERR/sub_80_I659         200.0390      0.0       200.0390        0.0000  0.0000  tmo_err_manager_DW01_sub_392
u_tl_top/U_TMO_ERR/sub_80_I66          200.0390      0.0       200.0390        0.0000  0.0000  tmo_err_manager_DW01_sub_95
u_tl_top/U_TMO_ERR/sub_80_I660         200.0390      0.0       200.0390        0.0000  0.0000  tmo_err_manager_DW01_sub_665
u_tl_top/U_TMO_ERR/sub_80_I661         200.0390      0.0       200.0390        0.0000  0.0000  tmo_err_manager_DW01_sub_458
u_tl_top/U_TMO_ERR/sub_80_I662         200.0390      0.0       200.0390        0.0000  0.0000  tmo_err_manager_DW01_sub_448
u_tl_top/U_TMO_ERR/sub_80_I663         200.0390      0.0       200.0390        0.0000  0.0000  tmo_err_manager_DW01_sub_938
u_tl_top/U_TMO_ERR/sub_80_I664         200.0390      0.0       200.0390        0.0000  0.0000  tmo_err_manager_DW01_sub_613
u_tl_top/U_TMO_ERR/sub_80_I665         200.0390      0.0       200.0390        0.0000  0.0000  tmo_err_manager_DW01_sub_397
u_tl_top/U_TMO_ERR/sub_80_I666         200.0390      0.0       200.0390        0.0000  0.0000  tmo_err_manager_DW01_sub_662
u_tl_top/U_TMO_ERR/sub_80_I667         200.0390      0.0       200.0390        0.0000  0.0000  tmo_err_manager_DW01_sub_706
u_tl_top/U_TMO_ERR/sub_80_I668         200.0390      0.0       200.0390        0.0000  0.0000  tmo_err_manager_DW01_sub_849
u_tl_top/U_TMO_ERR/sub_80_I669         200.0390      0.0       200.0390        0.0000  0.0000  tmo_err_manager_DW01_sub_261
u_tl_top/U_TMO_ERR/sub_80_I67          200.0390      0.0       200.0390        0.0000  0.0000  tmo_err_manager_DW01_sub_789
u_tl_top/U_TMO_ERR/sub_80_I670         200.0390      0.0       200.0390        0.0000  0.0000  tmo_err_manager_DW01_sub_31
u_tl_top/U_TMO_ERR/sub_80_I671         200.0390      0.0       200.0390        0.0000  0.0000  tmo_err_manager_DW01_sub_747
u_tl_top/U_TMO_ERR/sub_80_I672         200.0390      0.0       200.0390        0.0000  0.0000  tmo_err_manager_DW01_sub_213
u_tl_top/U_TMO_ERR/sub_80_I673         200.0390      0.0       200.0390        0.0000  0.0000  tmo_err_manager_DW01_sub_324
u_tl_top/U_TMO_ERR/sub_80_I674         200.0390      0.0       200.0390        0.0000  0.0000  tmo_err_manager_DW01_sub_129
u_tl_top/U_TMO_ERR/sub_80_I675         200.0390      0.0       200.0390        0.0000  0.0000  tmo_err_manager_DW01_sub_200
u_tl_top/U_TMO_ERR/sub_80_I676         200.0390      0.0       200.0390        0.0000  0.0000  tmo_err_manager_DW01_sub_579
u_tl_top/U_TMO_ERR/sub_80_I677         200.0390      0.0       200.0390        0.0000  0.0000  tmo_err_manager_DW01_sub_34
u_tl_top/U_TMO_ERR/sub_80_I678         200.0390      0.0       200.0390        0.0000  0.0000  tmo_err_manager_DW01_sub_464
u_tl_top/U_TMO_ERR/sub_80_I679         200.0390      0.0       200.0390        0.0000  0.0000  tmo_err_manager_DW01_sub_939
u_tl_top/U_TMO_ERR/sub_80_I68          200.0390      0.0       200.0390        0.0000  0.0000  tmo_err_manager_DW01_sub_948
u_tl_top/U_TMO_ERR/sub_80_I680         200.0390      0.0       200.0390        0.0000  0.0000  tmo_err_manager_DW01_sub_36
u_tl_top/U_TMO_ERR/sub_80_I681         200.0390      0.0       200.0390        0.0000  0.0000  tmo_err_manager_DW01_sub_483
u_tl_top/U_TMO_ERR/sub_80_I682         200.0390      0.0       200.0390        0.0000  0.0000  tmo_err_manager_DW01_sub_141
u_tl_top/U_TMO_ERR/sub_80_I683         200.0390      0.0       200.0390        0.0000  0.0000  tmo_err_manager_DW01_sub_301
u_tl_top/U_TMO_ERR/sub_80_I684         200.0390      0.0       200.0390        0.0000  0.0000  tmo_err_manager_DW01_sub_545
u_tl_top/U_TMO_ERR/sub_80_I685         200.0390      0.0       200.0390        0.0000  0.0000  tmo_err_manager_DW01_sub_842
u_tl_top/U_TMO_ERR/sub_80_I686         200.0390      0.0       200.0390        0.0000  0.0000  tmo_err_manager_DW01_sub_118
u_tl_top/U_TMO_ERR/sub_80_I687         200.0390      0.0       200.0390        0.0000  0.0000  tmo_err_manager_DW01_sub_565
u_tl_top/U_TMO_ERR/sub_80_I688         200.0390      0.0       200.0390        0.0000  0.0000  tmo_err_manager_DW01_sub_924
u_tl_top/U_TMO_ERR/sub_80_I689         200.0390      0.0       200.0390        0.0000  0.0000  tmo_err_manager_DW01_sub_279
u_tl_top/U_TMO_ERR/sub_80_I69          200.0390      0.0       200.0390        0.0000  0.0000  tmo_err_manager_DW01_sub_879
u_tl_top/U_TMO_ERR/sub_80_I690         200.0390      0.0       200.0390        0.0000  0.0000  tmo_err_manager_DW01_sub_407
u_tl_top/U_TMO_ERR/sub_80_I691         200.0390      0.0       200.0390        0.0000  0.0000  tmo_err_manager_DW01_sub_919
u_tl_top/U_TMO_ERR/sub_80_I692         200.0390      0.0       200.0390        0.0000  0.0000  tmo_err_manager_DW01_sub_898
u_tl_top/U_TMO_ERR/sub_80_I693         200.0390      0.0       200.0390        0.0000  0.0000  tmo_err_manager_DW01_sub_182
u_tl_top/U_TMO_ERR/sub_80_I694         200.0390      0.0       200.0390        0.0000  0.0000  tmo_err_manager_DW01_sub_333
u_tl_top/U_TMO_ERR/sub_80_I695         200.0390      0.0       200.0390        0.0000  0.0000  tmo_err_manager_DW01_sub_736
u_tl_top/U_TMO_ERR/sub_80_I696         200.0390      0.0       200.0390        0.0000  0.0000  tmo_err_manager_DW01_sub_198
u_tl_top/U_TMO_ERR/sub_80_I697         200.0390      0.0       200.0390        0.0000  0.0000  tmo_err_manager_DW01_sub_709
u_tl_top/U_TMO_ERR/sub_80_I698         200.0390      0.0       200.0390        0.0000  0.0000  tmo_err_manager_DW01_sub_76
u_tl_top/U_TMO_ERR/sub_80_I699         200.0390      0.0       200.0390        0.0000  0.0000  tmo_err_manager_DW01_sub_590
u_tl_top/U_TMO_ERR/sub_80_I7           200.0390      0.0       200.0390        0.0000  0.0000  tmo_err_manager_DW01_sub_497
u_tl_top/U_TMO_ERR/sub_80_I70          200.0390      0.0       200.0390        0.0000  0.0000  tmo_err_manager_DW01_sub_911
u_tl_top/U_TMO_ERR/sub_80_I700         200.0390      0.0       200.0390        0.0000  0.0000  tmo_err_manager_DW01_sub_61
u_tl_top/U_TMO_ERR/sub_80_I701         200.0390      0.0       200.0390        0.0000  0.0000  tmo_err_manager_DW01_sub_355
u_tl_top/U_TMO_ERR/sub_80_I702         200.0390      0.0       200.0390        0.0000  0.0000  tmo_err_manager_DW01_sub_486
u_tl_top/U_TMO_ERR/sub_80_I703         200.0390      0.0       200.0390        0.0000  0.0000  tmo_err_manager_DW01_sub_866
u_tl_top/U_TMO_ERR/sub_80_I704         200.0390      0.0       200.0390        0.0000  0.0000  tmo_err_manager_DW01_sub_739
u_tl_top/U_TMO_ERR/sub_80_I705         200.0390      0.0       200.0390        0.0000  0.0000  tmo_err_manager_DW01_sub_81
u_tl_top/U_TMO_ERR/sub_80_I706         200.0390      0.0       200.0390        0.0000  0.0000  tmo_err_manager_DW01_sub_940
u_tl_top/U_TMO_ERR/sub_80_I707         200.0390      0.0       200.0390        0.0000  0.0000  tmo_err_manager_DW01_sub_124
u_tl_top/U_TMO_ERR/sub_80_I708         200.0390      0.0       200.0390        0.0000  0.0000  tmo_err_manager_DW01_sub_455
u_tl_top/U_TMO_ERR/sub_80_I709         200.0390      0.0       200.0390        0.0000  0.0000  tmo_err_manager_DW01_sub_793
u_tl_top/U_TMO_ERR/sub_80_I71          200.0390      0.0       200.0390        0.0000  0.0000  tmo_err_manager_DW01_sub_651
u_tl_top/U_TMO_ERR/sub_80_I710         200.0390      0.0       200.0390        0.0000  0.0000  tmo_err_manager_DW01_sub_85
u_tl_top/U_TMO_ERR/sub_80_I711         200.0390      0.0       200.0390        0.0000  0.0000  tmo_err_manager_DW01_sub_1018
u_tl_top/U_TMO_ERR/sub_80_I712         200.0390      0.0       200.0390        0.0000  0.0000  tmo_err_manager_DW01_sub_469
u_tl_top/U_TMO_ERR/sub_80_I713         200.0390      0.0       200.0390        0.0000  0.0000  tmo_err_manager_DW01_sub_411
u_tl_top/U_TMO_ERR/sub_80_I714         200.0390      0.0       200.0390        0.0000  0.0000  tmo_err_manager_DW01_sub_1004
u_tl_top/U_TMO_ERR/sub_80_I715         200.0390      0.0       200.0390        0.0000  0.0000  tmo_err_manager_DW01_sub_42
u_tl_top/U_TMO_ERR/sub_80_I716         200.0390      0.0       200.0390        0.0000  0.0000  tmo_err_manager_DW01_sub_724
u_tl_top/U_TMO_ERR/sub_80_I717         200.0390      0.0       200.0390        0.0000  0.0000  tmo_err_manager_DW01_sub_66
u_tl_top/U_TMO_ERR/sub_80_I718         200.0390      0.0       200.0390        0.0000  0.0000  tmo_err_manager_DW01_sub_1011
u_tl_top/U_TMO_ERR/sub_80_I719         200.0390      0.0       200.0390        0.0000  0.0000  tmo_err_manager_DW01_sub_466
u_tl_top/U_TMO_ERR/sub_80_I72          200.0390      0.0       200.0390        0.0000  0.0000  tmo_err_manager_DW01_sub_688
u_tl_top/U_TMO_ERR/sub_80_I720         200.0390      0.0       200.0390        0.0000  0.0000  tmo_err_manager_DW01_sub_707
u_tl_top/U_TMO_ERR/sub_80_I721         200.0390      0.0       200.0390        0.0000  0.0000  tmo_err_manager_DW01_sub_534
u_tl_top/U_TMO_ERR/sub_80_I722         200.0390      0.0       200.0390        0.0000  0.0000  tmo_err_manager_DW01_sub_544
u_tl_top/U_TMO_ERR/sub_80_I723         200.0390      0.0       200.0390        0.0000  0.0000  tmo_err_manager_DW01_sub_835
u_tl_top/U_TMO_ERR/sub_80_I724         200.0390      0.0       200.0390        0.0000  0.0000  tmo_err_manager_DW01_sub_105
u_tl_top/U_TMO_ERR/sub_80_I725         200.0390      0.0       200.0390        0.0000  0.0000  tmo_err_manager_DW01_sub_951
u_tl_top/U_TMO_ERR/sub_80_I726         200.0390      0.0       200.0390        0.0000  0.0000  tmo_err_manager_DW01_sub_626
u_tl_top/U_TMO_ERR/sub_80_I727         200.0390      0.0       200.0390        0.0000  0.0000  tmo_err_manager_DW01_sub_268
u_tl_top/U_TMO_ERR/sub_80_I728         200.0390      0.0       200.0390        0.0000  0.0000  tmo_err_manager_DW01_sub_786
u_tl_top/U_TMO_ERR/sub_80_I729         200.0390      0.0       200.0390        0.0000  0.0000  tmo_err_manager_DW01_sub_860
u_tl_top/U_TMO_ERR/sub_80_I73          200.0390      0.0       200.0390        0.0000  0.0000  tmo_err_manager_DW01_sub_572
u_tl_top/U_TMO_ERR/sub_80_I730         200.0390      0.0       200.0390        0.0000  0.0000  tmo_err_manager_DW01_sub_557
u_tl_top/U_TMO_ERR/sub_80_I731         200.0390      0.0       200.0390        0.0000  0.0000  tmo_err_manager_DW01_sub_364
u_tl_top/U_TMO_ERR/sub_80_I732         200.0390      0.0       200.0390        0.0000  0.0000  tmo_err_manager_DW01_sub_973
u_tl_top/U_TMO_ERR/sub_80_I733         200.0390      0.0       200.0390        0.0000  0.0000  tmo_err_manager_DW01_sub_452
u_tl_top/U_TMO_ERR/sub_80_I734         200.0390      0.0       200.0390        0.0000  0.0000  tmo_err_manager_DW01_sub_147
u_tl_top/U_TMO_ERR/sub_80_I735         200.0390      0.0       200.0390        0.0000  0.0000  tmo_err_manager_DW01_sub_332
u_tl_top/U_TMO_ERR/sub_80_I736         200.0390      0.0       200.0390        0.0000  0.0000  tmo_err_manager_DW01_sub_482
u_tl_top/U_TMO_ERR/sub_80_I737         200.0390      0.0       200.0390        0.0000  0.0000  tmo_err_manager_DW01_sub_701
u_tl_top/U_TMO_ERR/sub_80_I738         200.0390      0.0       200.0390        0.0000  0.0000  tmo_err_manager_DW01_sub_961
u_tl_top/U_TMO_ERR/sub_80_I739         200.0390      0.0       200.0390        0.0000  0.0000  tmo_err_manager_DW01_sub_708
u_tl_top/U_TMO_ERR/sub_80_I74          200.0390      0.0       200.0390        0.0000  0.0000  tmo_err_manager_DW01_sub_55
u_tl_top/U_TMO_ERR/sub_80_I740         200.0390      0.0       200.0390        0.0000  0.0000  tmo_err_manager_DW01_sub_877
u_tl_top/U_TMO_ERR/sub_80_I741         200.0390      0.0       200.0390        0.0000  0.0000  tmo_err_manager_DW01_sub_699
u_tl_top/U_TMO_ERR/sub_80_I742         200.0390      0.0       200.0390        0.0000  0.0000  tmo_err_manager_DW01_sub_715
u_tl_top/U_TMO_ERR/sub_80_I743         200.0390      0.0       200.0390        0.0000  0.0000  tmo_err_manager_DW01_sub_371
u_tl_top/U_TMO_ERR/sub_80_I744         200.0390      0.0       200.0390        0.0000  0.0000  tmo_err_manager_DW01_sub_1019
u_tl_top/U_TMO_ERR/sub_80_I745         200.0390      0.0       200.0390        0.0000  0.0000  tmo_err_manager_DW01_sub_906
u_tl_top/U_TMO_ERR/sub_80_I746         200.0390      0.0       200.0390        0.0000  0.0000  tmo_err_manager_DW01_sub_876
u_tl_top/U_TMO_ERR/sub_80_I747         200.0390      0.0       200.0390        0.0000  0.0000  tmo_err_manager_DW01_sub_111
u_tl_top/U_TMO_ERR/sub_80_I748         200.0390      0.0       200.0390        0.0000  0.0000  tmo_err_manager_DW01_sub_689
u_tl_top/U_TMO_ERR/sub_80_I749         200.0390      0.0       200.0390        0.0000  0.0000  tmo_err_manager_DW01_sub_737
u_tl_top/U_TMO_ERR/sub_80_I75          200.0390      0.0       200.0390        0.0000  0.0000  tmo_err_manager_DW01_sub_423
u_tl_top/U_TMO_ERR/sub_80_I750         200.0390      0.0       200.0390        0.0000  0.0000  tmo_err_manager_DW01_sub_859
u_tl_top/U_TMO_ERR/sub_80_I751         200.0390      0.0       200.0390        0.0000  0.0000  tmo_err_manager_DW01_sub_137
u_tl_top/U_TMO_ERR/sub_80_I752         200.0390      0.0       200.0390        0.0000  0.0000  tmo_err_manager_DW01_sub_403
u_tl_top/U_TMO_ERR/sub_80_I753         200.0390      0.0       200.0390        0.0000  0.0000  tmo_err_manager_DW01_sub_990
u_tl_top/U_TMO_ERR/sub_80_I754         200.0390      0.0       200.0390        0.0000  0.0000  tmo_err_manager_DW01_sub_551
u_tl_top/U_TMO_ERR/sub_80_I755         200.0390      0.0       200.0390        0.0000  0.0000  tmo_err_manager_DW01_sub_336
u_tl_top/U_TMO_ERR/sub_80_I756         200.0390      0.0       200.0390        0.0000  0.0000  tmo_err_manager_DW01_sub_456
u_tl_top/U_TMO_ERR/sub_80_I757         200.0390      0.0       200.0390        0.0000  0.0000  tmo_err_manager_DW01_sub_8
u_tl_top/U_TMO_ERR/sub_80_I758         200.0390      0.0       200.0390        0.0000  0.0000  tmo_err_manager_DW01_sub_1001
u_tl_top/U_TMO_ERR/sub_80_I759         200.0390      0.0       200.0390        0.0000  0.0000  tmo_err_manager_DW01_sub_869
u_tl_top/U_TMO_ERR/sub_80_I76          200.0390      0.0       200.0390        0.0000  0.0000  tmo_err_manager_DW01_sub_552
u_tl_top/U_TMO_ERR/sub_80_I760         200.0390      0.0       200.0390        0.0000  0.0000  tmo_err_manager_DW01_sub_779
u_tl_top/U_TMO_ERR/sub_80_I761         200.0390      0.0       200.0390        0.0000  0.0000  tmo_err_manager_DW01_sub_18
u_tl_top/U_TMO_ERR/sub_80_I762         200.0390      0.0       200.0390        0.0000  0.0000  tmo_err_manager_DW01_sub_19
u_tl_top/U_TMO_ERR/sub_80_I763         200.0390      0.0       200.0390        0.0000  0.0000  tmo_err_manager_DW01_sub_594
u_tl_top/U_TMO_ERR/sub_80_I764         200.0390      0.0       200.0390        0.0000  0.0000  tmo_err_manager_DW01_sub_871
u_tl_top/U_TMO_ERR/sub_80_I765         200.0390      0.0       200.0390        0.0000  0.0000  tmo_err_manager_DW01_sub_978
u_tl_top/U_TMO_ERR/sub_80_I766         200.0390      0.0       200.0390        0.0000  0.0000  tmo_err_manager_DW01_sub_4
u_tl_top/U_TMO_ERR/sub_80_I767         200.0390      0.0       200.0390        0.0000  0.0000  tmo_err_manager_DW01_sub_71
u_tl_top/U_TMO_ERR/sub_80_I768         200.0390      0.0       200.0390        0.0000  0.0000  tmo_err_manager_DW01_sub_728
u_tl_top/U_TMO_ERR/sub_80_I769         200.0390      0.0       200.0390        0.0000  0.0000  tmo_err_manager_DW01_sub_29
u_tl_top/U_TMO_ERR/sub_80_I77          200.0390      0.0       200.0390        0.0000  0.0000  tmo_err_manager_DW01_sub_89
u_tl_top/U_TMO_ERR/sub_80_I770         200.0390      0.0       200.0390        0.0000  0.0000  tmo_err_manager_DW01_sub_245
u_tl_top/U_TMO_ERR/sub_80_I771         200.0390      0.0       200.0390        0.0000  0.0000  tmo_err_manager_DW01_sub_258
u_tl_top/U_TMO_ERR/sub_80_I772         200.0390      0.0       200.0390        0.0000  0.0000  tmo_err_manager_DW01_sub_501
u_tl_top/U_TMO_ERR/sub_80_I773         200.0390      0.0       200.0390        0.0000  0.0000  tmo_err_manager_DW01_sub_769
u_tl_top/U_TMO_ERR/sub_80_I774         200.0390      0.0       200.0390        0.0000  0.0000  tmo_err_manager_DW01_sub_225
u_tl_top/U_TMO_ERR/sub_80_I775         200.0390      0.0       200.0390        0.0000  0.0000  tmo_err_manager_DW01_sub_848
u_tl_top/U_TMO_ERR/sub_80_I776         200.0390      0.0       200.0390        0.0000  0.0000  tmo_err_manager_DW01_sub_136
u_tl_top/U_TMO_ERR/sub_80_I777         200.0390      0.0       200.0390        0.0000  0.0000  tmo_err_manager_DW01_sub_526
u_tl_top/U_TMO_ERR/sub_80_I778         200.0390      0.0       200.0390        0.0000  0.0000  tmo_err_manager_DW01_sub_215
u_tl_top/U_TMO_ERR/sub_80_I779         200.0390      0.0       200.0390        0.0000  0.0000  tmo_err_manager_DW01_sub_212
u_tl_top/U_TMO_ERR/sub_80_I78          200.0390      0.0       200.0390        0.0000  0.0000  tmo_err_manager_DW01_sub_408
u_tl_top/U_TMO_ERR/sub_80_I780         200.0390      0.0       200.0390        0.0000  0.0000  tmo_err_manager_DW01_sub_220
u_tl_top/U_TMO_ERR/sub_80_I781         200.0390      0.0       200.0390        0.0000  0.0000  tmo_err_manager_DW01_sub_592
u_tl_top/U_TMO_ERR/sub_80_I782         200.0390      0.0       200.0390        0.0000  0.0000  tmo_err_manager_DW01_sub_233
u_tl_top/U_TMO_ERR/sub_80_I783         200.0390      0.0       200.0390        0.0000  0.0000  tmo_err_manager_DW01_sub_58
u_tl_top/U_TMO_ERR/sub_80_I784         200.0390      0.0       200.0390        0.0000  0.0000  tmo_err_manager_DW01_sub_94
u_tl_top/U_TMO_ERR/sub_80_I785         200.0390      0.0       200.0390        0.0000  0.0000  tmo_err_manager_DW01_sub_812
u_tl_top/U_TMO_ERR/sub_80_I786         200.0390      0.0       200.0390        0.0000  0.0000  tmo_err_manager_DW01_sub_868
u_tl_top/U_TMO_ERR/sub_80_I787         200.0390      0.0       200.0390        0.0000  0.0000  tmo_err_manager_DW01_sub_760
u_tl_top/U_TMO_ERR/sub_80_I788         200.0390      0.0       200.0390        0.0000  0.0000  tmo_err_manager_DW01_sub_30
u_tl_top/U_TMO_ERR/sub_80_I789         200.0390      0.0       200.0390        0.0000  0.0000  tmo_err_manager_DW01_sub_495
u_tl_top/U_TMO_ERR/sub_80_I79          200.0390      0.0       200.0390        0.0000  0.0000  tmo_err_manager_DW01_sub_70
u_tl_top/U_TMO_ERR/sub_80_I790         200.0390      0.0       200.0390        0.0000  0.0000  tmo_err_manager_DW01_sub_667
u_tl_top/U_TMO_ERR/sub_80_I791         200.0390      0.0       200.0390        0.0000  0.0000  tmo_err_manager_DW01_sub_631
u_tl_top/U_TMO_ERR/sub_80_I792         200.0390      0.0       200.0390        0.0000  0.0000  tmo_err_manager_DW01_sub_320
u_tl_top/U_TMO_ERR/sub_80_I793         200.0390      0.0       200.0390        0.0000  0.0000  tmo_err_manager_DW01_sub_38
u_tl_top/U_TMO_ERR/sub_80_I794         200.0390      0.0       200.0390        0.0000  0.0000  tmo_err_manager_DW01_sub_254
u_tl_top/U_TMO_ERR/sub_80_I795         200.0390      0.0       200.0390        0.0000  0.0000  tmo_err_manager_DW01_sub_86
u_tl_top/U_TMO_ERR/sub_80_I796         200.0390      0.0       200.0390        0.0000  0.0000  tmo_err_manager_DW01_sub_243
u_tl_top/U_TMO_ERR/sub_80_I797         200.0390      0.0       200.0390        0.0000  0.0000  tmo_err_manager_DW01_sub_189
u_tl_top/U_TMO_ERR/sub_80_I798         200.0390      0.0       200.0390        0.0000  0.0000  tmo_err_manager_DW01_sub_468
u_tl_top/U_TMO_ERR/sub_80_I799         200.0390      0.0       200.0390        0.0000  0.0000  tmo_err_manager_DW01_sub_318
u_tl_top/U_TMO_ERR/sub_80_I8           200.0390      0.0       200.0390        0.0000  0.0000  tmo_err_manager_DW01_sub_804
u_tl_top/U_TMO_ERR/sub_80_I80          200.0390      0.0       200.0390        0.0000  0.0000  tmo_err_manager_DW01_sub_389
u_tl_top/U_TMO_ERR/sub_80_I800         200.0390      0.0       200.0390        0.0000  0.0000  tmo_err_manager_DW01_sub_218
u_tl_top/U_TMO_ERR/sub_80_I801         200.0390      0.0       200.0390        0.0000  0.0000  tmo_err_manager_DW01_sub_664
u_tl_top/U_TMO_ERR/sub_80_I802         200.0390      0.0       200.0390        0.0000  0.0000  tmo_err_manager_DW01_sub_570
u_tl_top/U_TMO_ERR/sub_80_I803         200.0390      0.0       200.0390        0.0000  0.0000  tmo_err_manager_DW01_sub_93
u_tl_top/U_TMO_ERR/sub_80_I804         200.0390      0.0       200.0390        0.0000  0.0000  tmo_err_manager_DW01_sub_723
u_tl_top/U_TMO_ERR/sub_80_I805         200.0390      0.0       200.0390        0.0000  0.0000  tmo_err_manager_DW01_sub_205
u_tl_top/U_TMO_ERR/sub_80_I806         200.0390      0.0       200.0390        0.0000  0.0000  tmo_err_manager_DW01_sub_798
u_tl_top/U_TMO_ERR/sub_80_I807         200.0390      0.0       200.0390        0.0000  0.0000  tmo_err_manager_DW01_sub_338
u_tl_top/U_TMO_ERR/sub_80_I808         200.0390      0.0       200.0390        0.0000  0.0000  tmo_err_manager_DW01_sub_465
u_tl_top/U_TMO_ERR/sub_80_I809         200.0390      0.0       200.0390        0.0000  0.0000  tmo_err_manager_DW01_sub_826
u_tl_top/U_TMO_ERR/sub_80_I81          200.0390      0.0       200.0390        0.0000  0.0000  tmo_err_manager_DW01_sub_788
u_tl_top/U_TMO_ERR/sub_80_I810         200.0390      0.0       200.0390        0.0000  0.0000  tmo_err_manager_DW01_sub_966
u_tl_top/U_TMO_ERR/sub_80_I811         200.0390      0.0       200.0390        0.0000  0.0000  tmo_err_manager_DW01_sub_201
u_tl_top/U_TMO_ERR/sub_80_I812         200.0390      0.0       200.0390        0.0000  0.0000  tmo_err_manager_DW01_sub_622
u_tl_top/U_TMO_ERR/sub_80_I813         200.0390      0.0       200.0390        0.0000  0.0000  tmo_err_manager_DW01_sub_619
u_tl_top/U_TMO_ERR/sub_80_I814         200.0390      0.0       200.0390        0.0000  0.0000  tmo_err_manager_DW01_sub_796
u_tl_top/U_TMO_ERR/sub_80_I815         200.0390      0.0       200.0390        0.0000  0.0000  tmo_err_manager_DW01_sub_647
u_tl_top/U_TMO_ERR/sub_80_I816         200.0390      0.0       200.0390        0.0000  0.0000  tmo_err_manager_DW01_sub_571
u_tl_top/U_TMO_ERR/sub_80_I817         200.0390      0.0       200.0390        0.0000  0.0000  tmo_err_manager_DW01_sub_352
u_tl_top/U_TMO_ERR/sub_80_I818         200.0390      0.0       200.0390        0.0000  0.0000  tmo_err_manager_DW01_sub_92
u_tl_top/U_TMO_ERR/sub_80_I819         200.0390      0.0       200.0390        0.0000  0.0000  tmo_err_manager_DW01_sub_558
u_tl_top/U_TMO_ERR/sub_80_I82          200.0390      0.0       200.0390        0.0000  0.0000  tmo_err_manager_DW01_sub_913
u_tl_top/U_TMO_ERR/sub_80_I820         200.0390      0.0       200.0390        0.0000  0.0000  tmo_err_manager_DW01_sub_654
u_tl_top/U_TMO_ERR/sub_80_I821         200.0390      0.0       200.0390        0.0000  0.0000  tmo_err_manager_DW01_sub_660
u_tl_top/U_TMO_ERR/sub_80_I822         200.0390      0.0       200.0390        0.0000  0.0000  tmo_err_manager_DW01_sub_638
u_tl_top/U_TMO_ERR/sub_80_I823         200.0390      0.0       200.0390        0.0000  0.0000  tmo_err_manager_DW01_sub_863
u_tl_top/U_TMO_ERR/sub_80_I824         200.0390      0.0       200.0390        0.0000  0.0000  tmo_err_manager_DW01_sub_63
u_tl_top/U_TMO_ERR/sub_80_I825         200.0390      0.0       200.0390        0.0000  0.0000  tmo_err_manager_DW01_sub_880
u_tl_top/U_TMO_ERR/sub_80_I826         200.0390      0.0       200.0390        0.0000  0.0000  tmo_err_manager_DW01_sub_451
u_tl_top/U_TMO_ERR/sub_80_I827         200.0390      0.0       200.0390        0.0000  0.0000  tmo_err_manager_DW01_sub_593
u_tl_top/U_TMO_ERR/sub_80_I828         200.0390      0.0       200.0390        0.0000  0.0000  tmo_err_manager_DW01_sub_360
u_tl_top/U_TMO_ERR/sub_80_I829         200.0390      0.0       200.0390        0.0000  0.0000  tmo_err_manager_DW01_sub_187
u_tl_top/U_TMO_ERR/sub_80_I83          200.0390      0.0       200.0390        0.0000  0.0000  tmo_err_manager_DW01_sub_109
u_tl_top/U_TMO_ERR/sub_80_I830         200.0390      0.0       200.0390        0.0000  0.0000  tmo_err_manager_DW01_sub_80
u_tl_top/U_TMO_ERR/sub_80_I831         200.0390      0.0       200.0390        0.0000  0.0000  tmo_err_manager_DW01_sub_104
u_tl_top/U_TMO_ERR/sub_80_I832         200.0390      0.0       200.0390        0.0000  0.0000  tmo_err_manager_DW01_sub_1007
u_tl_top/U_TMO_ERR/sub_80_I833         200.0390      0.0       200.0390        0.0000  0.0000  tmo_err_manager_DW01_sub_419
u_tl_top/U_TMO_ERR/sub_80_I834         200.0390      0.0       200.0390        0.0000  0.0000  tmo_err_manager_DW01_sub_955
u_tl_top/U_TMO_ERR/sub_80_I835         200.0390      0.0       200.0390        0.0000  0.0000  tmo_err_manager_DW01_sub_193
u_tl_top/U_TMO_ERR/sub_80_I836         200.0390      0.0       200.0390        0.0000  0.0000  tmo_err_manager_DW01_sub_762
u_tl_top/U_TMO_ERR/sub_80_I837         200.0390      0.0       200.0390        0.0000  0.0000  tmo_err_manager_DW01_sub_433
u_tl_top/U_TMO_ERR/sub_80_I838         200.0390      0.0       200.0390        0.0000  0.0000  tmo_err_manager_DW01_sub_257
u_tl_top/U_TMO_ERR/sub_80_I839         200.0390      0.0       200.0390        0.0000  0.0000  tmo_err_manager_DW01_sub_734
u_tl_top/U_TMO_ERR/sub_80_I84          200.0390      0.0       200.0390        0.0000  0.0000  tmo_err_manager_DW01_sub_356
u_tl_top/U_TMO_ERR/sub_80_I840         200.0390      0.0       200.0390        0.0000  0.0000  tmo_err_manager_DW01_sub_932
u_tl_top/U_TMO_ERR/sub_80_I841         200.0390      0.0       200.0390        0.0000  0.0000  tmo_err_manager_DW01_sub_858
u_tl_top/U_TMO_ERR/sub_80_I842         200.0390      0.0       200.0390        0.0000  0.0000  tmo_err_manager_DW01_sub_41
u_tl_top/U_TMO_ERR/sub_80_I843         200.0390      0.0       200.0390        0.0000  0.0000  tmo_err_manager_DW01_sub_530
u_tl_top/U_TMO_ERR/sub_80_I844         200.0390      0.0       200.0390        0.0000  0.0000  tmo_err_manager_DW01_sub_682
u_tl_top/U_TMO_ERR/sub_80_I845         200.0390      0.0       200.0390        0.0000  0.0000  tmo_err_manager_DW01_sub_463
u_tl_top/U_TMO_ERR/sub_80_I846         200.0390      0.0       200.0390        0.0000  0.0000  tmo_err_manager_DW01_sub_462
u_tl_top/U_TMO_ERR/sub_80_I847         200.0390      0.0       200.0390        0.0000  0.0000  tmo_err_manager_DW01_sub_438
u_tl_top/U_TMO_ERR/sub_80_I848         200.0390      0.0       200.0390        0.0000  0.0000  tmo_err_manager_DW01_sub_537
u_tl_top/U_TMO_ERR/sub_80_I849         200.0390      0.0       200.0390        0.0000  0.0000  tmo_err_manager_DW01_sub_327
u_tl_top/U_TMO_ERR/sub_80_I85          200.0390      0.0       200.0390        0.0000  0.0000  tmo_err_manager_DW01_sub_732
u_tl_top/U_TMO_ERR/sub_80_I850         200.0390      0.0       200.0390        0.0000  0.0000  tmo_err_manager_DW01_sub_460
u_tl_top/U_TMO_ERR/sub_80_I851         200.0390      0.0       200.0390        0.0000  0.0000  tmo_err_manager_DW01_sub_22
u_tl_top/U_TMO_ERR/sub_80_I852         200.0390      0.0       200.0390        0.0000  0.0000  tmo_err_manager_DW01_sub_429
u_tl_top/U_TMO_ERR/sub_80_I853         200.0390      0.0       200.0390        0.0000  0.0000  tmo_err_manager_DW01_sub_405
u_tl_top/U_TMO_ERR/sub_80_I854         200.0390      0.0       200.0390        0.0000  0.0000  tmo_err_manager_DW01_sub_722
u_tl_top/U_TMO_ERR/sub_80_I855         200.0390      0.0       200.0390        0.0000  0.0000  tmo_err_manager_DW01_sub_509
u_tl_top/U_TMO_ERR/sub_80_I856         200.0390      0.0       200.0390        0.0000  0.0000  tmo_err_manager_DW01_sub_623
u_tl_top/U_TMO_ERR/sub_80_I857         200.0390      0.0       200.0390        0.0000  0.0000  tmo_err_manager_DW01_sub_726
u_tl_top/U_TMO_ERR/sub_80_I858         200.0390      0.0       200.0390        0.0000  0.0000  tmo_err_manager_DW01_sub_188
u_tl_top/U_TMO_ERR/sub_80_I859         200.0390      0.0       200.0390        0.0000  0.0000  tmo_err_manager_DW01_sub_496
u_tl_top/U_TMO_ERR/sub_80_I86          200.0390      0.0       200.0390        0.0000  0.0000  tmo_err_manager_DW01_sub_50
u_tl_top/U_TMO_ERR/sub_80_I860         200.0390      0.0       200.0390        0.0000  0.0000  tmo_err_manager_DW01_sub_84
u_tl_top/U_TMO_ERR/sub_80_I861         200.0390      0.0       200.0390        0.0000  0.0000  tmo_err_manager_DW01_sub_790
u_tl_top/U_TMO_ERR/sub_80_I862         200.0390      0.0       200.0390        0.0000  0.0000  tmo_err_manager_DW01_sub_742
u_tl_top/U_TMO_ERR/sub_80_I863         200.0390      0.0       200.0390        0.0000  0.0000  tmo_err_manager_DW01_sub_874
u_tl_top/U_TMO_ERR/sub_80_I864         200.0390      0.0       200.0390        0.0000  0.0000  tmo_err_manager_DW01_sub_5
u_tl_top/U_TMO_ERR/sub_80_I865         200.0390      0.0       200.0390        0.0000  0.0000  tmo_err_manager_DW01_sub_300
u_tl_top/U_TMO_ERR/sub_80_I866         200.0390      0.0       200.0390        0.0000  0.0000  tmo_err_manager_DW01_sub_765
u_tl_top/U_TMO_ERR/sub_80_I867         200.0390      0.0       200.0390        0.0000  0.0000  tmo_err_manager_DW01_sub_170
u_tl_top/U_TMO_ERR/sub_80_I868         200.0390      0.0       200.0390        0.0000  0.0000  tmo_err_manager_DW01_sub_103
u_tl_top/U_TMO_ERR/sub_80_I869         200.0390      0.0       200.0390        0.0000  0.0000  tmo_err_manager_DW01_sub_989
u_tl_top/U_TMO_ERR/sub_80_I87          200.0390      0.0       200.0390        0.0000  0.0000  tmo_err_manager_DW01_sub_641
u_tl_top/U_TMO_ERR/sub_80_I870         200.0390      0.0       200.0390        0.0000  0.0000  tmo_err_manager_DW01_sub_453
u_tl_top/U_TMO_ERR/sub_80_I871         200.0390      0.0       200.0390        0.0000  0.0000  tmo_err_manager_DW01_sub_633
u_tl_top/U_TMO_ERR/sub_80_I872         200.0390      0.0       200.0390        0.0000  0.0000  tmo_err_manager_DW01_sub_120
u_tl_top/U_TMO_ERR/sub_80_I873         200.0390      0.0       200.0390        0.0000  0.0000  tmo_err_manager_DW01_sub_506
u_tl_top/U_TMO_ERR/sub_80_I874         200.0390      0.0       200.0390        0.0000  0.0000  tmo_err_manager_DW01_sub_217
u_tl_top/U_TMO_ERR/sub_80_I875         200.0390      0.0       200.0390        0.0000  0.0000  tmo_err_manager_DW01_sub_322
u_tl_top/U_TMO_ERR/sub_80_I876         200.0390      0.0       200.0390        0.0000  0.0000  tmo_err_manager_DW01_sub_547
u_tl_top/U_TMO_ERR/sub_80_I877         200.0390      0.0       200.0390        0.0000  0.0000  tmo_err_manager_DW01_sub_950
u_tl_top/U_TMO_ERR/sub_80_I878         200.0390      0.0       200.0390        0.0000  0.0000  tmo_err_manager_DW01_sub_230
u_tl_top/U_TMO_ERR/sub_80_I879         200.0390      0.0       200.0390        0.0000  0.0000  tmo_err_manager_DW01_sub_149
u_tl_top/U_TMO_ERR/sub_80_I88          200.0390      0.0       200.0390        0.0000  0.0000  tmo_err_manager_DW01_sub_543
u_tl_top/U_TMO_ERR/sub_80_I880         200.0390      0.0       200.0390        0.0000  0.0000  tmo_err_manager_DW01_sub_1023
u_tl_top/U_TMO_ERR/sub_80_I881         200.0390      0.0       200.0390        0.0000  0.0000  tmo_err_manager_DW01_sub_916
u_tl_top/U_TMO_ERR/sub_80_I882         200.0390      0.0       200.0390        0.0000  0.0000  tmo_err_manager_DW01_sub_209
u_tl_top/U_TMO_ERR/sub_80_I883         200.0390      0.0       200.0390        0.0000  0.0000  tmo_err_manager_DW01_sub_194
u_tl_top/U_TMO_ERR/sub_80_I884         200.0390      0.0       200.0390        0.0000  0.0000  tmo_err_manager_DW01_sub_241
u_tl_top/U_TMO_ERR/sub_80_I885         200.0390      0.0       200.0390        0.0000  0.0000  tmo_err_manager_DW01_sub_831
u_tl_top/U_TMO_ERR/sub_80_I886         200.0390      0.0       200.0390        0.0000  0.0000  tmo_err_manager_DW01_sub_744
u_tl_top/U_TMO_ERR/sub_80_I887         200.0390      0.0       200.0390        0.0000  0.0000  tmo_err_manager_DW01_sub_518
u_tl_top/U_TMO_ERR/sub_80_I888         200.0390      0.0       200.0390        0.0000  0.0000  tmo_err_manager_DW01_sub_427
u_tl_top/U_TMO_ERR/sub_80_I889         200.0390      0.0       200.0390        0.0000  0.0000  tmo_err_manager_DW01_sub_219
u_tl_top/U_TMO_ERR/sub_80_I89          200.0390      0.0       200.0390        0.0000  0.0000  tmo_err_manager_DW01_sub_331
u_tl_top/U_TMO_ERR/sub_80_I890         200.0390      0.0       200.0390        0.0000  0.0000  tmo_err_manager_DW01_sub_206
u_tl_top/U_TMO_ERR/sub_80_I891         200.0390      0.0       200.0390        0.0000  0.0000  tmo_err_manager_DW01_sub_829
u_tl_top/U_TMO_ERR/sub_80_I892         200.0390      0.0       200.0390        0.0000  0.0000  tmo_err_manager_DW01_sub_548
u_tl_top/U_TMO_ERR/sub_80_I893         200.0390      0.0       200.0390        0.0000  0.0000  tmo_err_manager_DW01_sub_25
u_tl_top/U_TMO_ERR/sub_80_I894         200.0390      0.0       200.0390        0.0000  0.0000  tmo_err_manager_DW01_sub_14
u_tl_top/U_TMO_ERR/sub_80_I895         200.0390      0.0       200.0390        0.0000  0.0000  tmo_err_manager_DW01_sub_777
u_tl_top/U_TMO_ERR/sub_80_I896         200.0390      0.0       200.0390        0.0000  0.0000  tmo_err_manager_DW01_sub_634
u_tl_top/U_TMO_ERR/sub_80_I897         200.0390      0.0       200.0390        0.0000  0.0000  tmo_err_manager_DW01_sub_35
u_tl_top/U_TMO_ERR/sub_80_I898         200.0390      0.0       200.0390        0.0000  0.0000  tmo_err_manager_DW01_sub_224
u_tl_top/U_TMO_ERR/sub_80_I899         200.0390      0.0       200.0390        0.0000  0.0000  tmo_err_manager_DW01_sub_1016
u_tl_top/U_TMO_ERR/sub_80_I9           200.0390      0.0       200.0390        0.0000  0.0000  tmo_err_manager_DW01_sub_239
u_tl_top/U_TMO_ERR/sub_80_I90          200.0390      0.0       200.0390        0.0000  0.0000  tmo_err_manager_DW01_sub_196
u_tl_top/U_TMO_ERR/sub_80_I900         200.0390      0.0       200.0390        0.0000  0.0000  tmo_err_manager_DW01_sub_519
u_tl_top/U_TMO_ERR/sub_80_I901         200.0390      0.0       200.0390        0.0000  0.0000  tmo_err_manager_DW01_sub_785
u_tl_top/U_TMO_ERR/sub_80_I902         200.0390      0.0       200.0390        0.0000  0.0000  tmo_err_manager_DW01_sub_79
u_tl_top/U_TMO_ERR/sub_80_I903         200.0390      0.0       200.0390        0.0000  0.0000  tmo_err_manager_DW01_sub_362
u_tl_top/U_TMO_ERR/sub_80_I904         200.0390      0.0       200.0390        0.0000  0.0000  tmo_err_manager_DW01_sub_758
u_tl_top/U_TMO_ERR/sub_80_I905         200.0390      0.0       200.0390        0.0000  0.0000  tmo_err_manager_DW01_sub_1008
u_tl_top/U_TMO_ERR/sub_80_I906         200.0390      0.0       200.0390        0.0000  0.0000  tmo_err_manager_DW01_sub_24
u_tl_top/U_TMO_ERR/sub_80_I907         200.0390      0.0       200.0390        0.0000  0.0000  tmo_err_manager_DW01_sub_725
u_tl_top/U_TMO_ERR/sub_80_I908         200.0390      0.0       200.0390        0.0000  0.0000  tmo_err_manager_DW01_sub_57
u_tl_top/U_TMO_ERR/sub_80_I909         200.0390      0.0       200.0390        0.0000  0.0000  tmo_err_manager_DW01_sub_953
u_tl_top/U_TMO_ERR/sub_80_I91          200.0390      0.0       200.0390        0.0000  0.0000  tmo_err_manager_DW01_sub_270
u_tl_top/U_TMO_ERR/sub_80_I910         200.0390      0.0       200.0390        0.0000  0.0000  tmo_err_manager_DW01_sub_549
u_tl_top/U_TMO_ERR/sub_80_I911         200.0390      0.0       200.0390        0.0000  0.0000  tmo_err_manager_DW01_sub_991
u_tl_top/U_TMO_ERR/sub_80_I912         200.0390      0.0       200.0390        0.0000  0.0000  tmo_err_manager_DW01_sub_98
u_tl_top/U_TMO_ERR/sub_80_I913         200.0390      0.0       200.0390        0.0000  0.0000  tmo_err_manager_DW01_sub_608
u_tl_top/U_TMO_ERR/sub_80_I914         200.0390      0.0       200.0390        0.0000  0.0000  tmo_err_manager_DW01_sub_222
u_tl_top/U_TMO_ERR/sub_80_I915         200.0390      0.0       200.0390        0.0000  0.0000  tmo_err_manager_DW01_sub_947
u_tl_top/U_TMO_ERR/sub_80_I916         200.0390      0.0       200.0390        0.0000  0.0000  tmo_err_manager_DW01_sub_49
u_tl_top/U_TMO_ERR/sub_80_I917         200.0390      0.0       200.0390        0.0000  0.0000  tmo_err_manager_DW01_sub_414
u_tl_top/U_TMO_ERR/sub_80_I918         200.0390      0.0       200.0390        0.0000  0.0000  tmo_err_manager_DW01_sub_424
u_tl_top/U_TMO_ERR/sub_80_I919         200.0390      0.0       200.0390        0.0000  0.0000  tmo_err_manager_DW01_sub_824
u_tl_top/U_TMO_ERR/sub_80_I92          200.0390      0.0       200.0390        0.0000  0.0000  tmo_err_manager_DW01_sub_778
u_tl_top/U_TMO_ERR/sub_80_I920         200.0390      0.0       200.0390        0.0000  0.0000  tmo_err_manager_DW01_sub_168
u_tl_top/U_TMO_ERR/sub_80_I921         200.0390      0.0       200.0390        0.0000  0.0000  tmo_err_manager_DW01_sub_178
u_tl_top/U_TMO_ERR/sub_80_I922         200.0390      0.0       200.0390        0.0000  0.0000  tmo_err_manager_DW01_sub_266
u_tl_top/U_TMO_ERR/sub_80_I923         200.0390      0.0       200.0390        0.0000  0.0000  tmo_err_manager_DW01_sub_3
u_tl_top/U_TMO_ERR/sub_80_I924         200.0390      0.0       200.0390        0.0000  0.0000  tmo_err_manager_DW01_sub_151
u_tl_top/U_TMO_ERR/sub_80_I925         200.0390      0.0       200.0390        0.0000  0.0000  tmo_err_manager_DW01_sub_263
u_tl_top/U_TMO_ERR/sub_80_I926         200.0390      0.0       200.0390        0.0000  0.0000  tmo_err_manager_DW01_sub_97
u_tl_top/U_TMO_ERR/sub_80_I927         200.0390      0.0       200.0390        0.0000  0.0000  tmo_err_manager_DW01_sub_216
u_tl_top/U_TMO_ERR/sub_80_I928         200.0390      0.0       200.0390        0.0000  0.0000  tmo_err_manager_DW01_sub_945
u_tl_top/U_TMO_ERR/sub_80_I929         200.0390      0.0       200.0390        0.0000  0.0000  tmo_err_manager_DW01_sub_574
u_tl_top/U_TMO_ERR/sub_80_I93          200.0390      0.0       200.0390        0.0000  0.0000  tmo_err_manager_DW01_sub_921
u_tl_top/U_TMO_ERR/sub_80_I930         200.0390      0.0       200.0390        0.0000  0.0000  tmo_err_manager_DW01_sub_607
u_tl_top/U_TMO_ERR/sub_80_I931         200.0390      0.0       200.0390        0.0000  0.0000  tmo_err_manager_DW01_sub_648
u_tl_top/U_TMO_ERR/sub_80_I932         200.0390      0.0       200.0390        0.0000  0.0000  tmo_err_manager_DW01_sub_295
u_tl_top/U_TMO_ERR/sub_80_I933         200.0390      0.0       200.0390        0.0000  0.0000  tmo_err_manager_DW01_sub_127
u_tl_top/U_TMO_ERR/sub_80_I934         200.0390      0.0       200.0390        0.0000  0.0000  tmo_err_manager_DW01_sub_964
u_tl_top/U_TMO_ERR/sub_80_I935         200.0390      0.0       200.0390        0.0000  0.0000  tmo_err_manager_DW01_sub_310
u_tl_top/U_TMO_ERR/sub_80_I936         200.0390      0.0       200.0390        0.0000  0.0000  tmo_err_manager_DW01_sub_101
u_tl_top/U_TMO_ERR/sub_80_I937         200.0390      0.0       200.0390        0.0000  0.0000  tmo_err_manager_DW01_sub_385
u_tl_top/U_TMO_ERR/sub_80_I938         200.0390      0.0       200.0390        0.0000  0.0000  tmo_err_manager_DW01_sub_269
u_tl_top/U_TMO_ERR/sub_80_I939         200.0390      0.0       200.0390        0.0000  0.0000  tmo_err_manager_DW01_sub_180
u_tl_top/U_TMO_ERR/sub_80_I94          200.0390      0.0       200.0390        0.0000  0.0000  tmo_err_manager_DW01_sub_46
u_tl_top/U_TMO_ERR/sub_80_I940         200.0390      0.0       200.0390        0.0000  0.0000  tmo_err_manager_DW01_sub_242
u_tl_top/U_TMO_ERR/sub_80_I941         200.0390      0.0       200.0390        0.0000  0.0000  tmo_err_manager_DW01_sub_383
u_tl_top/U_TMO_ERR/sub_80_I942         200.0390      0.0       200.0390        0.0000  0.0000  tmo_err_manager_DW01_sub_899
u_tl_top/U_TMO_ERR/sub_80_I943         200.0390      0.0       200.0390        0.0000  0.0000  tmo_err_manager_DW01_sub_636
u_tl_top/U_TMO_ERR/sub_80_I944         200.0390      0.0       200.0390        0.0000  0.0000  tmo_err_manager_DW01_sub_805
u_tl_top/U_TMO_ERR/sub_80_I945         200.0390      0.0       200.0390        0.0000  0.0000  tmo_err_manager_DW01_sub_773
u_tl_top/U_TMO_ERR/sub_80_I946         200.0390      0.0       200.0390        0.0000  0.0000  tmo_err_manager_DW01_sub_983
u_tl_top/U_TMO_ERR/sub_80_I947         200.0390      0.0       200.0390        0.0000  0.0000  tmo_err_manager_DW01_sub_612
u_tl_top/U_TMO_ERR/sub_80_I948         200.0390      0.0       200.0390        0.0000  0.0000  tmo_err_manager_DW01_sub_600
u_tl_top/U_TMO_ERR/sub_80_I949         200.0390      0.0       200.0390        0.0000  0.0000  tmo_err_manager_DW01_sub_388
u_tl_top/U_TMO_ERR/sub_80_I95          200.0390      0.0       200.0390        0.0000  0.0000  tmo_err_manager_DW01_sub_293
u_tl_top/U_TMO_ERR/sub_80_I950         200.0390      0.0       200.0390        0.0000  0.0000  tmo_err_manager_DW01_sub_663
u_tl_top/U_TMO_ERR/sub_80_I951         200.0390      0.0       200.0390        0.0000  0.0000  tmo_err_manager_DW01_sub_329
u_tl_top/U_TMO_ERR/sub_80_I952         200.0390      0.0       200.0390        0.0000  0.0000  tmo_err_manager_DW01_sub_818
u_tl_top/U_TMO_ERR/sub_80_I953         200.0390      0.0       200.0390        0.0000  0.0000  tmo_err_manager_DW01_sub_372
u_tl_top/U_TMO_ERR/sub_80_I954         200.0390      0.0       200.0390        0.0000  0.0000  tmo_err_manager_DW01_sub_959
u_tl_top/U_TMO_ERR/sub_80_I955         200.0390      0.0       200.0390        0.0000  0.0000  tmo_err_manager_DW01_sub_11
u_tl_top/U_TMO_ERR/sub_80_I956         200.0390      0.0       200.0390        0.0000  0.0000  tmo_err_manager_DW01_sub_237
u_tl_top/U_TMO_ERR/sub_80_I957         200.0390      0.0       200.0390        0.0000  0.0000  tmo_err_manager_DW01_sub_748
u_tl_top/U_TMO_ERR/sub_80_I958         200.0390      0.0       200.0390        0.0000  0.0000  tmo_err_manager_DW01_sub_569
u_tl_top/U_TMO_ERR/sub_80_I959         200.0390      0.0       200.0390        0.0000  0.0000  tmo_err_manager_DW01_sub_702
u_tl_top/U_TMO_ERR/sub_80_I96          200.0390      0.0       200.0390        0.0000  0.0000  tmo_err_manager_DW01_sub_284
u_tl_top/U_TMO_ERR/sub_80_I960         200.0390      0.0       200.0390        0.0000  0.0000  tmo_err_manager_DW01_sub_799
u_tl_top/U_TMO_ERR/sub_80_I961         200.0390      0.0       200.0390        0.0000  0.0000  tmo_err_manager_DW01_sub_376
u_tl_top/U_TMO_ERR/sub_80_I962         200.0390      0.0       200.0390        0.0000  0.0000  tmo_err_manager_DW01_sub_484
u_tl_top/U_TMO_ERR/sub_80_I963         200.0390      0.0       200.0390        0.0000  0.0000  tmo_err_manager_DW01_sub_296
u_tl_top/U_TMO_ERR/sub_80_I964         200.0390      0.0       200.0390        0.0000  0.0000  tmo_err_manager_DW01_sub_195
u_tl_top/U_TMO_ERR/sub_80_I965         200.0390      0.0       200.0390        0.0000  0.0000  tmo_err_manager_DW01_sub_820
u_tl_top/U_TMO_ERR/sub_80_I966         200.0390      0.0       200.0390        0.0000  0.0000  tmo_err_manager_DW01_sub_251
u_tl_top/U_TMO_ERR/sub_80_I967         200.0390      0.0       200.0390        0.0000  0.0000  tmo_err_manager_DW01_sub_807
u_tl_top/U_TMO_ERR/sub_80_I968         200.0390      0.0       200.0390        0.0000  0.0000  tmo_err_manager_DW01_sub_834
u_tl_top/U_TMO_ERR/sub_80_I969         200.0390      0.0       200.0390        0.0000  0.0000  tmo_err_manager_DW01_sub_471
u_tl_top/U_TMO_ERR/sub_80_I97          200.0390      0.0       200.0390        0.0000  0.0000  tmo_err_manager_DW01_sub_325
u_tl_top/U_TMO_ERR/sub_80_I970         200.0390      0.0       200.0390        0.0000  0.0000  tmo_err_manager_DW01_sub_121
u_tl_top/U_TMO_ERR/sub_80_I971         200.0390      0.0       200.0390        0.0000  0.0000  tmo_err_manager_DW01_sub_791
u_tl_top/U_TMO_ERR/sub_80_I972         200.0390      0.0       200.0390        0.0000  0.0000  tmo_err_manager_DW01_sub_210
u_tl_top/U_TMO_ERR/sub_80_I973         200.0390      0.0       200.0390        0.0000  0.0000  tmo_err_manager_DW01_sub_229
u_tl_top/U_TMO_ERR/sub_80_I974         200.0390      0.0       200.0390        0.0000  0.0000  tmo_err_manager_DW01_sub_59
u_tl_top/U_TMO_ERR/sub_80_I975         200.0390      0.0       200.0390        0.0000  0.0000  tmo_err_manager_DW01_sub_759
u_tl_top/U_TMO_ERR/sub_80_I976         200.0390      0.0       200.0390        0.0000  0.0000  tmo_err_manager_DW01_sub_845
u_tl_top/U_TMO_ERR/sub_80_I977         200.0390      0.0       200.0390        0.0000  0.0000  tmo_err_manager_DW01_sub_825
u_tl_top/U_TMO_ERR/sub_80_I978         200.0390      0.0       200.0390        0.0000  0.0000  tmo_err_manager_DW01_sub_37
u_tl_top/U_TMO_ERR/sub_80_I979         200.0390      0.0       200.0390        0.0000  0.0000  tmo_err_manager_DW01_sub_7
u_tl_top/U_TMO_ERR/sub_80_I98          200.0390      0.0       200.0390        0.0000  0.0000  tmo_err_manager_DW01_sub_559
u_tl_top/U_TMO_ERR/sub_80_I980         200.0390      0.0       200.0390        0.0000  0.0000  tmo_err_manager_DW01_sub_915
u_tl_top/U_TMO_ERR/sub_80_I981         200.0390      0.0       200.0390        0.0000  0.0000  tmo_err_manager_DW01_sub_720
u_tl_top/U_TMO_ERR/sub_80_I982         200.0390      0.0       200.0390        0.0000  0.0000  tmo_err_manager_DW01_sub_247
u_tl_top/U_TMO_ERR/sub_80_I983         200.0390      0.0       200.0390        0.0000  0.0000  tmo_err_manager_DW01_sub_533
u_tl_top/U_TMO_ERR/sub_80_I984         200.0390      0.0       200.0390        0.0000  0.0000  tmo_err_manager_DW01_sub_553
u_tl_top/U_TMO_ERR/sub_80_I985         200.0390      0.0       200.0390        0.0000  0.0000  tmo_err_manager_DW01_sub_681
u_tl_top/U_TMO_ERR/sub_80_I986         200.0390      0.0       200.0390        0.0000  0.0000  tmo_err_manager_DW01_sub_171
u_tl_top/U_TMO_ERR/sub_80_I987         200.0390      0.0       200.0390        0.0000  0.0000  tmo_err_manager_DW01_sub_752
u_tl_top/U_TMO_ERR/sub_80_I988         200.0390      0.0       200.0390        0.0000  0.0000  tmo_err_manager_DW01_sub_275
u_tl_top/U_TMO_ERR/sub_80_I989         200.0390      0.0       200.0390        0.0000  0.0000  tmo_err_manager_DW01_sub_226
u_tl_top/U_TMO_ERR/sub_80_I99          200.0390      0.0       200.0390        0.0000  0.0000  tmo_err_manager_DW01_sub_591
u_tl_top/U_TMO_ERR/sub_80_I990         200.0390      0.0       200.0390        0.0000  0.0000  tmo_err_manager_DW01_sub_690
u_tl_top/U_TMO_ERR/sub_80_I991         200.0390      0.0       200.0390        0.0000  0.0000  tmo_err_manager_DW01_sub_993
u_tl_top/U_TMO_ERR/sub_80_I992         200.0390      0.0       200.0390        0.0000  0.0000  tmo_err_manager_DW01_sub_449
u_tl_top/U_TMO_ERR/sub_80_I993         200.0390      0.0       200.0390        0.0000  0.0000  tmo_err_manager_DW01_sub_588
u_tl_top/U_TMO_ERR/sub_80_I994         200.0390      0.0       200.0390        0.0000  0.0000  tmo_err_manager_DW01_sub_852
u_tl_top/U_TMO_ERR/sub_80_I995         200.0390      0.0       200.0390        0.0000  0.0000  tmo_err_manager_DW01_sub_314
u_tl_top/U_TMO_ERR/sub_80_I996         200.0390      0.0       200.0390        0.0000  0.0000  tmo_err_manager_DW01_sub_562
u_tl_top/U_TMO_ERR/sub_80_I997         200.0390      0.0       200.0390        0.0000  0.0000  tmo_err_manager_DW01_sub_69
u_tl_top/U_TMO_ERR/sub_80_I998         200.0390      0.0       200.0390        0.0000  0.0000  tmo_err_manager_DW01_sub_705
u_tl_top/U_TMO_ERR/sub_80_I999         200.0390      0.0       200.0390        0.0000  0.0000  tmo_err_manager_DW01_sub_114
u_tl_top/U_USR_IF                     8067.4552      0.0      8067.4552        0.0000  0.0000  usr_if
u_tl_top/U_VC_ARB                     3370.0688      0.0      2279.2679     1090.8009  0.0000  vc_arbiter
--------------------------------  -------------  -------  -------------  ------------  ------  -----------------------------------------------------------------------------------
Total                                                     10108702.6329  6177056.0611  0.0000

1
