Loading db file '/home/IC/PCIE_GEN_6/std_cells/scmetro_tsmc_cl013g_rvt_ss_1p08v_125c.db'
Information: Propagating switching activity (low effort zero delay simulation). (PWR-6)
Warning: Design has unannotated primary inputs. (PWR-414)
Warning: Design has unannotated sequential cell outputs. (PWR-415)
 
****************************************
Report : power
        -hier
        -analysis_effort low
Design : pcie_gen6_system_top
Version: K-2015.06
Date   : Mon Jun  8 21:56:37 2026
****************************************


Library(s) Used:

    scmetro_tsmc_cl013g_rvt_ss_1p08v_125c (File: /home/IC/PCIE_GEN_6/std_cells/scmetro_tsmc_cl013g_rvt_ss_1p08v_125c.db)


Operating Conditions: scmetro_tsmc_cl013g_rvt_ss_1p08v_125c   Library: scmetro_tsmc_cl013g_rvt_ss_1p08v_125c
Wire Load Model Mode: top

Design        Wire Load Model            Library
------------------------------------------------
pcie_gen6_system_top   tsmc13_wl30       scmetro_tsmc_cl013g_rvt_ss_1p08v_125c


Global Operating Voltage = 1.08 
Power-specific unit information :
    Voltage Units = 1V
    Capacitance Units = 1.000000pf
    Time Units = 1ns
    Dynamic Power Units = 1mW    (derived from V,C,T units)
    Leakage Power Units = 1pW


--------------------------------------------------------------------------------
                                       Switch   Int      Leak     Total
Hierarchy                              Power    Power    Power    Power    %
--------------------------------------------------------------------------------
pcie_gen6_system_top                    196.788 4.02e+03 1.18e+10 4.23e+03 100.0
  u_tl_top (pcie_tl_top)                 81.646  624.191 4.64e+09  710.474  16.8
    U_VC_ARB (vc_arbiter)                 0.635    0.312 2.04e+06    0.949   0.0
    U_RO_CTRL (ro_ctrl)                   0.000    0.000 2.62e+04 2.62e-05   0.0
    U_FC_INIT_TMR (fc_init_timer)      5.35e-02    0.101 6.47e+05    0.155   0.0
      sub_78 (fc_init_timer_DW01_sub_0)
                                       3.59e-02 4.47e-03 1.53e+05 4.05e-02   0.0
    U_CPL_TMO (cpl_timeout_logic)      3.81e-05   93.047 9.42e+08   93.988   2.2
      sub_86_I265 (cpl_timeout_logic_DW01_sub_1023)
                                          0.000    0.000 2.14e+05 2.14e-04   0.0
      sub_86_I218 (cpl_timeout_logic_DW01_sub_1022)
                                          0.000    0.000 2.14e+05 2.14e-04   0.0
      sub_86_I422 (cpl_timeout_logic_DW01_sub_1021)
                                          0.000    0.000 2.14e+05 2.14e-04   0.0
      sub_86_I87 (cpl_timeout_logic_DW01_sub_1020)
                                          0.000    0.000 2.14e+05 2.14e-04   0.0
      sub_86_I569 (cpl_timeout_logic_DW01_sub_1019)
                                          0.000    0.000 2.14e+05 2.14e-04   0.0
      sub_86_I382 (cpl_timeout_logic_DW01_sub_1018)
                                          0.000    0.000 2.14e+05 2.14e-04   0.0
      sub_86_I727 (cpl_timeout_logic_DW01_sub_1017)
                                          0.000    0.000 2.14e+05 2.14e-04   0.0
      sub_86_I1002 (cpl_timeout_logic_DW01_sub_1016)
                                          0.000    0.000 2.15e+05 2.15e-04   0.0
      sub_86_I439 (cpl_timeout_logic_DW01_sub_1015)
                                          0.000    0.000 2.14e+05 2.14e-04   0.0
      sub_86_I368 (cpl_timeout_logic_DW01_sub_1014)
                                          0.000    0.000 2.14e+05 2.14e-04   0.0
      sub_86_I43 (cpl_timeout_logic_DW01_sub_1013)
                                          0.000    0.000 2.14e+05 2.14e-04   0.0
      sub_86_I377 (cpl_timeout_logic_DW01_sub_1012)
                                          0.000    0.000 2.14e+05 2.14e-04   0.0
      sub_86_I917 (cpl_timeout_logic_DW01_sub_1011)
                                          0.000    0.000 2.14e+05 2.14e-04   0.0
      sub_86_I268 (cpl_timeout_logic_DW01_sub_1010)
                                          0.000    0.000 2.14e+05 2.14e-04   0.0
      sub_86_I967 (cpl_timeout_logic_DW01_sub_1009)
                                          0.000    0.000 2.16e+05 2.16e-04   0.0
      sub_86_I323 (cpl_timeout_logic_DW01_sub_1008)
                                          0.000    0.000 2.14e+05 2.14e-04   0.0
      sub_86_I89 (cpl_timeout_logic_DW01_sub_1007)
                                          0.000    0.000 2.14e+05 2.14e-04   0.0
      sub_86_I514 (cpl_timeout_logic_DW01_sub_1006)
                                          0.000    0.000 2.14e+05 2.14e-04   0.0
      sub_86_I959 (cpl_timeout_logic_DW01_sub_1005)
                                          0.000    0.000 2.15e+05 2.15e-04   0.0
      sub_86_I229 (cpl_timeout_logic_DW01_sub_1004)
                                          0.000    0.000 2.14e+05 2.14e-04   0.0
      sub_86_I349 (cpl_timeout_logic_DW01_sub_1003)
                                          0.000    0.000 2.14e+05 2.14e-04   0.0
      sub_86_I697 (cpl_timeout_logic_DW01_sub_1002)
                                          0.000    0.000 2.14e+05 2.14e-04   0.0
      sub_86_I639 (cpl_timeout_logic_DW01_sub_1001)
                                          0.000    0.000 2.14e+05 2.14e-04   0.0
      sub_86_I645 (cpl_timeout_logic_DW01_sub_1000)
                                          0.000    0.000 2.14e+05 2.14e-04   0.0
      sub_86_I98 (cpl_timeout_logic_DW01_sub_999)
                                          0.000    0.000 2.14e+05 2.14e-04   0.0
      sub_86_I149 (cpl_timeout_logic_DW01_sub_998)
                                          0.000    0.000 2.14e+05 2.14e-04   0.0
      sub_86_I427 (cpl_timeout_logic_DW01_sub_997)
                                          0.000    0.000 2.14e+05 2.14e-04   0.0
      sub_86_I474 (cpl_timeout_logic_DW01_sub_996)
                                          0.000    0.000 2.14e+05 2.14e-04   0.0
      sub_86_I824 (cpl_timeout_logic_DW01_sub_995)
                                          0.000    0.000 2.14e+05 2.14e-04   0.0
      sub_86_I630 (cpl_timeout_logic_DW01_sub_994)
                                          0.000    0.000 2.14e+05 2.14e-04   0.0
      sub_86_I672 (cpl_timeout_logic_DW01_sub_993)
                                          0.000    0.000 2.14e+05 2.14e-04   0.0
      sub_86_I984 (cpl_timeout_logic_DW01_sub_992)
                                          0.000    0.000 2.15e+05 2.15e-04   0.0
      sub_86_I75 (cpl_timeout_logic_DW01_sub_991)
                                          0.000    0.000 2.14e+05 2.14e-04   0.0
      sub_86_I609 (cpl_timeout_logic_DW01_sub_990)
                                          0.000    0.000 2.14e+05 2.14e-04   0.0
      sub_86_I31 (cpl_timeout_logic_DW01_sub_989)
                                          0.000    0.000 2.14e+05 2.14e-04   0.0
      sub_86_I685 (cpl_timeout_logic_DW01_sub_988)
                                          0.000    0.000 2.14e+05 2.14e-04   0.0
      sub_86_I505 (cpl_timeout_logic_DW01_sub_987)
                                          0.000    0.000 2.14e+05 2.14e-04   0.0
      sub_86_I508 (cpl_timeout_logic_DW01_sub_986)
                                          0.000    0.000 2.14e+05 2.14e-04   0.0
      sub_86_I622 (cpl_timeout_logic_DW01_sub_985)
                                          0.000    0.000 2.14e+05 2.14e-04   0.0
      sub_86_I581 (cpl_timeout_logic_DW01_sub_984)
                                          0.000    0.000 2.14e+05 2.14e-04   0.0
      sub_86_I563 (cpl_timeout_logic_DW01_sub_983)
                                          0.000    0.000 2.14e+05 2.14e-04   0.0
      sub_86_I82 (cpl_timeout_logic_DW01_sub_982)
                                          0.000    0.000 2.14e+05 2.14e-04   0.0
      sub_86_I480 (cpl_timeout_logic_DW01_sub_981)
                                          0.000    0.000 2.14e+05 2.14e-04   0.0
      sub_86_I890 (cpl_timeout_logic_DW01_sub_980)
                                          0.000    0.000 2.14e+05 2.14e-04   0.0
      sub_86_I958 (cpl_timeout_logic_DW01_sub_979)
                                          0.000    0.000 2.15e+05 2.15e-04   0.0
      sub_86_I58 (cpl_timeout_logic_DW01_sub_978)
                                          0.000    0.000 2.14e+05 2.14e-04   0.0
      sub_86_I927 (cpl_timeout_logic_DW01_sub_977)
                                          0.000    0.000 2.14e+05 2.14e-04   0.0
      sub_86_I416 (cpl_timeout_logic_DW01_sub_976)
                                          0.000    0.000 2.14e+05 2.14e-04   0.0
      sub_86_I675 (cpl_timeout_logic_DW01_sub_975)
                                          0.000    0.000 2.14e+05 2.14e-04   0.0
      sub_86_I86 (cpl_timeout_logic_DW01_sub_974)
                                          0.000    0.000 2.14e+05 2.14e-04   0.0
      sub_86_I494 (cpl_timeout_logic_DW01_sub_973)
                                          0.000    0.000 2.14e+05 2.14e-04   0.0
      sub_86_I396 (cpl_timeout_logic_DW01_sub_972)
                                          0.000    0.000 2.14e+05 2.14e-04   0.0
      sub_86_I809 (cpl_timeout_logic_DW01_sub_971)
                                          0.000    0.000 2.14e+05 2.14e-04   0.0
      sub_86_I280 (cpl_timeout_logic_DW01_sub_970)
                                          0.000    0.000 2.14e+05 2.14e-04   0.0
      sub_86_I399 (cpl_timeout_logic_DW01_sub_969)
                                          0.000    0.000 2.14e+05 2.14e-04   0.0
      sub_86_I760 (cpl_timeout_logic_DW01_sub_968)
                                          0.000    0.000 2.14e+05 2.14e-04   0.0
      sub_86_I989 (cpl_timeout_logic_DW01_sub_967)
                                          0.000    0.000 2.15e+05 2.15e-04   0.0
      sub_86_I762 (cpl_timeout_logic_DW01_sub_966)
                                          0.000    0.000 2.14e+05 2.14e-04   0.0
      sub_86_I35 (cpl_timeout_logic_DW01_sub_965)
                                          0.000    0.000 2.14e+05 2.14e-04   0.0
      sub_86_I614 (cpl_timeout_logic_DW01_sub_964)
                                          0.000    0.000 2.14e+05 2.14e-04   0.0
      sub_86_I576 (cpl_timeout_logic_DW01_sub_963)
                                          0.000    0.000 2.14e+05 2.14e-04   0.0
      sub_86_I249 (cpl_timeout_logic_DW01_sub_962)
                                          0.000    0.000 2.14e+05 2.14e-04   0.0
      sub_86_I507 (cpl_timeout_logic_DW01_sub_961)
                                          0.000    0.000 2.14e+05 2.14e-04   0.0
      sub_86_I649 (cpl_timeout_logic_DW01_sub_960)
                                          0.000    0.000 2.14e+05 2.14e-04   0.0
      sub_86_I8 (cpl_timeout_logic_DW01_sub_959)
                                          0.000    0.000 2.14e+05 2.14e-04   0.0
      sub_86_I390 (cpl_timeout_logic_DW01_sub_958)
                                          0.000    0.000 2.14e+05 2.14e-04   0.0
      sub_86_I532 (cpl_timeout_logic_DW01_sub_957)
                                          0.000    0.000 2.14e+05 2.14e-04   0.0
      sub_86_I379 (cpl_timeout_logic_DW01_sub_956)
                                          0.000    0.000 2.14e+05 2.14e-04   0.0
      sub_86_I248 (cpl_timeout_logic_DW01_sub_955)
                                          0.000    0.000 2.14e+05 2.14e-04   0.0
      sub_86_I21 (cpl_timeout_logic_DW01_sub_954)
                                          0.000    0.000 2.14e+05 2.14e-04   0.0
      sub_86_I793 (cpl_timeout_logic_DW01_sub_953)
                                          0.000    0.000 2.14e+05 2.14e-04   0.0
      sub_86_I884 (cpl_timeout_logic_DW01_sub_952)
                                          0.000    0.000 2.14e+05 2.14e-04   0.0
      sub_86_I103 (cpl_timeout_logic_DW01_sub_951)
                                          0.000    0.000 2.14e+05 2.14e-04   0.0
      sub_86_I934 (cpl_timeout_logic_DW01_sub_950)
                                          0.000    0.000 2.14e+05 2.14e-04   0.0
      sub_86_I919 (cpl_timeout_logic_DW01_sub_949)
                                          0.000    0.000 2.14e+05 2.14e-04   0.0
      sub_86_I646 (cpl_timeout_logic_DW01_sub_948)
                                          0.000    0.000 2.14e+05 2.14e-04   0.0
      sub_86_I304 (cpl_timeout_logic_DW01_sub_947)
                                          0.000    0.000 2.14e+05 2.14e-04   0.0
      sub_86_I413 (cpl_timeout_logic_DW01_sub_946)
                                          0.000    0.000 2.14e+05 2.14e-04   0.0
      sub_86_I875 (cpl_timeout_logic_DW01_sub_945)
                                          0.000    0.000 2.14e+05 2.14e-04   0.0
      sub_86_I455 (cpl_timeout_logic_DW01_sub_944)
                                          0.000    0.000 2.14e+05 2.14e-04   0.0
      sub_86_I537 (cpl_timeout_logic_DW01_sub_943)
                                          0.000    0.000 2.14e+05 2.14e-04   0.0
      sub_86_I284 (cpl_timeout_logic_DW01_sub_942)
                                          0.000    0.000 2.14e+05 2.14e-04   0.0
      sub_86_I277 (cpl_timeout_logic_DW01_sub_941)
                                          0.000    0.000 2.14e+05 2.14e-04   0.0
      sub_86_I447 (cpl_timeout_logic_DW01_sub_940)
                                          0.000    0.000 2.14e+05 2.14e-04   0.0
      sub_86_I524 (cpl_timeout_logic_DW01_sub_939)
                                          0.000    0.000 2.14e+05 2.14e-04   0.0
      sub_86_I640 (cpl_timeout_logic_DW01_sub_938)
                                          0.000    0.000 2.14e+05 2.14e-04   0.0
      sub_86_I785 (cpl_timeout_logic_DW01_sub_937)
                                          0.000    0.000 2.14e+05 2.14e-04   0.0
      sub_86_I55 (cpl_timeout_logic_DW01_sub_936)
                                          0.000    0.000 2.14e+05 2.14e-04   0.0
      sub_86_I183 (cpl_timeout_logic_DW01_sub_935)
                                          0.000    0.000 2.14e+05 2.14e-04   0.0
      sub_86_I1021 (cpl_timeout_logic_DW01_sub_934)
                                          0.000    0.000 2.17e+05 2.17e-04   0.0
      sub_86_I2 (cpl_timeout_logic_DW01_sub_933)
                                          0.000    0.000 2.14e+05 2.14e-04   0.0
      sub_86_I136 (cpl_timeout_logic_DW01_sub_932)
                                          0.000    0.000 2.14e+05 2.14e-04   0.0
      sub_86_I225 (cpl_timeout_logic_DW01_sub_931)
                                          0.000    0.000 2.14e+05 2.14e-04   0.0
      sub_86_I792 (cpl_timeout_logic_DW01_sub_930)
                                          0.000    0.000 2.14e+05 2.14e-04   0.0
      sub_86_I707 (cpl_timeout_logic_DW01_sub_929)
                                          0.000    0.000 2.14e+05 2.14e-04   0.0
      sub_86_I689 (cpl_timeout_logic_DW01_sub_928)
                                          0.000    0.000 2.14e+05 2.14e-04   0.0
      sub_86_I733 (cpl_timeout_logic_DW01_sub_927)
                                          0.000    0.000 2.14e+05 2.14e-04   0.0
      sub_86_I315 (cpl_timeout_logic_DW01_sub_926)
                                          0.000    0.000 2.14e+05 2.14e-04   0.0
      sub_86_I213 (cpl_timeout_logic_DW01_sub_925)
                                          0.000    0.000 2.14e+05 2.14e-04   0.0
      sub_86_I381 (cpl_timeout_logic_DW01_sub_924)
                                          0.000    0.000 2.14e+05 2.14e-04   0.0
      sub_86_I925 (cpl_timeout_logic_DW01_sub_923)
                                          0.000    0.000 2.14e+05 2.14e-04   0.0
      sub_86_I533 (cpl_timeout_logic_DW01_sub_922)
                                          0.000    0.000 2.14e+05 2.14e-04   0.0
      sub_86_I528 (cpl_timeout_logic_DW01_sub_921)
                                          0.000    0.000 2.14e+05 2.14e-04   0.0
      sub_86_I686 (cpl_timeout_logic_DW01_sub_920)
                                          0.000    0.000 2.14e+05 2.14e-04   0.0
      sub_86_I779 (cpl_timeout_logic_DW01_sub_919)
                                          0.000    0.000 2.14e+05 2.14e-04   0.0
      sub_86_I891 (cpl_timeout_logic_DW01_sub_918)
                                          0.000    0.000 2.14e+05 2.14e-04   0.0
      sub_86_I623 (cpl_timeout_logic_DW01_sub_917)
                                          0.000    0.000 2.14e+05 2.14e-04   0.0
      sub_86_I815 (cpl_timeout_logic_DW01_sub_916)
                                          0.000    0.000 2.14e+05 2.14e-04   0.0
      sub_86_I473 (cpl_timeout_logic_DW01_sub_915)
                                          0.000    0.000 2.14e+05 2.14e-04   0.0
      sub_86_I740 (cpl_timeout_logic_DW01_sub_914)
                                          0.000    0.000 2.14e+05 2.14e-04   0.0
      sub_86_I982 (cpl_timeout_logic_DW01_sub_913)
                                          0.000    0.000 2.16e+05 2.16e-04   0.0
      sub_86_I434 (cpl_timeout_logic_DW01_sub_912)
                                          0.000    0.000 2.14e+05 2.14e-04   0.0
      sub_86_I1008 (cpl_timeout_logic_DW01_sub_911)
                                          0.000    0.000 2.15e+05 2.15e-04   0.0
      sub_86_I345 (cpl_timeout_logic_DW01_sub_910)
                                          0.000    0.000 2.14e+05 2.14e-04   0.0
      sub_86_I897 (cpl_timeout_logic_DW01_sub_909)
                                          0.000    0.000 2.14e+05 2.14e-04   0.0
      sub_86_I491 (cpl_timeout_logic_DW01_sub_908)
                                          0.000    0.000 2.14e+05 2.14e-04   0.0
      sub_86_I720 (cpl_timeout_logic_DW01_sub_907)
                                          0.000    0.000 2.14e+05 2.14e-04   0.0
      sub_86_I442 (cpl_timeout_logic_DW01_sub_906)
                                          0.000    0.000 2.14e+05 2.14e-04   0.0
      sub_86_I521 (cpl_timeout_logic_DW01_sub_905)
                                          0.000    0.000 2.14e+05 2.14e-04   0.0
      sub_86_I883 (cpl_timeout_logic_DW01_sub_904)
                                          0.000    0.000 2.14e+05 2.14e-04   0.0
      sub_86_I477 (cpl_timeout_logic_DW01_sub_903)
                                          0.000    0.000 2.14e+05 2.14e-04   0.0
      sub_86_I100 (cpl_timeout_logic_DW01_sub_902)
                                          0.000    0.000 2.14e+05 2.14e-04   0.0
      sub_86_I418 (cpl_timeout_logic_DW01_sub_901)
                                          0.000    0.000 2.14e+05 2.14e-04   0.0
      sub_86_I186 (cpl_timeout_logic_DW01_sub_900)
                                          0.000    0.000 2.14e+05 2.14e-04   0.0
      sub_86_I143 (cpl_timeout_logic_DW01_sub_899)
                                          0.000    0.000 2.14e+05 2.14e-04   0.0
      sub_86_I841 (cpl_timeout_logic_DW01_sub_898)
                                          0.000    0.000 2.14e+05 2.14e-04   0.0
      sub_86_I133 (cpl_timeout_logic_DW01_sub_897)
                                          0.000    0.000 2.14e+05 2.14e-04   0.0
      sub_86_I164 (cpl_timeout_logic_DW01_sub_896)
                                          0.000    0.000 2.14e+05 2.14e-04   0.0
      sub_86_I557 (cpl_timeout_logic_DW01_sub_895)
                                          0.000    0.000 2.14e+05 2.14e-04   0.0
      sub_86_I140 (cpl_timeout_logic_DW01_sub_894)
                                          0.000    0.000 2.14e+05 2.14e-04   0.0
      sub_86_I305 (cpl_timeout_logic_DW01_sub_893)
                                          0.000    0.000 2.14e+05 2.14e-04   0.0
      sub_86_I271 (cpl_timeout_logic_DW01_sub_892)
                                          0.000    0.000 2.14e+05 2.14e-04   0.0
      sub_86_I220 (cpl_timeout_logic_DW01_sub_891)
                                          0.000    0.000 2.14e+05 2.14e-04   0.0
      sub_86_I662 (cpl_timeout_logic_DW01_sub_890)
                                          0.000    0.000 2.14e+05 2.14e-04   0.0
      sub_86_I120 (cpl_timeout_logic_DW01_sub_889)
                                          0.000    0.000 2.14e+05 2.14e-04   0.0
      sub_86_I139 (cpl_timeout_logic_DW01_sub_888)
                                          0.000    0.000 2.14e+05 2.14e-04   0.0
      sub_86_I299 (cpl_timeout_logic_DW01_sub_887)
                                          0.000    0.000 2.14e+05 2.14e-04   0.0
      sub_86_I804 (cpl_timeout_logic_DW01_sub_886)
                                          0.000    0.000 2.14e+05 2.14e-04   0.0
      sub_86_I790 (cpl_timeout_logic_DW01_sub_885)
                                          0.000    0.000 2.14e+05 2.14e-04   0.0
      sub_86_I872 (cpl_timeout_logic_DW01_sub_884)
                                          0.000    0.000 2.14e+05 2.14e-04   0.0
      sub_86_I901 (cpl_timeout_logic_DW01_sub_883)
                                          0.000    0.000 2.14e+05 2.14e-04   0.0
      sub_86_I839 (cpl_timeout_logic_DW01_sub_882)
                                          0.000    0.000 2.14e+05 2.14e-04   0.0
      sub_86_I106 (cpl_timeout_logic_DW01_sub_881)
                                          0.000    0.000 2.14e+05 2.14e-04   0.0
      sub_86_I137 (cpl_timeout_logic_DW01_sub_880)
                                          0.000    0.000 2.14e+05 2.14e-04   0.0
      sub_86_I671 (cpl_timeout_logic_DW01_sub_879)
                                          0.000    0.000 2.14e+05 2.14e-04   0.0
      sub_86_I857 (cpl_timeout_logic_DW01_sub_878)
                                          0.000    0.000 2.14e+05 2.14e-04   0.0
      sub_86_I820 (cpl_timeout_logic_DW01_sub_877)
                                          0.000    0.000 2.14e+05 2.14e-04   0.0
      sub_86_I410 (cpl_timeout_logic_DW01_sub_876)
                                          0.000    0.000 2.14e+05 2.14e-04   0.0
      sub_86_I157 (cpl_timeout_logic_DW01_sub_875)
                                          0.000    0.000 2.14e+05 2.14e-04   0.0
      sub_86_I346 (cpl_timeout_logic_DW01_sub_874)
                                          0.000    0.000 2.14e+05 2.14e-04   0.0
      sub_86_I669 (cpl_timeout_logic_DW01_sub_873)
                                          0.000    0.000 2.14e+05 2.14e-04   0.0
      sub_86_I584 (cpl_timeout_logic_DW01_sub_872)
                                          0.000    0.000 2.14e+05 2.14e-04   0.0
      sub_86_I240 (cpl_timeout_logic_DW01_sub_871)
                                          0.000    0.000 2.14e+05 2.14e-04   0.0
      sub_86_I119 (cpl_timeout_logic_DW01_sub_870)
                                          0.000    0.000 2.14e+05 2.14e-04   0.0
      sub_86_I652 (cpl_timeout_logic_DW01_sub_869)
                                          0.000    0.000 2.14e+05 2.14e-04   0.0
      sub_86_I892 (cpl_timeout_logic_DW01_sub_868)
                                          0.000    0.000 2.14e+05 2.14e-04   0.0
      sub_86_I282 (cpl_timeout_logic_DW01_sub_867)
                                          0.000    0.000 2.14e+05 2.14e-04   0.0
      sub_86_I616 (cpl_timeout_logic_DW01_sub_866)
                                          0.000    0.000 2.14e+05 2.14e-04   0.0
      sub_86_I844 (cpl_timeout_logic_DW01_sub_865)
                                          0.000    0.000 2.14e+05 2.14e-04   0.0
      sub_86_I476 (cpl_timeout_logic_DW01_sub_864)
                                          0.000    0.000 2.14e+05 2.14e-04   0.0
      sub_86_I127 (cpl_timeout_logic_DW01_sub_863)
                                          0.000    0.000 2.14e+05 2.14e-04   0.0
      sub_86_I517 (cpl_timeout_logic_DW01_sub_862)
                                          0.000    0.000 2.14e+05 2.14e-04   0.0
      sub_86_I383 (cpl_timeout_logic_DW01_sub_861)
                                          0.000    0.000 2.14e+05 2.14e-04   0.0
      sub_86_I363 (cpl_timeout_logic_DW01_sub_860)
                                          0.000    0.000 2.14e+05 2.14e-04   0.0
      sub_86_I806 (cpl_timeout_logic_DW01_sub_859)
                                          0.000    0.000 2.14e+05 2.14e-04   0.0
      sub_86_I654 (cpl_timeout_logic_DW01_sub_858)
                                          0.000    0.000 2.14e+05 2.14e-04   0.0
      sub_86_I285 (cpl_timeout_logic_DW01_sub_857)
                                          0.000    0.000 2.14e+05 2.14e-04   0.0
      sub_86_I138 (cpl_timeout_logic_DW01_sub_856)
                                          0.000    0.000 2.14e+05 2.14e-04   0.0
      sub_86_I780 (cpl_timeout_logic_DW01_sub_855)
                                          0.000    0.000 2.14e+05 2.14e-04   0.0
      sub_86_I996 (cpl_timeout_logic_DW01_sub_854)
                                          0.000    0.000 2.15e+05 2.15e-04   0.0
      sub_86_I361 (cpl_timeout_logic_DW01_sub_853)
                                          0.000    0.000 2.14e+05 2.14e-04   0.0
      sub_86_I470 (cpl_timeout_logic_DW01_sub_852)
                                          0.000    0.000 2.14e+05 2.14e-04   0.0
      sub_86_I49 (cpl_timeout_logic_DW01_sub_851)
                                          0.000    0.000 2.14e+05 2.14e-04   0.0
      sub_86_I691 (cpl_timeout_logic_DW01_sub_850)
                                          0.000    0.000 2.14e+05 2.14e-04   0.0
      sub_86_I798 (cpl_timeout_logic_DW01_sub_849)
                                          0.000    0.000 2.14e+05 2.14e-04   0.0
      sub_86_I565 (cpl_timeout_logic_DW01_sub_848)
                                          0.000    0.000 2.14e+05 2.14e-04   0.0
      sub_86_I420 (cpl_timeout_logic_DW01_sub_847)
                                          0.000    0.000 2.14e+05 2.14e-04   0.0
      sub_86_I522 (cpl_timeout_logic_DW01_sub_846)
                                          0.000    0.000 2.14e+05 2.14e-04   0.0
      sub_86_I466 (cpl_timeout_logic_DW01_sub_845)
                                          0.000    0.000 2.14e+05 2.14e-04   0.0
      sub_86_I278 (cpl_timeout_logic_DW01_sub_844)
                                          0.000    0.000 2.14e+05 2.14e-04   0.0
      sub_86_I70 (cpl_timeout_logic_DW01_sub_843)
                                          0.000    0.000 2.14e+05 2.14e-04   0.0
      sub_86_I123 (cpl_timeout_logic_DW01_sub_842)
                                          0.000    0.000 2.14e+05 2.14e-04   0.0
      sub_86_I946 (cpl_timeout_logic_DW01_sub_841)
                                          0.000    0.000 2.15e+05 2.15e-04   0.0
      sub_86_I567 (cpl_timeout_logic_DW01_sub_840)
                                          0.000    0.000 2.14e+05 2.14e-04   0.0
      sub_86_I409 (cpl_timeout_logic_DW01_sub_839)
                                          0.000    0.000 2.14e+05 2.14e-04   0.0
      sub_86_I856 (cpl_timeout_logic_DW01_sub_838)
                                          0.000    0.000 2.14e+05 2.14e-04   0.0
      sub_86_I261 (cpl_timeout_logic_DW01_sub_837)
                                          0.000    0.000 2.14e+05 2.14e-04   0.0
      sub_86_I637 (cpl_timeout_logic_DW01_sub_836)
                                          0.000    0.000 2.14e+05 2.14e-04   0.0
      sub_86_I272 (cpl_timeout_logic_DW01_sub_835)
                                          0.000    0.000 2.14e+05 2.14e-04   0.0
      sub_86_I932 (cpl_timeout_logic_DW01_sub_834)
                                          0.000    0.000 2.14e+05 2.14e-04   0.0
      sub_86_I1006 (cpl_timeout_logic_DW01_sub_833)
                                          0.000    0.000 2.15e+05 2.15e-04   0.0
      sub_86_I843 (cpl_timeout_logic_DW01_sub_832)
                                          0.000    0.000 2.14e+05 2.14e-04   0.0
      sub_86_I904 (cpl_timeout_logic_DW01_sub_831)
                                          0.000    0.000 2.14e+05 2.14e-04   0.0
      sub_86_I203 (cpl_timeout_logic_DW01_sub_830)
                                          0.000    0.000 2.14e+05 2.14e-04   0.0
      sub_86_I153 (cpl_timeout_logic_DW01_sub_829)
                                          0.000    0.000 2.14e+05 2.14e-04   0.0
      sub_86_I641 (cpl_timeout_logic_DW01_sub_828)
                                          0.000    0.000 2.14e+05 2.14e-04   0.0
      sub_86_I908 (cpl_timeout_logic_DW01_sub_827)
                                          0.000    0.000 2.14e+05 2.14e-04   0.0
      sub_86_I741 (cpl_timeout_logic_DW01_sub_826)
                                          0.000    0.000 2.14e+05 2.14e-04   0.0
      sub_86_I1012 (cpl_timeout_logic_DW01_sub_825)
                                          0.000    0.000 2.15e+05 2.15e-04   0.0
      sub_86_I128 (cpl_timeout_logic_DW01_sub_824)
                                          0.000    0.000 2.14e+05 2.14e-04   0.0
      sub_86_I575 (cpl_timeout_logic_DW01_sub_823)
                                          0.000    0.000 2.14e+05 2.14e-04   0.0
      sub_86_I230 (cpl_timeout_logic_DW01_sub_822)
                                          0.000    0.000 2.14e+05 2.14e-04   0.0
      sub_86_I510 (cpl_timeout_logic_DW01_sub_821)
                                          0.000    0.000 2.14e+05 2.14e-04   0.0
      sub_86_I453 (cpl_timeout_logic_DW01_sub_820)
                                          0.000    0.000 2.14e+05 2.14e-04   0.0
      sub_86_I209 (cpl_timeout_logic_DW01_sub_819)
                                          0.000    0.000 2.14e+05 2.14e-04   0.0
      sub_86_I81 (cpl_timeout_logic_DW01_sub_818)
                                          0.000    0.000 2.14e+05 2.14e-04   0.0
      sub_86_I235 (cpl_timeout_logic_DW01_sub_817)
                                          0.000    0.000 2.14e+05 2.14e-04   0.0
      sub_86_I287 (cpl_timeout_logic_DW01_sub_816)
                                          0.000    0.000 2.14e+05 2.14e-04   0.0
      sub_86_I147 (cpl_timeout_logic_DW01_sub_815)
                                          0.000    0.000 2.14e+05 2.14e-04   0.0
      sub_86_I199 (cpl_timeout_logic_DW01_sub_814)
                                          0.000    0.000 2.14e+05 2.14e-04   0.0
      sub_86_I385 (cpl_timeout_logic_DW01_sub_813)
                                          0.000    0.000 2.14e+05 2.14e-04   0.0
      sub_86_I550 (cpl_timeout_logic_DW01_sub_812)
                                          0.000    0.000 2.14e+05 2.14e-04   0.0
      sub_86_I1016 (cpl_timeout_logic_DW01_sub_811)
                                          0.000    0.000 2.15e+05 2.15e-04   0.0
      sub_86_I259 (cpl_timeout_logic_DW01_sub_810)
                                          0.000    0.000 2.14e+05 2.14e-04   0.0
      sub_86_I617 (cpl_timeout_logic_DW01_sub_809)
                                          0.000    0.000 2.14e+05 2.14e-04   0.0
      sub_86_I433 (cpl_timeout_logic_DW01_sub_808)
                                          0.000    0.000 2.14e+05 2.14e-04   0.0
      sub_86_I705 (cpl_timeout_logic_DW01_sub_807)
                                          0.000    0.000 2.14e+05 2.14e-04   0.0
      sub_86_I516 (cpl_timeout_logic_DW01_sub_806)
                                          0.000    0.000 2.14e+05 2.14e-04   0.0
      sub_86_I465 (cpl_timeout_logic_DW01_sub_805)
                                          0.000    0.000 2.14e+05 2.14e-04   0.0
      sub_86_I296 (cpl_timeout_logic_DW01_sub_804)
                                          0.000    0.000 2.14e+05 2.14e-04   0.0
      sub_86_I729 (cpl_timeout_logic_DW01_sub_803)
                                          0.000    0.000 2.14e+05 2.14e-04   0.0
      sub_86_I499 (cpl_timeout_logic_DW01_sub_802)
                                          0.000    0.000 2.14e+05 2.14e-04   0.0
      sub_86_I602 (cpl_timeout_logic_DW01_sub_801)
                                          0.000    0.000 2.14e+05 2.14e-04   0.0
      sub_86_I592 (cpl_timeout_logic_DW01_sub_800)
                                          0.000    0.000 2.14e+05 2.14e-04   0.0
      sub_86_I579 (cpl_timeout_logic_DW01_sub_799)
                                          0.000    0.000 2.14e+05 2.14e-04   0.0
      sub_86_I54 (cpl_timeout_logic_DW01_sub_798)
                                          0.000    0.000 2.14e+05 2.14e-04   0.0
      sub_86_I263 (cpl_timeout_logic_DW01_sub_797)
                                          0.000    0.000 2.14e+05 2.14e-04   0.0
      sub_86_I469 (cpl_timeout_logic_DW01_sub_796)
                                          0.000    0.000 2.14e+05 2.14e-04   0.0
      sub_86_I728 (cpl_timeout_logic_DW01_sub_795)
                                          0.000    0.000 2.14e+05 2.14e-04   0.0
      sub_86_I16 (cpl_timeout_logic_DW01_sub_794)
                                          0.000    0.000 2.14e+05 2.14e-04   0.0
      sub_86_I812 (cpl_timeout_logic_DW01_sub_793)
                                          0.000    0.000 2.14e+05 2.14e-04   0.0
      sub_86_I836 (cpl_timeout_logic_DW01_sub_792)
                                          0.000    0.000 2.14e+05 2.14e-04   0.0
      sub_86_I90 (cpl_timeout_logic_DW01_sub_791)
                                          0.000    0.000 2.14e+05 2.14e-04   0.0
      sub_86_I554 (cpl_timeout_logic_DW01_sub_790)
                                          0.000    0.000 2.14e+05 2.14e-04   0.0
      sub_86_I968 (cpl_timeout_logic_DW01_sub_789)
                                          0.000    0.000 2.15e+05 2.15e-04   0.0
      sub_86_I571 (cpl_timeout_logic_DW01_sub_788)
                                          0.000    0.000 2.14e+05 2.14e-04   0.0
      sub_86_I247 (cpl_timeout_logic_DW01_sub_787)
                                          0.000    0.000 2.14e+05 2.14e-04   0.0
      sub_86_I428 (cpl_timeout_logic_DW01_sub_786)
                                          0.000    0.000 2.14e+05 2.14e-04   0.0
      sub_86_I696 (cpl_timeout_logic_DW01_sub_785)
                                          0.000    0.000 2.14e+05 2.14e-04   0.0
      sub_86_I388 (cpl_timeout_logic_DW01_sub_784)
                                          0.000    0.000 2.14e+05 2.14e-04   0.0
      sub_86_I991 (cpl_timeout_logic_DW01_sub_783)
                                          0.000    0.000 2.15e+05 2.15e-04   0.0
      sub_86_I27 (cpl_timeout_logic_DW01_sub_782)
                                          0.000    0.000 2.14e+05 2.14e-04   0.0
      sub_86_I134 (cpl_timeout_logic_DW01_sub_781)
                                          0.000    0.000 2.14e+05 2.14e-04   0.0
      sub_86_I162 (cpl_timeout_logic_DW01_sub_780)
                                          0.000    0.000 2.14e+05 2.14e-04   0.0
      sub_86_I456 (cpl_timeout_logic_DW01_sub_779)
                                          0.000    0.000 2.14e+05 2.14e-04   0.0
      sub_86_I752 (cpl_timeout_logic_DW01_sub_778)
                                          0.000    0.000 2.14e+05 2.14e-04   0.0
      sub_86_I558 (cpl_timeout_logic_DW01_sub_777)
                                          0.000    0.000 2.14e+05 2.14e-04   0.0
      sub_86_I126 (cpl_timeout_logic_DW01_sub_776)
                                          0.000    0.000 2.14e+05 2.14e-04   0.0
      sub_86_I184 (cpl_timeout_logic_DW01_sub_775)
                                          0.000    0.000 2.14e+05 2.14e-04   0.0
      sub_86_I306 (cpl_timeout_logic_DW01_sub_774)
                                          0.000    0.000 2.14e+05 2.14e-04   0.0
      sub_86_I498 (cpl_timeout_logic_DW01_sub_773)
                                          0.000    0.000 2.14e+05 2.14e-04   0.0
      sub_86_I294 (cpl_timeout_logic_DW01_sub_772)
                                          0.000    0.000 2.14e+05 2.14e-04   0.0
      sub_86_I292 (cpl_timeout_logic_DW01_sub_771)
                                          0.000    0.000 2.14e+05 2.14e-04   0.0
      sub_86_I436 (cpl_timeout_logic_DW01_sub_770)
                                          0.000    0.000 2.14e+05 2.14e-04   0.0
      sub_86_I590 (cpl_timeout_logic_DW01_sub_769)
                                          0.000    0.000 2.14e+05 2.14e-04   0.0
      sub_86_I17 (cpl_timeout_logic_DW01_sub_768)
                                          0.000    0.000 2.14e+05 2.14e-04   0.0
      sub_86_I446 (cpl_timeout_logic_DW01_sub_767)
                                          0.000    0.000 2.14e+05 2.14e-04   0.0
      sub_86_I538 (cpl_timeout_logic_DW01_sub_766)
                                          0.000    0.000 2.14e+05 2.14e-04   0.0
      sub_86_I885 (cpl_timeout_logic_DW01_sub_765)
                                          0.000    0.000 2.14e+05 2.14e-04   0.0
      sub_86_I601 (cpl_timeout_logic_DW01_sub_764)
                                          0.000    0.000 2.14e+05 2.14e-04   0.0
      sub_86_I45 (cpl_timeout_logic_DW01_sub_763)
                                          0.000    0.000 2.14e+05 2.14e-04   0.0
      sub_86_I356 (cpl_timeout_logic_DW01_sub_762)
                                          0.000    0.000 2.14e+05 2.14e-04   0.0
      sub_86_I289 (cpl_timeout_logic_DW01_sub_761)
                                          0.000    0.000 2.14e+05 2.14e-04   0.0
      sub_86_I76 (cpl_timeout_logic_DW01_sub_760)
                                          0.000    0.000 2.14e+05 2.14e-04   0.0
      sub_86_I1024 (cpl_timeout_logic_DW01_sub_759)
                                          0.000    0.000 2.17e+05 2.17e-04   0.0
      sub_86_I22 (cpl_timeout_logic_DW01_sub_758)
                                          0.000    0.000 2.14e+05 2.14e-04   0.0
      sub_86_I692 (cpl_timeout_logic_DW01_sub_757)
                                          0.000    0.000 2.14e+05 2.14e-04   0.0
      sub_86_I335 (cpl_timeout_logic_DW01_sub_756)
                                          0.000    0.000 2.14e+05 2.14e-04   0.0
      sub_86_I129 (cpl_timeout_logic_DW01_sub_755)
                                          0.000    0.000 2.14e+05 2.14e-04   0.0
      sub_86_I24 (cpl_timeout_logic_DW01_sub_754)
                                          0.000    0.000 2.14e+05 2.14e-04   0.0
      sub_86_I724 (cpl_timeout_logic_DW01_sub_753)
                                          0.000    0.000 2.14e+05 2.14e-04   0.0
      sub_86_I781 (cpl_timeout_logic_DW01_sub_752)
                                          0.000    0.000 2.14e+05 2.14e-04   0.0
      sub_86_I949 (cpl_timeout_logic_DW01_sub_751)
                                          0.000    0.000 2.15e+05 2.15e-04   0.0
      sub_86_I47 (cpl_timeout_logic_DW01_sub_750)
                                          0.000    0.000 2.14e+05 2.14e-04   0.0
      sub_86_I776 (cpl_timeout_logic_DW01_sub_749)
                                          0.000    0.000 2.14e+05 2.14e-04   0.0
      sub_86_I1007 (cpl_timeout_logic_DW01_sub_748)
                                          0.000    0.000 2.15e+05 2.15e-04   0.0
      sub_86_I735 (cpl_timeout_logic_DW01_sub_747)
                                          0.000    0.000 2.14e+05 2.14e-04   0.0
      sub_86_I389 (cpl_timeout_logic_DW01_sub_746)
                                          0.000    0.000 2.14e+05 2.14e-04   0.0
      sub_86_I402 (cpl_timeout_logic_DW01_sub_745)
                                          0.000    0.000 2.14e+05 2.14e-04   0.0
      sub_86_I711 (cpl_timeout_logic_DW01_sub_744)
                                          0.000    0.000 2.14e+05 2.14e-04   0.0
      sub_86_I542 (cpl_timeout_logic_DW01_sub_743)
                                          0.000    0.000 2.14e+05 2.14e-04   0.0
      sub_86_I254 (cpl_timeout_logic_DW01_sub_742)
                                          0.000    0.000 2.14e+05 2.14e-04   0.0
      sub_86_I262 (cpl_timeout_logic_DW01_sub_741)
                                          0.000    0.000 2.14e+05 2.14e-04   0.0
      sub_86_I404 (cpl_timeout_logic_DW01_sub_740)
                                          0.000    0.000 2.14e+05 2.14e-04   0.0
      sub_86_I170 (cpl_timeout_logic_DW01_sub_739)
                                          0.000    0.000 2.14e+05 2.14e-04   0.0
      sub_86_I894 (cpl_timeout_logic_DW01_sub_738)
                                          0.000    0.000 2.14e+05 2.14e-04   0.0
      sub_86_I169 (cpl_timeout_logic_DW01_sub_737)
                                          0.000    0.000 2.14e+05 2.14e-04   0.0
      sub_86_I546 (cpl_timeout_logic_DW01_sub_736)
                                          0.000    0.000 2.14e+05 2.14e-04   0.0
      sub_86_I887 (cpl_timeout_logic_DW01_sub_735)
                                          0.000    0.000 2.14e+05 2.14e-04   0.0
      sub_86_I869 (cpl_timeout_logic_DW01_sub_734)
                                          0.000    0.000 2.14e+05 2.14e-04   0.0
      sub_86_I595 (cpl_timeout_logic_DW01_sub_733)
                                          0.000    0.000 2.14e+05 2.14e-04   0.0
      sub_86_I913 (cpl_timeout_logic_DW01_sub_732)
                                          0.000    0.000 2.14e+05 2.14e-04   0.0
      sub_86_I391 (cpl_timeout_logic_DW01_sub_731)
                                          0.000    0.000 2.14e+05 2.14e-04   0.0
      sub_86_I797 (cpl_timeout_logic_DW01_sub_730)
                                          0.000    0.000 2.14e+05 2.14e-04   0.0
      sub_86_I853 (cpl_timeout_logic_DW01_sub_729)
                                          0.000    0.000 2.14e+05 2.14e-04   0.0
      sub_86_I62 (cpl_timeout_logic_DW01_sub_728)
                                          0.000    0.000 2.14e+05 2.14e-04   0.0
      sub_86_I757 (cpl_timeout_logic_DW01_sub_727)
                                          0.000    0.000 2.14e+05 2.14e-04   0.0
      sub_86_I504 (cpl_timeout_logic_DW01_sub_726)
                                          0.000    0.000 2.14e+05 2.14e-04   0.0
      sub_86_I318 (cpl_timeout_logic_DW01_sub_725)
                                          0.000    0.000 2.14e+05 2.14e-04   0.0
      sub_86_I607 (cpl_timeout_logic_DW01_sub_724)
                                          0.000    0.000 2.14e+05 2.14e-04   0.0
      sub_86_I871 (cpl_timeout_logic_DW01_sub_723)
                                          0.000    0.000 2.14e+05 2.14e-04   0.0
      sub_86_I223 (cpl_timeout_logic_DW01_sub_722)
                                          0.000    0.000 2.14e+05 2.14e-04   0.0
      sub_86_I308 (cpl_timeout_logic_DW01_sub_721)
                                          0.000    0.000 2.14e+05 2.14e-04   0.0
      sub_86_I99 (cpl_timeout_logic_DW01_sub_720)
                                          0.000    0.000 2.14e+05 2.14e-04   0.0
      sub_86_I276 (cpl_timeout_logic_DW01_sub_719)
                                          0.000    0.000 2.14e+05 2.14e-04   0.0
      sub_86_I41 (cpl_timeout_logic_DW01_sub_718)
                                          0.000    0.000 2.14e+05 2.14e-04   0.0
      sub_86_I298 (cpl_timeout_logic_DW01_sub_717)
                                          0.000    0.000 2.14e+05 2.14e-04   0.0
      sub_86_I201 (cpl_timeout_logic_DW01_sub_716)
                                          0.000    0.000 2.14e+05 2.14e-04   0.0
      sub_86_I898 (cpl_timeout_logic_DW01_sub_715)
                                          0.000    0.000 2.14e+05 2.14e-04   0.0
      sub_86_I676 (cpl_timeout_logic_DW01_sub_714)
                                          0.000    0.000 2.14e+05 2.14e-04   0.0
      sub_86_I331 (cpl_timeout_logic_DW01_sub_713)
                                          0.000    0.000 2.14e+05 2.14e-04   0.0
      sub_86_I979 (cpl_timeout_logic_DW01_sub_712)
                                          0.000    0.000 2.15e+05 2.15e-04   0.0
      sub_86_I509 (cpl_timeout_logic_DW01_sub_711)
                                          0.000    0.000 2.14e+05 2.14e-04   0.0
      sub_86_I101 (cpl_timeout_logic_DW01_sub_710)
                                          0.000    0.000 2.14e+05 2.14e-04   0.0
      sub_86_I490 (cpl_timeout_logic_DW01_sub_709)
                                          0.000    0.000 2.14e+05 2.14e-04   0.0
      sub_86_I585 (cpl_timeout_logic_DW01_sub_708)
                                          0.000    0.000 2.14e+05 2.14e-04   0.0
      sub_86_I661 (cpl_timeout_logic_DW01_sub_707)
                                          0.000    0.000 2.14e+05 2.14e-04   0.0
      sub_86_I330 (cpl_timeout_logic_DW01_sub_706)
                                          0.000    0.000 2.14e+05 2.14e-04   0.0
      sub_86_I813 (cpl_timeout_logic_DW01_sub_705)
                                          0.000    0.000 2.14e+05 2.14e-04   0.0
      sub_86_I405 (cpl_timeout_logic_DW01_sub_704)
                                          0.000    0.000 2.14e+05 2.14e-04   0.0
      sub_86_I957 (cpl_timeout_logic_DW01_sub_703)
                                          0.000    0.000 2.15e+05 2.15e-04   0.0
      sub_86_I868 (cpl_timeout_logic_DW01_sub_702)
                                          0.000    0.000 2.14e+05 2.14e-04   0.0
      sub_86_I808 (cpl_timeout_logic_DW01_sub_701)
                                          0.000    0.000 2.14e+05 2.14e-04   0.0
      sub_86_I730 (cpl_timeout_logic_DW01_sub_700)
                                          0.000    0.000 2.14e+05 2.14e-04   0.0
      sub_86_I864 (cpl_timeout_logic_DW01_sub_699)
                                          0.000    0.000 2.14e+05 2.14e-04   0.0
      sub_86_I629 (cpl_timeout_logic_DW01_sub_698)
                                          0.000    0.000 2.14e+05 2.14e-04   0.0
      sub_86_I372 (cpl_timeout_logic_DW01_sub_697)
                                          0.000    0.000 2.14e+05 2.14e-04   0.0
      sub_86_I939 (cpl_timeout_logic_DW01_sub_696)
                                          0.000    0.000 2.15e+05 2.15e-04   0.0
      sub_86_I743 (cpl_timeout_logic_DW01_sub_695)
                                          0.000    0.000 2.14e+05 2.14e-04   0.0
      sub_86_I660 (cpl_timeout_logic_DW01_sub_694)
                                          0.000    0.000 2.14e+05 2.14e-04   0.0
      sub_86_I573 (cpl_timeout_logic_DW01_sub_693)
                                          0.000    0.000 2.14e+05 2.14e-04   0.0
      sub_86_I144 (cpl_timeout_logic_DW01_sub_692)
                                          0.000    0.000 2.14e+05 2.14e-04   0.0
      sub_86_I963 (cpl_timeout_logic_DW01_sub_691)
                                          0.000    0.000 2.15e+05 2.15e-04   0.0
      sub_86_I110 (cpl_timeout_logic_DW01_sub_690)
                                          0.000    0.000 2.14e+05 2.14e-04   0.0
      sub_86_I432 (cpl_timeout_logic_DW01_sub_689)
                                          0.000    0.000 2.14e+05 2.14e-04   0.0
      sub_86_I1009 (cpl_timeout_logic_DW01_sub_688)
                                          0.000    0.000 2.15e+05 2.15e-04   0.0
      sub_86_I438 (cpl_timeout_logic_DW01_sub_687)
                                          0.000    0.000 2.14e+05 2.14e-04   0.0
      sub_86_I929 (cpl_timeout_logic_DW01_sub_686)
                                          0.000    0.000 2.14e+05 2.14e-04   0.0
      sub_86_I862 (cpl_timeout_logic_DW01_sub_685)
                                          0.000    0.000 2.14e+05 2.14e-04   0.0
      sub_86_I26 (cpl_timeout_logic_DW01_sub_684)
                                          0.000    0.000 2.14e+05 2.14e-04   0.0
      sub_86_I833 (cpl_timeout_logic_DW01_sub_683)
                                          0.000    0.000 2.14e+05 2.14e-04   0.0
      sub_86_I484 (cpl_timeout_logic_DW01_sub_682)
                                          0.000    0.000 2.14e+05 2.14e-04   0.0
      sub_86_I553 (cpl_timeout_logic_DW01_sub_681)
                                          0.000    0.000 2.14e+05 2.14e-04   0.0
      sub_86_I819 (cpl_timeout_logic_DW01_sub_680)
                                          0.000    0.000 2.14e+05 2.14e-04   0.0
      sub_86_I257 (cpl_timeout_logic_DW01_sub_679)
                                          0.000    0.000 2.14e+05 2.14e-04   0.0
      sub_86_I44 (cpl_timeout_logic_DW01_sub_678)
                                          0.000    0.000 2.14e+05 2.14e-04   0.0
      sub_86_I167 (cpl_timeout_logic_DW01_sub_677)
                                          0.000    0.000 2.14e+05 2.14e-04   0.0
      sub_86_I827 (cpl_timeout_logic_DW01_sub_676)
                                          0.000    0.000 2.14e+05 2.14e-04   0.0
      sub_86_I842 (cpl_timeout_logic_DW01_sub_675)
                                          0.000    0.000 2.14e+05 2.14e-04   0.0
      sub_86_I722 (cpl_timeout_logic_DW01_sub_674)
                                          0.000    0.000 2.14e+05 2.14e-04   0.0
      sub_86_I915 (cpl_timeout_logic_DW01_sub_673)
                                          0.000    0.000 2.14e+05 2.14e-04   0.0
      sub_86_I309 (cpl_timeout_logic_DW01_sub_672)
                                          0.000    0.000 2.14e+05 2.14e-04   0.0
      sub_86_I302 (cpl_timeout_logic_DW01_sub_671)
                                          0.000    0.000 2.14e+05 2.14e-04   0.0
      sub_86_I990 (cpl_timeout_logic_DW01_sub_670)
                                          0.000    0.000 2.15e+05 2.15e-04   0.0
      sub_86_I519 (cpl_timeout_logic_DW01_sub_669)
                                          0.000    0.000 2.14e+05 2.14e-04   0.0
      sub_86_I374 (cpl_timeout_logic_DW01_sub_668)
                                          0.000    0.000 2.14e+05 2.14e-04   0.0
      sub_86_I589 (cpl_timeout_logic_DW01_sub_667)
                                          0.000    0.000 2.14e+05 2.14e-04   0.0
      sub_86_I926 (cpl_timeout_logic_DW01_sub_666)
                                          0.000    0.000 2.14e+05 2.14e-04   0.0
      sub_86_I931 (cpl_timeout_logic_DW01_sub_665)
                                          0.000    0.000 2.14e+05 2.14e-04   0.0
      sub_86_I485 (cpl_timeout_logic_DW01_sub_664)
                                          0.000    0.000 2.14e+05 2.14e-04   0.0
      sub_86_I936 (cpl_timeout_logic_DW01_sub_663)
                                          0.000    0.000 2.14e+05 2.14e-04   0.0
      sub_86_I889 (cpl_timeout_logic_DW01_sub_662)
                                          0.000    0.000 2.14e+05 2.14e-04   0.0
      sub_86_I854 (cpl_timeout_logic_DW01_sub_661)
                                          0.000    0.000 2.14e+05 2.14e-04   0.0
      sub_86_I450 (cpl_timeout_logic_DW01_sub_660)
                                          0.000    0.000 2.14e+05 2.14e-04   0.0
      sub_86_I638 (cpl_timeout_logic_DW01_sub_659)
                                          0.000    0.000 2.14e+05 2.14e-04   0.0
      sub_86_I699 (cpl_timeout_logic_DW01_sub_658)
                                          0.000    0.000 2.14e+05 2.14e-04   0.0
      sub_86_I767 (cpl_timeout_logic_DW01_sub_657)
                                          0.000    0.000 2.14e+05 2.14e-04   0.0
      sub_86_I893 (cpl_timeout_logic_DW01_sub_656)
                                          0.000    0.000 2.14e+05 2.14e-04   0.0
      sub_86_I850 (cpl_timeout_logic_DW01_sub_655)
                                          0.000    0.000 2.14e+05 2.14e-04   0.0
      sub_86_I807 (cpl_timeout_logic_DW01_sub_654)
                                          0.000    0.000 2.14e+05 2.14e-04   0.0
      sub_86_I624 (cpl_timeout_logic_DW01_sub_653)
                                          0.000    0.000 2.14e+05 2.14e-04   0.0
      sub_86_I731 (cpl_timeout_logic_DW01_sub_652)
                                          0.000    0.000 2.14e+05 2.14e-04   0.0
      sub_86_I11 (cpl_timeout_logic_DW01_sub_651)
                                          0.000    0.000 2.14e+05 2.14e-04   0.0
      sub_86_I6 (cpl_timeout_logic_DW01_sub_650)
                                          0.000    0.000 2.14e+05 2.14e-04   0.0
      sub_86_I36 (cpl_timeout_logic_DW01_sub_649)
                                          0.000    0.000 2.14e+05 2.14e-04   0.0
      sub_86_I393 (cpl_timeout_logic_DW01_sub_648)
                                          0.000    0.000 2.14e+05 2.14e-04   0.0
      sub_86_I142 (cpl_timeout_logic_DW01_sub_647)
                                          0.000    0.000 2.14e+05 2.14e-04   0.0
      sub_86_I116 (cpl_timeout_logic_DW01_sub_646)
                                          0.000    0.000 2.14e+05 2.14e-04   0.0
      sub_86_I328 (cpl_timeout_logic_DW01_sub_645)
                                          0.000    0.000 2.14e+05 2.14e-04   0.0
      sub_86_I266 (cpl_timeout_logic_DW01_sub_644)
                                          0.000    0.000 2.14e+05 2.14e-04   0.0
      sub_86_I540 (cpl_timeout_logic_DW01_sub_643)
                                          0.000    0.000 2.14e+05 2.14e-04   0.0
      sub_86_I774 (cpl_timeout_logic_DW01_sub_642)
                                          0.000    0.000 2.14e+05 2.14e-04   0.0
      sub_86_I174 (cpl_timeout_logic_DW01_sub_641)
                                          0.000    0.000 2.14e+05 2.14e-04   0.0
      sub_86_I880 (cpl_timeout_logic_DW01_sub_640)
                                          0.000    0.000 2.14e+05 2.14e-04   0.0
      sub_86_I387 (cpl_timeout_logic_DW01_sub_639)
                                          0.000    0.000 2.14e+05 2.14e-04   0.0
      sub_86_I242 (cpl_timeout_logic_DW01_sub_638)
                                          0.000    0.000 2.14e+05 2.14e-04   0.0
      sub_86_I845 (cpl_timeout_logic_DW01_sub_637)
                                          0.000    0.000 2.14e+05 2.14e-04   0.0
      sub_86_I1014 (cpl_timeout_logic_DW01_sub_636)
                                          0.000    0.000 2.15e+05 2.15e-04   0.0
      sub_86_I295 (cpl_timeout_logic_DW01_sub_635)
                                          0.000    0.000 2.14e+05 2.14e-04   0.0
      sub_86_I260 (cpl_timeout_logic_DW01_sub_634)
                                          0.000    0.000 2.14e+05 2.14e-04   0.0
      sub_86_I526 (cpl_timeout_logic_DW01_sub_633)
                                          0.000    0.000 2.14e+05 2.14e-04   0.0
      sub_86_I327 (cpl_timeout_logic_DW01_sub_632)
                                          0.000    0.000 2.14e+05 2.14e-04   0.0
      sub_86_I952 (cpl_timeout_logic_DW01_sub_631)
                                          0.000    0.000 2.15e+05 2.15e-04   0.0
      sub_86_I600 (cpl_timeout_logic_DW01_sub_630)
                                          0.000    0.000 2.14e+05 2.14e-04   0.0
      sub_86_I923 (cpl_timeout_logic_DW01_sub_629)
                                          0.000    0.000 2.14e+05 2.14e-04   0.0
      sub_86_I690 (cpl_timeout_logic_DW01_sub_628)
                                          0.000    0.000 2.14e+05 2.14e-04   0.0
      sub_86_I834 (cpl_timeout_logic_DW01_sub_627)
                                          0.000    0.000 2.14e+05 2.14e-04   0.0
      sub_86_I207 (cpl_timeout_logic_DW01_sub_626)
                                          0.000    0.000 2.14e+05 2.14e-04   0.0
      sub_86_I163 (cpl_timeout_logic_DW01_sub_625)
                                          0.000    0.000 2.14e+05 2.14e-04   0.0
      sub_86_I61 (cpl_timeout_logic_DW01_sub_624)
                                          0.000    0.000 2.14e+05 2.14e-04   0.0
      sub_86_I764 (cpl_timeout_logic_DW01_sub_623)
                                          0.000    0.000 2.14e+05 2.14e-04   0.0
      sub_86_I747 (cpl_timeout_logic_DW01_sub_622)
                                          0.000    0.000 2.14e+05 2.14e-04   0.0
      sub_86_I171 (cpl_timeout_logic_DW01_sub_621)
                                          0.000    0.000 2.14e+05 2.14e-04   0.0
      sub_86_I115 (cpl_timeout_logic_DW01_sub_620)
                                          0.000    0.000 2.14e+05 2.14e-04   0.0
      sub_86_I95 (cpl_timeout_logic_DW01_sub_619)
                                          0.000    0.000 2.14e+05 2.14e-04   0.0
      sub_86_I928 (cpl_timeout_logic_DW01_sub_618)
                                          0.000    0.000 2.14e+05 2.14e-04   0.0
      sub_86 (cpl_timeout_logic_DW01_sub_617)
                                          0.000    0.000 2.17e+05 2.17e-04   0.0
      sub_86_I976 (cpl_timeout_logic_DW01_sub_616)
                                          0.000    0.000 2.15e+05 2.15e-04   0.0
      sub_86_I739 (cpl_timeout_logic_DW01_sub_615)
                                          0.000    0.000 2.14e+05 2.14e-04   0.0
      sub_86_I794 (cpl_timeout_logic_DW01_sub_614)
                                          0.000    0.000 2.14e+05 2.14e-04   0.0
      sub_86_I93 (cpl_timeout_logic_DW01_sub_613)
                                          0.000    0.000 2.14e+05 2.14e-04   0.0
      sub_86_I239 (cpl_timeout_logic_DW01_sub_612)
                                          0.000    0.000 2.14e+05 2.14e-04   0.0
      sub_86_I787 (cpl_timeout_logic_DW01_sub_611)
                                          0.000    0.000 2.14e+05 2.14e-04   0.0
      sub_86_I529 (cpl_timeout_logic_DW01_sub_610)
                                          0.000    0.000 2.14e+05 2.14e-04   0.0
      sub_86_I253 (cpl_timeout_logic_DW01_sub_609)
                                          0.000    0.000 2.14e+05 2.14e-04   0.0
      sub_86_I907 (cpl_timeout_logic_DW01_sub_608)
                                          0.000    0.000 2.14e+05 2.14e-04   0.0
      sub_86_I547 (cpl_timeout_logic_DW01_sub_607)
                                          0.000    0.000 2.14e+05 2.14e-04   0.0
      sub_86_I765 (cpl_timeout_logic_DW01_sub_606)
                                          0.000    0.000 2.14e+05 2.14e-04   0.0
      sub_86_I444 (cpl_timeout_logic_DW01_sub_605)
                                          0.000    0.000 2.14e+05 2.14e-04   0.0
      sub_86_I559 (cpl_timeout_logic_DW01_sub_604)
                                          0.000    0.000 2.14e+05 2.14e-04   0.0
      sub_86_I130 (cpl_timeout_logic_DW01_sub_603)
                                          0.000    0.000 2.14e+05 2.14e-04   0.0
      sub_86_I817 (cpl_timeout_logic_DW01_sub_602)
                                          0.000    0.000 2.14e+05 2.14e-04   0.0
      sub_86_I863 (cpl_timeout_logic_DW01_sub_601)
                                          0.000    0.000 2.14e+05 2.14e-04   0.0
      sub_86_I714 (cpl_timeout_logic_DW01_sub_600)
                                          0.000    0.000 2.14e+05 2.14e-04   0.0
      sub_86_I603 (cpl_timeout_logic_DW01_sub_599)
                                          0.000    0.000 2.14e+05 2.14e-04   0.0
      sub_86_I293 (cpl_timeout_logic_DW01_sub_598)
                                          0.000    0.000 2.14e+05 2.14e-04   0.0
      sub_86_I460 (cpl_timeout_logic_DW01_sub_597)
                                          0.000    0.000 2.14e+05 2.14e-04   0.0
      sub_86_I900 (cpl_timeout_logic_DW01_sub_596)
                                          0.000    0.000 2.14e+05 2.14e-04   0.0
      sub_86_I634 (cpl_timeout_logic_DW01_sub_595)
                                          0.000    0.000 2.14e+05 2.14e-04   0.0
      sub_86_I51 (cpl_timeout_logic_DW01_sub_594)
                                          0.000    0.000 2.14e+05 2.14e-04   0.0
      sub_86_I458 (cpl_timeout_logic_DW01_sub_593)
                                          0.000    0.000 2.14e+05 2.14e-04   0.0
      sub_86_I734 (cpl_timeout_logic_DW01_sub_592)
                                          0.000    0.000 2.14e+05 2.14e-04   0.0
      sub_86_I366 (cpl_timeout_logic_DW01_sub_591)
                                          0.000    0.000 2.14e+05 2.14e-04   0.0
      sub_86_I198 (cpl_timeout_logic_DW01_sub_590)
                                          0.000    0.000 2.14e+05 2.14e-04   0.0
      sub_86_I224 (cpl_timeout_logic_DW01_sub_589)
                                          0.000    0.000 2.14e+05 2.14e-04   0.0
      sub_86_I189 (cpl_timeout_logic_DW01_sub_588)
                                          0.000    0.000 2.14e+05 2.14e-04   0.0
      sub_86_I969 (cpl_timeout_logic_DW01_sub_587)
                                          0.000    0.000 2.15e+05 2.15e-04   0.0
      sub_86_I736 (cpl_timeout_logic_DW01_sub_586)
                                          0.000    0.000 2.14e+05 2.14e-04   0.0
      sub_86_I678 (cpl_timeout_logic_DW01_sub_585)
                                          0.000    0.000 2.14e+05 2.14e-04   0.0
      sub_86_I495 (cpl_timeout_logic_DW01_sub_584)
                                          0.000    0.000 2.14e+05 2.14e-04   0.0
      sub_86_I970 (cpl_timeout_logic_DW01_sub_583)
                                          0.000    0.000 2.15e+05 2.15e-04   0.0
      sub_86_I1010 (cpl_timeout_logic_DW01_sub_582)
                                          0.000    0.000 2.15e+05 2.15e-04   0.0
      sub_86_I520 (cpl_timeout_logic_DW01_sub_581)
                                          0.000    0.000 2.14e+05 2.14e-04   0.0
      sub_86_I587 (cpl_timeout_logic_DW01_sub_580)
                                          0.000    0.000 2.14e+05 2.14e-04   0.0
      sub_86_I556 (cpl_timeout_logic_DW01_sub_579)
                                          0.000    0.000 2.14e+05 2.14e-04   0.0
      sub_86_I353 (cpl_timeout_logic_DW01_sub_578)
                                          0.000    0.000 2.14e+05 2.14e-04   0.0
      sub_86_I430 (cpl_timeout_logic_DW01_sub_577)
                                          0.000    0.000 2.14e+05 2.14e-04   0.0
      sub_86_I367 (cpl_timeout_logic_DW01_sub_576)
                                          0.000    0.000 2.14e+05 2.14e-04   0.0
      sub_86_I222 (cpl_timeout_logic_DW01_sub_575)
                                          0.000    0.000 2.14e+05 2.14e-04   0.0
      sub_86_I831 (cpl_timeout_logic_DW01_sub_574)
                                          0.000    0.000 2.14e+05 2.14e-04   0.0
      sub_86_I472 (cpl_timeout_logic_DW01_sub_573)
                                          0.000    0.000 2.14e+05 2.14e-04   0.0
      sub_86_I146 (cpl_timeout_logic_DW01_sub_572)
                                          0.000    0.000 2.14e+05 2.14e-04   0.0
      sub_86_I523 (cpl_timeout_logic_DW01_sub_571)
                                          0.000    0.000 2.14e+05 2.14e-04   0.0
      sub_86_I141 (cpl_timeout_logic_DW01_sub_570)
                                          0.000    0.000 2.14e+05 2.14e-04   0.0
      sub_86_I406 (cpl_timeout_logic_DW01_sub_569)
                                          0.000    0.000 2.14e+05 2.14e-04   0.0
      sub_86_I423 (cpl_timeout_logic_DW01_sub_568)
                                          0.000    0.000 2.14e+05 2.14e-04   0.0
      sub_86_I906 (cpl_timeout_logic_DW01_sub_567)
                                          0.000    0.000 2.14e+05 2.14e-04   0.0
      sub_86_I545 (cpl_timeout_logic_DW01_sub_566)
                                          0.000    0.000 2.14e+05 2.14e-04   0.0
      sub_86_I373 (cpl_timeout_logic_DW01_sub_565)
                                          0.000    0.000 2.14e+05 2.14e-04   0.0
      sub_86_I336 (cpl_timeout_logic_DW01_sub_564)
                                          0.000    0.000 2.14e+05 2.14e-04   0.0
      sub_86_I177 (cpl_timeout_logic_DW01_sub_563)
                                          0.000    0.000 2.14e+05 2.14e-04   0.0
      sub_86_I945 (cpl_timeout_logic_DW01_sub_562)
                                          0.000    0.000 2.15e+05 2.15e-04   0.0
      sub_86_I196 (cpl_timeout_logic_DW01_sub_561)
                                          0.000    0.000 2.14e+05 2.14e-04   0.0
      sub_86_I145 (cpl_timeout_logic_DW01_sub_560)
                                          0.000    0.000 2.14e+05 2.14e-04   0.0
      sub_86_I59 (cpl_timeout_logic_DW01_sub_559)
                                          0.000    0.000 2.14e+05 2.14e-04   0.0
      sub_86_I903 (cpl_timeout_logic_DW01_sub_558)
                                          0.000    0.000 2.14e+05 2.14e-04   0.0
      sub_86_I237 (cpl_timeout_logic_DW01_sub_557)
                                          0.000    0.000 2.14e+05 2.14e-04   0.0
      sub_86_I497 (cpl_timeout_logic_DW01_sub_556)
                                          0.000    0.000 2.14e+05 2.14e-04   0.0
      sub_86_I94 (cpl_timeout_logic_DW01_sub_555)
                                          0.000    0.000 2.14e+05 2.14e-04   0.0
      sub_86_I618 (cpl_timeout_logic_DW01_sub_554)
                                          0.000    0.000 2.14e+05 2.14e-04   0.0
      sub_86_I772 (cpl_timeout_logic_DW01_sub_553)
                                          0.000    0.000 2.14e+05 2.14e-04   0.0
      sub_86_I593 (cpl_timeout_logic_DW01_sub_552)
                                          0.000    0.000 2.14e+05 2.14e-04   0.0
      sub_86_I152 (cpl_timeout_logic_DW01_sub_551)
                                          0.000    0.000 2.14e+05 2.14e-04   0.0
      sub_86_I566 (cpl_timeout_logic_DW01_sub_550)
                                          0.000    0.000 2.14e+05 2.14e-04   0.0
      sub_86_I307 (cpl_timeout_logic_DW01_sub_549)
                                          0.000    0.000 2.14e+05 2.14e-04   0.0
      sub_86_I176 (cpl_timeout_logic_DW01_sub_548)
                                          0.000    0.000 2.14e+05 2.14e-04   0.0
      sub_86_I861 (cpl_timeout_logic_DW01_sub_547)
                                          0.000    0.000 2.14e+05 2.14e-04   0.0
      sub_86_I37 (cpl_timeout_logic_DW01_sub_546)
                                          0.000    0.000 2.14e+05 2.14e-04   0.0
      sub_86_I435 (cpl_timeout_logic_DW01_sub_545)
                                          0.000    0.000 2.14e+05 2.14e-04   0.0
      sub_86_I870 (cpl_timeout_logic_DW01_sub_544)
                                          0.000    0.000 2.14e+05 2.14e-04   0.0
      sub_86_I718 (cpl_timeout_logic_DW01_sub_543)
                                          0.000    0.000 2.14e+05 2.14e-04   0.0
      sub_86_I835 (cpl_timeout_logic_DW01_sub_542)
                                          0.000    0.000 2.14e+05 2.14e-04   0.0
      sub_86_I496 (cpl_timeout_logic_DW01_sub_541)
                                          0.000    0.000 2.14e+05 2.14e-04   0.0
      sub_86_I738 (cpl_timeout_logic_DW01_sub_540)
                                          0.000    0.000 2.14e+05 2.14e-04   0.0
      sub_86_I283 (cpl_timeout_logic_DW01_sub_539)
                                          0.000    0.000 2.14e+05 2.14e-04   0.0
      sub_86_I826 (cpl_timeout_logic_DW01_sub_538)
                                          0.000    0.000 2.14e+05 2.14e-04   0.0
      sub_86_I28 (cpl_timeout_logic_DW01_sub_537)
                                          0.000    0.000 2.14e+05 2.14e-04   0.0
      sub_86_I716 (cpl_timeout_logic_DW01_sub_536)
                                          0.000    0.000 2.14e+05 2.14e-04   0.0
      sub_86_I695 (cpl_timeout_logic_DW01_sub_535)
                                          0.000    0.000 2.14e+05 2.14e-04   0.0
      sub_86_I1001 (cpl_timeout_logic_DW01_sub_534)
                                          0.000    0.000 2.15e+05 2.15e-04   0.0
      sub_86_I113 (cpl_timeout_logic_DW01_sub_533)
                                          0.000    0.000 2.14e+05 2.14e-04   0.0
      sub_86_I228 (cpl_timeout_logic_DW01_sub_532)
                                          0.000    0.000 2.14e+05 2.14e-04   0.0
      sub_86_I417 (cpl_timeout_logic_DW01_sub_531)
                                          0.000    0.000 2.14e+05 2.14e-04   0.0
      sub_86_I674 (cpl_timeout_logic_DW01_sub_530)
                                          0.000    0.000 2.14e+05 2.14e-04   0.0
      sub_86_I543 (cpl_timeout_logic_DW01_sub_529)
                                          0.000    0.000 2.14e+05 2.14e-04   0.0
      sub_86_I859 (cpl_timeout_logic_DW01_sub_528)
                                          0.000    0.000 2.14e+05 2.14e-04   0.0
      sub_86_I57 (cpl_timeout_logic_DW01_sub_527)
                                          0.000    0.000 2.14e+05 2.14e-04   0.0
      sub_86_I459 (cpl_timeout_logic_DW01_sub_526)
                                          0.000    0.000 2.14e+05 2.14e-04   0.0
      sub_86_I599 (cpl_timeout_logic_DW01_sub_525)
                                          0.000    0.000 2.14e+05 2.14e-04   0.0
      sub_86_I670 (cpl_timeout_logic_DW01_sub_524)
                                          0.000    0.000 2.14e+05 2.14e-04   0.0
      sub_86_I411 (cpl_timeout_logic_DW01_sub_523)
                                          0.000    0.000 2.14e+05 2.14e-04   0.0
      sub_86_I531 (cpl_timeout_logic_DW01_sub_522)
                                          0.000    0.000 2.14e+05 2.14e-04   0.0
      sub_86_I155 (cpl_timeout_logic_DW01_sub_521)
                                          0.000    0.000 2.14e+05 2.14e-04   0.0
      sub_86_I867 (cpl_timeout_logic_DW01_sub_520)
                                          0.000    0.000 2.14e+05 2.14e-04   0.0
      sub_86_I828 (cpl_timeout_logic_DW01_sub_519)
                                          0.000    0.000 2.14e+05 2.14e-04   0.0
      sub_86_I179 (cpl_timeout_logic_DW01_sub_518)
                                          0.000    0.000 2.14e+05 2.14e-04   0.0
      sub_86_I486 (cpl_timeout_logic_DW01_sub_517)
                                          0.000    0.000 2.14e+05 2.14e-04   0.0
      sub_86_I73 (cpl_timeout_logic_DW01_sub_516)
                                          0.000    0.000 2.14e+05 2.14e-04   0.0
      sub_86_I688 (cpl_timeout_logic_DW01_sub_515)
                                          0.000    0.000 2.14e+05 2.14e-04   0.0
      sub_86_I56 (cpl_timeout_logic_DW01_sub_514)
                                          0.000    0.000 2.14e+05 2.14e-04   0.0
      sub_86_I256 (cpl_timeout_logic_DW01_sub_513)
                                          0.000    0.000 2.14e+05 2.14e-04   0.0
      sub_86_I651 (cpl_timeout_logic_DW01_sub_512)
                                          0.000    0.000 2.14e+05 2.14e-04   0.0
      sub_86_I719 (cpl_timeout_logic_DW01_sub_511)
                                          0.000    0.000 2.14e+05 2.14e-04   0.0
      sub_86_I574 (cpl_timeout_logic_DW01_sub_510)
                                          0.000    0.000 2.14e+05 2.14e-04   0.0
      sub_86_I750 (cpl_timeout_logic_DW01_sub_509)
                                          0.000    0.000 2.14e+05 2.14e-04   0.0
      sub_86_I78 (cpl_timeout_logic_DW01_sub_508)
                                          0.000    0.000 2.14e+05 2.14e-04   0.0
      sub_86_I310 (cpl_timeout_logic_DW01_sub_507)
                                          0.000    0.000 2.14e+05 2.14e-04   0.0
      sub_86_I258 (cpl_timeout_logic_DW01_sub_506)
                                          0.000    0.000 2.14e+05 2.14e-04   0.0
      sub_86_I902 (cpl_timeout_logic_DW01_sub_505)
                                          0.000    0.000 2.14e+05 2.14e-04   0.0
      sub_86_I204 (cpl_timeout_logic_DW01_sub_504)
                                          0.000    0.000 2.14e+05 2.14e-04   0.0
      sub_86_I25 (cpl_timeout_logic_DW01_sub_503)
                                          0.000    0.000 2.14e+05 2.14e-04   0.0
      sub_86_I896 (cpl_timeout_logic_DW01_sub_502)
                                          0.000    0.000 2.14e+05 2.14e-04   0.0
      sub_86_I658 (cpl_timeout_logic_DW01_sub_501)
                                          0.000    0.000 2.14e+05 2.14e-04   0.0
      sub_86_I322 (cpl_timeout_logic_DW01_sub_500)
                                          0.000    0.000 2.14e+05 2.14e-04   0.0
      sub_86_I512 (cpl_timeout_logic_DW01_sub_499)
                                          0.000    0.000 2.14e+05 2.14e-04   0.0
      sub_86_I334 (cpl_timeout_logic_DW01_sub_498)
                                          0.000    0.000 2.14e+05 2.14e-04   0.0
      sub_86_I395 (cpl_timeout_logic_DW01_sub_497)
                                          0.000    0.000 2.14e+05 2.14e-04   0.0
      sub_86_I655 (cpl_timeout_logic_DW01_sub_496)
                                          0.000    0.000 2.14e+05 2.14e-04   0.0
      sub_86_I502 (cpl_timeout_logic_DW01_sub_495)
                                          0.000    0.000 2.14e+05 2.14e-04   0.0
      sub_86_I568 (cpl_timeout_logic_DW01_sub_494)
                                          0.000    0.000 2.14e+05 2.14e-04   0.0
      sub_86_I786 (cpl_timeout_logic_DW01_sub_493)
                                          0.000    0.000 2.14e+05 2.14e-04   0.0
      sub_86_I14 (cpl_timeout_logic_DW01_sub_492)
                                          0.000    0.000 2.14e+05 2.14e-04   0.0
      sub_86_I421 (cpl_timeout_logic_DW01_sub_491)
                                          0.000    0.000 2.14e+05 2.14e-04   0.0
      sub_86_I375 (cpl_timeout_logic_DW01_sub_490)
                                          0.000    0.000 2.14e+05 2.14e-04   0.0
      sub_86_I791 (cpl_timeout_logic_DW01_sub_489)
                                          0.000    0.000 2.14e+05 2.14e-04   0.0
      sub_86_I800 (cpl_timeout_logic_DW01_sub_488)
                                          0.000    0.000 2.14e+05 2.14e-04   0.0
      sub_86_I321 (cpl_timeout_logic_DW01_sub_487)
                                          0.000    0.000 2.14e+05 2.14e-04   0.0
      sub_86_I940 (cpl_timeout_logic_DW01_sub_486)
                                          0.000    0.000 2.15e+05 2.15e-04   0.0
      sub_86_I653 (cpl_timeout_logic_DW01_sub_485)
                                          0.000    0.000 2.14e+05 2.14e-04   0.0
      sub_86_I191 (cpl_timeout_logic_DW01_sub_484)
                                          0.000    0.000 2.14e+05 2.14e-04   0.0
      sub_86_I770 (cpl_timeout_logic_DW01_sub_483)
                                          0.000    0.000 2.14e+05 2.14e-04   0.0
      sub_86_I300 (cpl_timeout_logic_DW01_sub_482)
                                          0.000    0.000 2.14e+05 2.14e-04   0.0
      sub_86_I962 (cpl_timeout_logic_DW01_sub_481)
                                          0.000    0.000 2.15e+05 2.15e-04   0.0
      sub_86_I539 (cpl_timeout_logic_DW01_sub_480)
                                          0.000    0.000 2.14e+05 2.14e-04   0.0
      sub_86_I60 (cpl_timeout_logic_DW01_sub_479)
                                          0.000    0.000 2.14e+05 2.14e-04   0.0
      sub_86_I756 (cpl_timeout_logic_DW01_sub_478)
                                          0.000    0.000 2.14e+05 2.14e-04   0.0
      sub_86_I611 (cpl_timeout_logic_DW01_sub_477)
                                          0.000    0.000 2.14e+05 2.14e-04   0.0
      sub_86_I362 (cpl_timeout_logic_DW01_sub_476)
                                          0.000    0.000 2.14e+05 2.14e-04   0.0
      sub_86_I4 (cpl_timeout_logic_DW01_sub_475)
                                          0.000    0.000 2.14e+05 2.14e-04   0.0
      sub_86_I65 (cpl_timeout_logic_DW01_sub_474)
                                          0.000    0.000 2.14e+05 2.14e-04   0.0
      sub_86_I717 (cpl_timeout_logic_DW01_sub_473)
                                          0.000    0.000 2.14e+05 2.14e-04   0.0
      sub_86_I659 (cpl_timeout_logic_DW01_sub_472)
                                          0.000    0.000 2.14e+05 2.14e-04   0.0
      sub_86_I715 (cpl_timeout_logic_DW01_sub_471)
                                          0.000    0.000 2.14e+05 2.14e-04   0.0
      sub_86_I97 (cpl_timeout_logic_DW01_sub_470)
                                          0.000    0.000 2.14e+05 2.14e-04   0.0
      sub_86_I954 (cpl_timeout_logic_DW01_sub_469)
                                          0.000    0.000 2.15e+05 2.15e-04   0.0
      sub_86_I973 (cpl_timeout_logic_DW01_sub_468)
                                          0.000    0.000 2.15e+05 2.15e-04   0.0
      sub_86_I462 (cpl_timeout_logic_DW01_sub_467)
                                          0.000    0.000 2.14e+05 2.14e-04   0.0
      sub_86_I597 (cpl_timeout_logic_DW01_sub_466)
                                          0.000    0.000 2.14e+05 2.14e-04   0.0
      sub_86_I66 (cpl_timeout_logic_DW01_sub_465)
                                          0.000    0.000 2.14e+05 2.14e-04   0.0
      sub_86_I206 (cpl_timeout_logic_DW01_sub_464)
                                          0.000    0.000 2.14e+05 2.14e-04   0.0
      sub_86_I488 (cpl_timeout_logic_DW01_sub_463)
                                          0.000    0.000 2.14e+05 2.14e-04   0.0
      sub_86_I555 (cpl_timeout_logic_DW01_sub_462)
                                          0.000    0.000 2.14e+05 2.14e-04   0.0
      sub_86_I627 (cpl_timeout_logic_DW01_sub_461)
                                          0.000    0.000 2.14e+05 2.14e-04   0.0
      sub_86_I392 (cpl_timeout_logic_DW01_sub_460)
                                          0.000    0.000 2.14e+05 2.14e-04   0.0
      sub_86_I398 (cpl_timeout_logic_DW01_sub_459)
                                          0.000    0.000 2.14e+05 2.14e-04   0.0
      sub_86_I233 (cpl_timeout_logic_DW01_sub_458)
                                          0.000    0.000 2.14e+05 2.14e-04   0.0
      sub_86_I360 (cpl_timeout_logic_DW01_sub_457)
                                          0.000    0.000 2.14e+05 2.14e-04   0.0
      sub_86_I333 (cpl_timeout_logic_DW01_sub_456)
                                          0.000    0.000 2.14e+05 2.14e-04   0.0
      sub_86_I464 (cpl_timeout_logic_DW01_sub_455)
                                          0.000    0.000 2.14e+05 2.14e-04   0.0
      sub_86_I680 (cpl_timeout_logic_DW01_sub_454)
                                          0.000    0.000 2.14e+05 2.14e-04   0.0
      sub_86_I683 (cpl_timeout_logic_DW01_sub_453)
                                          0.000    0.000 2.14e+05 2.14e-04   0.0
      sub_86_I449 (cpl_timeout_logic_DW01_sub_452)
                                          0.000    0.000 2.14e+05 2.14e-04   0.0
      sub_86_I288 (cpl_timeout_logic_DW01_sub_451)
                                          0.000    0.000 2.14e+05 2.14e-04   0.0
      sub_86_I84 (cpl_timeout_logic_DW01_sub_450)
                                          0.000    0.000 2.14e+05 2.14e-04   0.0
      sub_86_I105 (cpl_timeout_logic_DW01_sub_449)
                                          0.000    0.000 2.14e+05 2.14e-04   0.0
      sub_86_I348 (cpl_timeout_logic_DW01_sub_448)
                                          0.000    0.000 2.14e+05 2.14e-04   0.0
      sub_86_I961 (cpl_timeout_logic_DW01_sub_447)
                                          0.000    0.000 2.15e+05 2.15e-04   0.0
      sub_86_I679 (cpl_timeout_logic_DW01_sub_446)
                                          0.000    0.000 2.14e+05 2.14e-04   0.0
      sub_86_I461 (cpl_timeout_logic_DW01_sub_445)
                                          0.000    0.000 2.14e+05 2.14e-04   0.0
      sub_86_I803 (cpl_timeout_logic_DW01_sub_444)
                                          0.000    0.000 2.14e+05 2.14e-04   0.0
      sub_86_I151 (cpl_timeout_logic_DW01_sub_443)
                                          0.000    0.000 2.14e+05 2.14e-04   0.0
      sub_86_I1018 (cpl_timeout_logic_DW01_sub_442)
                                          0.000    0.000 2.15e+05 2.15e-04   0.0
      sub_86_I754 (cpl_timeout_logic_DW01_sub_441)
                                          0.000    0.000 2.14e+05 2.14e-04   0.0
      sub_86_I74 (cpl_timeout_logic_DW01_sub_440)
                                          0.000    0.000 2.14e+05 2.14e-04   0.0
      sub_86_I769 (cpl_timeout_logic_DW01_sub_439)
                                          0.000    0.000 2.14e+05 2.14e-04   0.0
      sub_86_I758 (cpl_timeout_logic_DW01_sub_438)
                                          0.000    0.000 2.14e+05 2.14e-04   0.0
      sub_86_I768 (cpl_timeout_logic_DW01_sub_437)
                                          0.000    0.000 2.14e+05 2.14e-04   0.0
      sub_86_I998 (cpl_timeout_logic_DW01_sub_436)
                                          0.000    0.000 2.15e+05 2.15e-04   0.0
      sub_86_I656 (cpl_timeout_logic_DW01_sub_435)
                                          0.000    0.000 2.14e+05 2.14e-04   0.0
      sub_86_I860 (cpl_timeout_logic_DW01_sub_434)
                                          0.000    0.000 2.14e+05 2.14e-04   0.0
      sub_86_I549 (cpl_timeout_logic_DW01_sub_433)
                                          0.000    0.000 2.14e+05 2.14e-04   0.0
      sub_86_I1000 (cpl_timeout_logic_DW01_sub_432)
                                          0.000    0.000 2.15e+05 2.15e-04   0.0
      sub_86_I255 (cpl_timeout_logic_DW01_sub_431)
                                          0.000    0.000 2.14e+05 2.14e-04   0.0
      sub_86_I525 (cpl_timeout_logic_DW01_sub_430)
                                          0.000    0.000 2.14e+05 2.14e-04   0.0
      sub_86_I403 (cpl_timeout_logic_DW01_sub_429)
                                          0.000    0.000 2.14e+05 2.14e-04   0.0
      sub_86_I802 (cpl_timeout_logic_DW01_sub_428)
                                          0.000    0.000 2.14e+05 2.14e-04   0.0
      sub_86_I944 (cpl_timeout_logic_DW01_sub_427)
                                          0.000    0.000 2.15e+05 2.15e-04   0.0
      sub_86_I341 (cpl_timeout_logic_DW01_sub_426)
                                          0.000    0.000 2.14e+05 2.14e-04   0.0
      sub_86_I358 (cpl_timeout_logic_DW01_sub_425)
                                          0.000    0.000 2.14e+05 2.14e-04   0.0
      sub_86_I879 (cpl_timeout_logic_DW01_sub_424)
                                          0.000    0.000 2.14e+05 2.14e-04   0.0
      sub_86_I666 (cpl_timeout_logic_DW01_sub_423)
                                          0.000    0.000 2.14e+05 2.14e-04   0.0
      sub_86_I788 (cpl_timeout_logic_DW01_sub_422)
                                          0.000    0.000 2.14e+05 2.14e-04   0.0
      sub_86_I150 (cpl_timeout_logic_DW01_sub_421)
                                          0.000    0.000 2.14e+05 2.14e-04   0.0
      sub_86_I314 (cpl_timeout_logic_DW01_sub_420)
                                          0.000    0.000 2.14e+05 2.14e-04   0.0
      sub_86_I386 (cpl_timeout_logic_DW01_sub_419)
                                          0.000    0.000 2.14e+05 2.14e-04   0.0
      sub_86_I668 (cpl_timeout_logic_DW01_sub_418)
                                          0.000    0.000 2.14e+05 2.14e-04   0.0
      sub_86_I67 (cpl_timeout_logic_DW01_sub_417)
                                          0.000    0.000 2.14e+05 2.14e-04   0.0
      sub_86_I911 (cpl_timeout_logic_DW01_sub_416)
                                          0.000    0.000 2.14e+05 2.14e-04   0.0
      sub_86_I647 (cpl_timeout_logic_DW01_sub_415)
                                          0.000    0.000 2.14e+05 2.14e-04   0.0
      sub_86_I107 (cpl_timeout_logic_DW01_sub_414)
                                          0.000    0.000 2.14e+05 2.14e-04   0.0
      sub_86_I1022 (cpl_timeout_logic_DW01_sub_413)
                                          0.000    0.000 2.17e+05 2.17e-04   0.0
      sub_86_I91 (cpl_timeout_logic_DW01_sub_412)
                                          0.000    0.000 2.14e+05 2.14e-04   0.0
      sub_86_I619 (cpl_timeout_logic_DW01_sub_411)
                                          0.000    0.000 2.14e+05 2.14e-04   0.0
      sub_86_I518 (cpl_timeout_logic_DW01_sub_410)
                                          0.000    0.000 2.14e+05 2.14e-04   0.0
      sub_86_I1020 (cpl_timeout_logic_DW01_sub_409)
                                          0.000    0.000 2.15e+05 2.15e-04   0.0
      sub_86_I960 (cpl_timeout_logic_DW01_sub_408)
                                          0.000    0.000 2.15e+05 2.15e-04   0.0
      sub_86_I974 (cpl_timeout_logic_DW01_sub_407)
                                          0.000    0.000 2.15e+05 2.15e-04   0.0
      sub_86_I737 (cpl_timeout_logic_DW01_sub_406)
                                          0.000    0.000 2.14e+05 2.14e-04   0.0
      sub_86_I732 (cpl_timeout_logic_DW01_sub_405)
                                          0.000    0.000 2.14e+05 2.14e-04   0.0
      sub_86_I269 (cpl_timeout_logic_DW01_sub_404)
                                          0.000    0.000 2.14e+05 2.14e-04   0.0
      sub_86_I443 (cpl_timeout_logic_DW01_sub_403)
                                          0.000    0.000 2.14e+05 2.14e-04   0.0
      sub_86_I858 (cpl_timeout_logic_DW01_sub_402)
                                          0.000    0.000 2.14e+05 2.14e-04   0.0
      sub_86_I156 (cpl_timeout_logic_DW01_sub_401)
                                          0.000    0.000 2.14e+05 2.14e-04   0.0
      sub_86_I250 (cpl_timeout_logic_DW01_sub_400)
                                          0.000    0.000 2.14e+05 2.14e-04   0.0
      sub_86_I657 (cpl_timeout_logic_DW01_sub_399)
                                          0.000    0.000 2.14e+05 2.14e-04   0.0
      sub_86_I888 (cpl_timeout_logic_DW01_sub_398)
                                          0.000    0.000 2.14e+05 2.14e-04   0.0
      sub_86_I992 (cpl_timeout_logic_DW01_sub_397)
                                          0.000    0.000 2.15e+05 2.15e-04   0.0
      sub_86_I712 (cpl_timeout_logic_DW01_sub_396)
                                          0.000    0.000 2.14e+05 2.14e-04   0.0
      sub_86_I570 (cpl_timeout_logic_DW01_sub_395)
                                          0.000    0.000 2.14e+05 2.14e-04   0.0
      sub_86_I344 (cpl_timeout_logic_DW01_sub_394)
                                          0.000    0.000 2.14e+05 2.14e-04   0.0
      sub_86_I620 (cpl_timeout_logic_DW01_sub_393)
                                          0.000    0.000 2.14e+05 2.14e-04   0.0
      sub_86_I419 (cpl_timeout_logic_DW01_sub_392)
                                          0.000    0.000 2.14e+05 2.14e-04   0.0
      sub_86_I723 (cpl_timeout_logic_DW01_sub_391)
                                          0.000    0.000 2.14e+05 2.14e-04   0.0
      sub_86_I681 (cpl_timeout_logic_DW01_sub_390)
                                          0.000    0.000 2.14e+05 2.14e-04   0.0
      sub_86_I454 (cpl_timeout_logic_DW01_sub_389)
                                          0.000    0.000 2.14e+05 2.14e-04   0.0
      sub_86_I231 (cpl_timeout_logic_DW01_sub_388)
                                          0.000    0.000 2.14e+05 2.14e-04   0.0
      sub_86_I530 (cpl_timeout_logic_DW01_sub_387)
                                          0.000    0.000 2.14e+05 2.14e-04   0.0
      sub_86_I478 (cpl_timeout_logic_DW01_sub_386)
                                          0.000    0.000 2.14e+05 2.14e-04   0.0
      sub_86_I160 (cpl_timeout_logic_DW01_sub_385)
                                          0.000    0.000 2.14e+05 2.14e-04   0.0
      sub_86_I971 (cpl_timeout_logic_DW01_sub_384)
                                          0.000    0.000 2.15e+05 2.15e-04   0.0
      sub_86_I92 (cpl_timeout_logic_DW01_sub_383)
                                          0.000    0.000 2.14e+05 2.14e-04   0.0
      sub_86_I364 (cpl_timeout_logic_DW01_sub_382)
                                          0.000    0.000 2.14e+05 2.14e-04   0.0
      sub_86_I965 (cpl_timeout_logic_DW01_sub_381)
                                          0.000    0.000 2.15e+05 2.15e-04   0.0
      sub_86_I1005 (cpl_timeout_logic_DW01_sub_380)
                                          0.000    0.000 2.15e+05 2.15e-04   0.0
      sub_86_I814 (cpl_timeout_logic_DW01_sub_379)
                                          0.000    0.000 2.14e+05 2.14e-04   0.0
      sub_86_I131 (cpl_timeout_logic_DW01_sub_378)
                                          0.000    0.000 2.14e+05 2.14e-04   0.0
      sub_86_I48 (cpl_timeout_logic_DW01_sub_377)
                                          0.000    0.000 2.14e+05 2.14e-04   0.0
      sub_86_I316 (cpl_timeout_logic_DW01_sub_376)
                                          0.000    0.000 2.14e+05 2.14e-04   0.0
      sub_86_I212 (cpl_timeout_logic_DW01_sub_375)
                                          0.000    0.000 2.14e+05 2.14e-04   0.0
      sub_86_I12 (cpl_timeout_logic_DW01_sub_374)
                                          0.000    0.000 2.14e+05 2.14e-04   0.0
      sub_86_I604 (cpl_timeout_logic_DW01_sub_373)
                                          0.000    0.000 2.14e+05 2.14e-04   0.0
      sub_86_I214 (cpl_timeout_logic_DW01_sub_372)
                                          0.000    0.000 2.14e+05 2.14e-04   0.0
      sub_86_I165 (cpl_timeout_logic_DW01_sub_371)
                                          0.000    0.000 2.14e+05 2.14e-04   0.0
      sub_86_I297 (cpl_timeout_logic_DW01_sub_370)
                                          0.000    0.000 2.14e+05 2.14e-04   0.0
      sub_86_I912 (cpl_timeout_logic_DW01_sub_369)
                                          0.000    0.000 2.14e+05 2.14e-04   0.0
      sub_86_I303 (cpl_timeout_logic_DW01_sub_368)
                                          0.000    0.000 2.14e+05 2.14e-04   0.0
      sub_86_I816 (cpl_timeout_logic_DW01_sub_367)
                                          0.000    0.000 2.14e+05 2.14e-04   0.0
      sub_86_I881 (cpl_timeout_logic_DW01_sub_366)
                                          0.000    0.000 2.14e+05 2.14e-04   0.0
      sub_86_I693 (cpl_timeout_logic_DW01_sub_365)
                                          0.000    0.000 2.14e+05 2.14e-04   0.0
      sub_86_I1023 (cpl_timeout_logic_DW01_sub_364)
                                          0.000    0.000 2.17e+05 2.17e-04   0.0
      sub_86_I350 (cpl_timeout_logic_DW01_sub_363)
                                          0.000    0.000 2.14e+05 2.14e-04   0.0
      sub_86_I964 (cpl_timeout_logic_DW01_sub_362)
                                          0.000    0.000 2.16e+05 2.16e-04   0.0
      sub_86_I905 (cpl_timeout_logic_DW01_sub_361)
                                          0.000    0.000 2.14e+05 2.14e-04   0.0
      sub_86_I866 (cpl_timeout_logic_DW01_sub_360)
                                          0.000    0.000 2.14e+05 2.14e-04   0.0
      sub_86_I710 (cpl_timeout_logic_DW01_sub_359)
                                          0.000    0.000 2.14e+05 2.14e-04   0.0
      sub_86_I125 (cpl_timeout_logic_DW01_sub_358)
                                          0.000    0.000 2.14e+05 2.14e-04   0.0
      sub_86_I796 (cpl_timeout_logic_DW01_sub_357)
                                          0.000    0.000 2.14e+05 2.14e-04   0.0
      sub_86_I726 (cpl_timeout_logic_DW01_sub_356)
                                          0.000    0.000 2.14e+05 2.14e-04   0.0
      sub_86_I15 (cpl_timeout_logic_DW01_sub_355)
                                          0.000    0.000 2.14e+05 2.14e-04   0.0
      sub_86_I168 (cpl_timeout_logic_DW01_sub_354)
                                          0.000    0.000 2.14e+05 2.14e-04   0.0
      sub_86_I108 (cpl_timeout_logic_DW01_sub_353)
                                          0.000    0.000 2.14e+05 2.14e-04   0.0
      sub_86_I487 (cpl_timeout_logic_DW01_sub_352)
                                          0.000    0.000 2.14e+05 2.14e-04   0.0
      sub_86_I489 (cpl_timeout_logic_DW01_sub_351)
                                          0.000    0.000 2.14e+05 2.14e-04   0.0
      sub_86_I7 (cpl_timeout_logic_DW01_sub_350)
                                          0.000    0.000 2.14e+05 2.14e-04   0.0
      sub_86_I983 (cpl_timeout_logic_DW01_sub_349)
                                          0.000    0.000 2.15e+05 2.15e-04   0.0
      sub_86_I376 (cpl_timeout_logic_DW01_sub_348)
                                          0.000    0.000 2.14e+05 2.14e-04   0.0
      sub_86_I942 (cpl_timeout_logic_DW01_sub_347)
                                          0.000    0.000 2.15e+05 2.15e-04   0.0
      sub_86_I320 (cpl_timeout_logic_DW01_sub_346)
                                          0.000    0.000 2.14e+05 2.14e-04   0.0
      sub_86_I994 (cpl_timeout_logic_DW01_sub_345)
                                          0.000    0.000 2.15e+05 2.15e-04   0.0
      sub_86_I500 (cpl_timeout_logic_DW01_sub_344)
                                          0.000    0.000 2.14e+05 2.14e-04   0.0
      sub_86_I985 (cpl_timeout_logic_DW01_sub_343)
                                          0.000    0.000 2.15e+05 2.15e-04   0.0
      sub_86_I948 (cpl_timeout_logic_DW01_sub_342)
                                          0.000    0.000 2.15e+05 2.15e-04   0.0
      sub_86_I578 (cpl_timeout_logic_DW01_sub_341)
                                          0.000    0.000 2.14e+05 2.14e-04   0.0
      sub_86_I938 (cpl_timeout_logic_DW01_sub_340)
                                          0.000    0.000 2.15e+05 2.15e-04   0.0
      sub_86_I440 (cpl_timeout_logic_DW01_sub_339)
                                          0.000    0.000 2.14e+05 2.14e-04   0.0
      sub_86_I950 (cpl_timeout_logic_DW01_sub_338)
                                          0.000    0.000 2.15e+05 2.15e-04   0.0
      sub_86_I874 (cpl_timeout_logic_DW01_sub_337)
                                          0.000    0.000 2.14e+05 2.14e-04   0.0
      sub_86_I682 (cpl_timeout_logic_DW01_sub_336)
                                          0.000    0.000 2.14e+05 2.14e-04   0.0
      sub_86_I993 (cpl_timeout_logic_DW01_sub_335)
                                          0.000    0.000 2.15e+05 2.15e-04   0.0
      sub_86_I221 (cpl_timeout_logic_DW01_sub_334)
                                          0.000    0.000 2.14e+05 2.14e-04   0.0
      sub_86_I677 (cpl_timeout_logic_DW01_sub_333)
                                          0.000    0.000 2.14e+05 2.14e-04   0.0
      sub_86_I534 (cpl_timeout_logic_DW01_sub_332)
                                          0.000    0.000 2.14e+05 2.14e-04   0.0
      sub_86_I319 (cpl_timeout_logic_DW01_sub_331)
                                          0.000    0.000 2.14e+05 2.14e-04   0.0
      sub_86_I351 (cpl_timeout_logic_DW01_sub_330)
                                          0.000    0.000 2.14e+05 2.14e-04   0.0
      sub_86_I947 (cpl_timeout_logic_DW01_sub_329)
                                          0.000    0.000 2.15e+05 2.15e-04   0.0
      sub_86_I633 (cpl_timeout_logic_DW01_sub_328)
                                          0.000    0.000 2.14e+05 2.14e-04   0.0
      sub_86_I10 (cpl_timeout_logic_DW01_sub_327)
                                          0.000    0.000 2.14e+05 2.14e-04   0.0
      sub_86_I975 (cpl_timeout_logic_DW01_sub_326)
                                          0.000    0.000 2.15e+05 2.15e-04   0.0
      sub_86_I311 (cpl_timeout_logic_DW01_sub_325)
                                          0.000    0.000 2.14e+05 2.14e-04   0.0
      sub_86_I536 (cpl_timeout_logic_DW01_sub_324)
                                          0.000    0.000 2.14e+05 2.14e-04   0.0
      sub_86_I665 (cpl_timeout_logic_DW01_sub_323)
                                          0.000    0.000 2.14e+05 2.14e-04   0.0
      sub_86_I795 (cpl_timeout_logic_DW01_sub_322)
                                          0.000    0.000 2.14e+05 2.14e-04   0.0
      sub_86_I981 (cpl_timeout_logic_DW01_sub_321)
                                          0.000    0.000 2.15e+05 2.15e-04   0.0
      sub_86_I325 (cpl_timeout_logic_DW01_sub_320)
                                          0.000    0.000 2.14e+05 2.14e-04   0.0
      sub_86_I33 (cpl_timeout_logic_DW01_sub_319)
                                          0.000    0.000 2.14e+05 2.14e-04   0.0
      sub_86_I437 (cpl_timeout_logic_DW01_sub_318)
                                          0.000    0.000 2.14e+05 2.14e-04   0.0
      sub_86_I178 (cpl_timeout_logic_DW01_sub_317)
                                          0.000    0.000 2.14e+05 2.14e-04   0.0
      sub_86_I370 (cpl_timeout_logic_DW01_sub_316)
                                          0.000    0.000 2.14e+05 2.14e-04   0.0
      sub_86_I414 (cpl_timeout_logic_DW01_sub_315)
                                          0.000    0.000 2.14e+05 2.14e-04   0.0
      sub_86_I825 (cpl_timeout_logic_DW01_sub_314)
                                          0.000    0.000 2.14e+05 2.14e-04   0.0
      sub_86_I96 (cpl_timeout_logic_DW01_sub_313)
                                          0.000    0.000 2.14e+05 2.14e-04   0.0
      sub_86_I749 (cpl_timeout_logic_DW01_sub_312)
                                          0.000    0.000 2.14e+05 2.14e-04   0.0
      sub_86_I511 (cpl_timeout_logic_DW01_sub_311)
                                          0.000    0.000 2.14e+05 2.14e-04   0.0
      sub_86_I194 (cpl_timeout_logic_DW01_sub_310)
                                          0.000    0.000 2.14e+05 2.14e-04   0.0
      sub_86_I245 (cpl_timeout_logic_DW01_sub_309)
                                          0.000    0.000 2.14e+05 2.14e-04   0.0
      sub_86_I378 (cpl_timeout_logic_DW01_sub_308)
                                          0.000    0.000 2.14e+05 2.14e-04   0.0
      sub_86_I68 (cpl_timeout_logic_DW01_sub_307)
                                          0.000    0.000 2.14e+05 2.14e-04   0.0
      sub_86_I441 (cpl_timeout_logic_DW01_sub_306)
                                          0.000    0.000 2.14e+05 2.14e-04   0.0
      sub_86_I822 (cpl_timeout_logic_DW01_sub_305)
                                          0.000    0.000 2.14e+05 2.14e-04   0.0
      sub_86_I88 (cpl_timeout_logic_DW01_sub_304)
                                          0.000    0.000 2.14e+05 2.14e-04   0.0
      sub_86_I232 (cpl_timeout_logic_DW01_sub_303)
                                          0.000    0.000 2.14e+05 2.14e-04   0.0
      sub_86_I694 (cpl_timeout_logic_DW01_sub_302)
                                          0.000    0.000 2.14e+05 2.14e-04   0.0
      sub_86_I664 (cpl_timeout_logic_DW01_sub_301)
                                          0.000    0.000 2.14e+05 2.14e-04   0.0
      sub_86_I275 (cpl_timeout_logic_DW01_sub_300)
                                          0.000    0.000 2.14e+05 2.14e-04   0.0
      sub_86_I916 (cpl_timeout_logic_DW01_sub_299)
                                          0.000    0.000 2.14e+05 2.14e-04   0.0
      sub_86_I332 (cpl_timeout_logic_DW01_sub_298)
                                          0.000    0.000 2.14e+05 2.14e-04   0.0
      sub_86_I452 (cpl_timeout_logic_DW01_sub_297)
                                          0.000    0.000 2.14e+05 2.14e-04   0.0
      sub_86_I429 (cpl_timeout_logic_DW01_sub_296)
                                          0.000    0.000 2.14e+05 2.14e-04   0.0
      sub_86_I359 (cpl_timeout_logic_DW01_sub_295)
                                          0.000    0.000 2.14e+05 2.14e-04   0.0
      sub_86_I301 (cpl_timeout_logic_DW01_sub_294)
                                          0.000    0.000 2.14e+05 2.14e-04   0.0
      sub_86_I267 (cpl_timeout_logic_DW01_sub_293)
                                          0.000    0.000 2.14e+05 2.14e-04   0.0
      sub_86_I761 (cpl_timeout_logic_DW01_sub_292)
                                          0.000    0.000 2.14e+05 2.14e-04   0.0
      sub_86_I852 (cpl_timeout_logic_DW01_sub_291)
                                          0.000    0.000 2.14e+05 2.14e-04   0.0
      sub_86_I687 (cpl_timeout_logic_DW01_sub_290)
                                          0.000    0.000 2.14e+05 2.14e-04   0.0
      sub_86_I667 (cpl_timeout_logic_DW01_sub_289)
                                          0.000    0.000 2.14e+05 2.14e-04   0.0
      sub_86_I621 (cpl_timeout_logic_DW01_sub_288)
                                          0.000    0.000 2.14e+05 2.14e-04   0.0
      sub_86_I535 (cpl_timeout_logic_DW01_sub_287)
                                          0.000    0.000 2.14e+05 2.14e-04   0.0
      sub_86_I324 (cpl_timeout_logic_DW01_sub_286)
                                          0.000    0.000 2.14e+05 2.14e-04   0.0
      sub_86_I42 (cpl_timeout_logic_DW01_sub_285)
                                          0.000    0.000 2.14e+05 2.14e-04   0.0
      sub_86_I173 (cpl_timeout_logic_DW01_sub_284)
                                          0.000    0.000 2.14e+05 2.14e-04   0.0
      sub_86_I751 (cpl_timeout_logic_DW01_sub_283)
                                          0.000    0.000 2.14e+05 2.14e-04   0.0
      sub_86_I291 (cpl_timeout_logic_DW01_sub_282)
                                          0.000    0.000 2.14e+05 2.14e-04   0.0
      sub_86_I701 (cpl_timeout_logic_DW01_sub_281)
                                          0.000    0.000 2.14e+05 2.14e-04   0.0
      sub_86_I580 (cpl_timeout_logic_DW01_sub_280)
                                          0.000    0.000 2.14e+05 2.14e-04   0.0
      sub_86_I190 (cpl_timeout_logic_DW01_sub_279)
                                          0.000    0.000 2.14e+05 2.14e-04   0.0
      sub_86_I357 (cpl_timeout_logic_DW01_sub_278)
                                          0.000    0.000 2.14e+05 2.14e-04   0.0
      sub_86_I354 (cpl_timeout_logic_DW01_sub_277)
                                          0.000    0.000 2.14e+05 2.14e-04   0.0
      sub_86_I821 (cpl_timeout_logic_DW01_sub_276)
                                          0.000    0.000 2.14e+05 2.14e-04   0.0
      sub_86_I241 (cpl_timeout_logic_DW01_sub_275)
                                          0.000    0.000 2.14e+05 2.14e-04   0.0
      sub_86_I384 (cpl_timeout_logic_DW01_sub_274)
                                          0.000    0.000 2.14e+05 2.14e-04   0.0
      sub_86_I122 (cpl_timeout_logic_DW01_sub_273)
                                          0.000    0.000 2.14e+05 2.14e-04   0.0
      sub_86_I799 (cpl_timeout_logic_DW01_sub_272)
                                          0.000    0.000 2.14e+05 2.14e-04   0.0
      sub_86_I708 (cpl_timeout_logic_DW01_sub_271)
                                          0.000    0.000 2.14e+05 2.14e-04   0.0
      sub_86_I544 (cpl_timeout_logic_DW01_sub_270)
                                          0.000    0.000 2.14e+05 2.14e-04   0.0
      sub_86_I612 (cpl_timeout_logic_DW01_sub_269)
                                          0.000    0.000 2.14e+05 2.14e-04   0.0
      sub_86_I290 (cpl_timeout_logic_DW01_sub_268)
                                          0.000    0.000 2.14e+05 2.14e-04   0.0
      sub_86_I561 (cpl_timeout_logic_DW01_sub_267)
                                          0.000    0.000 2.14e+05 2.14e-04   0.0
      sub_86_I700 (cpl_timeout_logic_DW01_sub_266)
                                          0.000    0.000 2.14e+05 2.14e-04   0.0
      sub_86_I192 (cpl_timeout_logic_DW01_sub_265)
                                          0.000    0.000 2.14e+05 2.14e-04   0.0
      sub_86_I181 (cpl_timeout_logic_DW01_sub_264)
                                          0.000    0.000 2.14e+05 2.14e-04   0.0
      sub_86_I849 (cpl_timeout_logic_DW01_sub_263)
                                          0.000    0.000 2.14e+05 2.14e-04   0.0
      sub_86_I924 (cpl_timeout_logic_DW01_sub_262)
                                          0.000    0.000 2.14e+05 2.14e-04   0.0
      sub_86_I978 (cpl_timeout_logic_DW01_sub_261)
                                          0.000    0.000 2.15e+05 2.15e-04   0.0
      sub_86_I380 (cpl_timeout_logic_DW01_sub_260)
                                          0.000    0.000 2.14e+05 2.14e-04   0.0
      sub_86_I492 (cpl_timeout_logic_DW01_sub_259)
                                          0.000    0.000 2.14e+05 2.14e-04   0.0
      sub_86_I9 (cpl_timeout_logic_DW01_sub_258)
                                          0.000    0.000 2.14e+05 2.14e-04   0.0
      sub_86_I415 (cpl_timeout_logic_DW01_sub_257)
                                          0.000    0.000 2.14e+05 2.14e-04   0.0
      sub_86_I704 (cpl_timeout_logic_DW01_sub_256)
                                          0.000    0.000 2.14e+05 2.14e-04   0.0
      sub_86_I77 (cpl_timeout_logic_DW01_sub_255)
                                          0.000    0.000 2.14e+05 2.14e-04   0.0
      sub_86_I588 (cpl_timeout_logic_DW01_sub_254)
                                          0.000    0.000 2.14e+05 2.14e-04   0.0
      sub_86_I226 (cpl_timeout_logic_DW01_sub_253)
                                          0.000    0.000 2.14e+05 2.14e-04   0.0
      sub_86_I317 (cpl_timeout_logic_DW01_sub_252)
                                          0.000    0.000 2.14e+05 2.14e-04   0.0
      sub_86_I182 (cpl_timeout_logic_DW01_sub_251)
                                          0.000    0.000 2.14e+05 2.14e-04   0.0
      sub_86_I943 (cpl_timeout_logic_DW01_sub_250)
                                          0.000    0.000 2.15e+05 2.15e-04   0.0
      sub_86_I755 (cpl_timeout_logic_DW01_sub_249)
                                          0.000    0.000 2.14e+05 2.14e-04   0.0
      sub_86_I50 (cpl_timeout_logic_DW01_sub_248)
                                          0.000    0.000 2.14e+05 2.14e-04   0.0
      sub_86_I53 (cpl_timeout_logic_DW01_sub_247)
                                          0.000    0.000 2.14e+05 2.14e-04   0.0
      sub_86_I631 (cpl_timeout_logic_DW01_sub_246)
                                          0.000    0.000 2.14e+05 2.14e-04   0.0
      sub_86_I425 (cpl_timeout_logic_DW01_sub_245)
                                          0.000    0.000 2.14e+05 2.14e-04   0.0
      sub_86_I286 (cpl_timeout_logic_DW01_sub_244)
                                          0.000    0.000 2.14e+05 2.14e-04   0.0
      sub_86_I840 (cpl_timeout_logic_DW01_sub_243)
                                          0.000    0.000 2.14e+05 2.14e-04   0.0
      sub_86_I195 (cpl_timeout_logic_DW01_sub_242)
                                          0.000    0.000 2.14e+05 2.14e-04   0.0
      sub_86_I782 (cpl_timeout_logic_DW01_sub_241)
                                          0.000    0.000 2.14e+05 2.14e-04   0.0
      sub_86_I605 (cpl_timeout_logic_DW01_sub_240)
                                          0.000    0.000 2.14e+05 2.14e-04   0.0
      sub_86_I471 (cpl_timeout_logic_DW01_sub_239)
                                          0.000    0.000 2.14e+05 2.14e-04   0.0
      sub_86_I1004 (cpl_timeout_logic_DW01_sub_238)
                                          0.000    0.000 2.15e+05 2.15e-04   0.0
      sub_86_I371 (cpl_timeout_logic_DW01_sub_237)
                                          0.000    0.000 2.14e+05 2.14e-04   0.0
      sub_86_I80 (cpl_timeout_logic_DW01_sub_236)
                                          0.000    0.000 2.14e+05 2.14e-04   0.0
      sub_86_I921 (cpl_timeout_logic_DW01_sub_235)
                                          0.000    0.000 2.14e+05 2.14e-04   0.0
      sub_86_I832 (cpl_timeout_logic_DW01_sub_234)
                                          0.000    0.000 2.14e+05 2.14e-04   0.0
      sub_86_I482 (cpl_timeout_logic_DW01_sub_233)
                                          0.000    0.000 2.14e+05 2.14e-04   0.0
      sub_86_I343 (cpl_timeout_logic_DW01_sub_232)
                                          0.000    0.000 2.14e+05 2.14e-04   0.0
      sub_86_I273 (cpl_timeout_logic_DW01_sub_231)
                                          0.000    0.000 2.14e+05 2.14e-04   0.0
      sub_86_I643 (cpl_timeout_logic_DW01_sub_230)
                                          0.000    0.000 2.14e+05 2.14e-04   0.0
      sub_86_I19 (cpl_timeout_logic_DW01_sub_229)
                                          0.000    0.000 2.14e+05 2.14e-04   0.0
      sub_86_I408 (cpl_timeout_logic_DW01_sub_228)
                                          0.000    0.000 2.14e+05 2.14e-04   0.0
      sub_86_I159 (cpl_timeout_logic_DW01_sub_227)
                                          0.000    0.000 2.14e+05 2.14e-04   0.0
      sub_86_I920 (cpl_timeout_logic_DW01_sub_226)
                                          0.000    0.000 2.14e+05 2.14e-04   0.0
      sub_86_I3 (cpl_timeout_logic_DW01_sub_225)
                                          0.000    0.000 2.14e+05 2.14e-04   0.0
      sub_86_I479 (cpl_timeout_logic_DW01_sub_224)
                                          0.000    0.000 2.14e+05 2.14e-04   0.0
      sub_86_I918 (cpl_timeout_logic_DW01_sub_223)
                                          0.000    0.000 2.14e+05 2.14e-04   0.0
      sub_86_I586 (cpl_timeout_logic_DW01_sub_222)
                                          0.000    0.000 2.14e+05 2.14e-04   0.0
      sub_86_I431 (cpl_timeout_logic_DW01_sub_221)
                                          0.000    0.000 2.14e+05 2.14e-04   0.0
      sub_86_I118 (cpl_timeout_logic_DW01_sub_220)
                                          0.000    0.000 2.14e+05 2.14e-04   0.0
      sub_86_I18 (cpl_timeout_logic_DW01_sub_219)
                                          0.000    0.000 2.14e+05 2.14e-04   0.0
      sub_86_I642 (cpl_timeout_logic_DW01_sub_218)
                                          0.000    0.000 2.14e+05 2.14e-04   0.0
      sub_86_I313 (cpl_timeout_logic_DW01_sub_217)
                                          0.000    0.000 2.14e+05 2.14e-04   0.0
      sub_86_I238 (cpl_timeout_logic_DW01_sub_216)
                                          0.000    0.000 2.14e+05 2.14e-04   0.0
      sub_86_I744 (cpl_timeout_logic_DW01_sub_215)
                                          0.000    0.000 2.14e+05 2.14e-04   0.0
      sub_86_I34 (cpl_timeout_logic_DW01_sub_214)
                                          0.000    0.000 2.14e+05 2.14e-04   0.0
      sub_86_I582 (cpl_timeout_logic_DW01_sub_213)
                                          0.000    0.000 2.14e+05 2.14e-04   0.0
      sub_86_I463 (cpl_timeout_logic_DW01_sub_212)
                                          0.000    0.000 2.14e+05 2.14e-04   0.0
      sub_86_I801 (cpl_timeout_logic_DW01_sub_211)
                                          0.000    0.000 2.14e+05 2.14e-04   0.0
      sub_86_I468 (cpl_timeout_logic_DW01_sub_210)
                                          0.000    0.000 2.14e+05 2.14e-04   0.0
      sub_86_I771 (cpl_timeout_logic_DW01_sub_209)
                                          0.000    0.000 2.14e+05 2.14e-04   0.0
      sub_86_I64 (cpl_timeout_logic_DW01_sub_208)
                                          0.000    0.000 2.14e+05 2.14e-04   0.0
      sub_86_I493 (cpl_timeout_logic_DW01_sub_207)
                                          0.000    0.000 2.14e+05 2.14e-04   0.0
      sub_86_I713 (cpl_timeout_logic_DW01_sub_206)
                                          0.000    0.000 2.14e+05 2.14e-04   0.0
      sub_86_I215 (cpl_timeout_logic_DW01_sub_205)
                                          0.000    0.000 2.14e+05 2.14e-04   0.0
      sub_86_I407 (cpl_timeout_logic_DW01_sub_204)
                                          0.000    0.000 2.14e+05 2.14e-04   0.0
      sub_86_I252 (cpl_timeout_logic_DW01_sub_203)
                                          0.000    0.000 2.14e+05 2.14e-04   0.0
      sub_86_I365 (cpl_timeout_logic_DW01_sub_202)
                                          0.000    0.000 2.14e+05 2.14e-04   0.0
      sub_86_I702 (cpl_timeout_logic_DW01_sub_201)
                                          0.000    0.000 2.14e+05 2.14e-04   0.0
      sub_86_I279 (cpl_timeout_logic_DW01_sub_200)
                                          0.000    0.000 2.14e+05 2.14e-04   0.0
      sub_86_I337 (cpl_timeout_logic_DW01_sub_199)
                                          0.000    0.000 2.14e+05 2.14e-04   0.0
      sub_86_I855 (cpl_timeout_logic_DW01_sub_198)
                                          0.000    0.000 2.14e+05 2.14e-04   0.0
      sub_86_I865 (cpl_timeout_logic_DW01_sub_197)
                                          0.000    0.000 2.14e+05 2.14e-04   0.0
      sub_86_I264 (cpl_timeout_logic_DW01_sub_196)
                                          0.000    0.000 2.14e+05 2.14e-04   0.0
      sub_86_I895 (cpl_timeout_logic_DW01_sub_195)
                                          0.000    0.000 2.14e+05 2.14e-04   0.0
      sub_86_I577 (cpl_timeout_logic_DW01_sub_194)
                                          0.000    0.000 2.14e+05 2.14e-04   0.0
      sub_86_I596 (cpl_timeout_logic_DW01_sub_193)
                                          0.000    0.000 2.14e+05 2.14e-04   0.0
      sub_86_I873 (cpl_timeout_logic_DW01_sub_192)
                                          0.000    0.000 2.14e+05 2.14e-04   0.0
      sub_86_I180 (cpl_timeout_logic_DW01_sub_191)
                                          0.000    0.000 2.14e+05 2.14e-04   0.0
      sub_86_I541 (cpl_timeout_logic_DW01_sub_190)
                                          0.000    0.000 2.14e+05 2.14e-04   0.0
      sub_86_I591 (cpl_timeout_logic_DW01_sub_189)
                                          0.000    0.000 2.14e+05 2.14e-04   0.0
      sub_86_I85 (cpl_timeout_logic_DW01_sub_188)
                                          0.000    0.000 2.14e+05 2.14e-04   0.0
      sub_86_I121 (cpl_timeout_logic_DW01_sub_187)
                                          0.000    0.000 2.14e+05 2.14e-04   0.0
      sub_86_I763 (cpl_timeout_logic_DW01_sub_186)
                                          0.000    0.000 2.14e+05 2.14e-04   0.0
      sub_86_I748 (cpl_timeout_logic_DW01_sub_185)
                                          0.000    0.000 2.14e+05 2.14e-04   0.0
      sub_86_I210 (cpl_timeout_logic_DW01_sub_184)
                                          0.000    0.000 2.14e+05 2.14e-04   0.0
      sub_86_I175 (cpl_timeout_logic_DW01_sub_183)
                                          0.000    0.000 2.14e+05 2.14e-04   0.0
      sub_86_I775 (cpl_timeout_logic_DW01_sub_182)
                                          0.000    0.000 2.14e+05 2.14e-04   0.0
      sub_86_I848 (cpl_timeout_logic_DW01_sub_181)
                                          0.000    0.000 2.14e+05 2.14e-04   0.0
      sub_86_I467 (cpl_timeout_logic_DW01_sub_180)
                                          0.000    0.000 2.14e+05 2.14e-04   0.0
      sub_86_I397 (cpl_timeout_logic_DW01_sub_179)
                                          0.000    0.000 2.14e+05 2.14e-04   0.0
      sub_86_I777 (cpl_timeout_logic_DW01_sub_178)
                                          0.000    0.000 2.14e+05 2.14e-04   0.0
      sub_86_I632 (cpl_timeout_logic_DW01_sub_177)
                                          0.000    0.000 2.14e+05 2.14e-04   0.0
      sub_86_I445 (cpl_timeout_logic_DW01_sub_176)
                                          0.000    0.000 2.14e+05 2.14e-04   0.0
      sub_86_I355 (cpl_timeout_logic_DW01_sub_175)
                                          0.000    0.000 2.14e+05 2.14e-04   0.0
      sub_86_I200 (cpl_timeout_logic_DW01_sub_174)
                                          0.000    0.000 2.14e+05 2.14e-04   0.0
      sub_86_I988 (cpl_timeout_logic_DW01_sub_173)
                                          0.000    0.000 2.15e+05 2.15e-04   0.0
      sub_86_I922 (cpl_timeout_logic_DW01_sub_172)
                                          0.000    0.000 2.14e+05 2.14e-04   0.0
      sub_86_I312 (cpl_timeout_logic_DW01_sub_171)
                                          0.000    0.000 2.14e+05 2.14e-04   0.0
      sub_86_I746 (cpl_timeout_logic_DW01_sub_170)
                                          0.000    0.000 2.14e+05 2.14e-04   0.0
      sub_86_I626 (cpl_timeout_logic_DW01_sub_169)
                                          0.000    0.000 2.14e+05 2.14e-04   0.0
      sub_86_I606 (cpl_timeout_logic_DW01_sub_168)
                                          0.000    0.000 2.14e+05 2.14e-04   0.0
      sub_86_I216 (cpl_timeout_logic_DW01_sub_167)
                                          0.000    0.000 2.14e+05 2.14e-04   0.0
      sub_86_I572 (cpl_timeout_logic_DW01_sub_166)
                                          0.000    0.000 2.14e+05 2.14e-04   0.0
      sub_86_I72 (cpl_timeout_logic_DW01_sub_165)
                                          0.000    0.000 2.14e+05 2.14e-04   0.0
      sub_86_I270 (cpl_timeout_logic_DW01_sub_164)
                                          0.000    0.000 2.14e+05 2.14e-04   0.0
      sub_86_I246 (cpl_timeout_logic_DW01_sub_163)
                                          0.000    0.000 2.14e+05 2.14e-04   0.0
      sub_86_I326 (cpl_timeout_logic_DW01_sub_162)
                                          0.000    0.000 2.14e+05 2.14e-04   0.0
      sub_86_I30 (cpl_timeout_logic_DW01_sub_161)
                                          0.000    0.000 2.14e+05 2.14e-04   0.0
      sub_86_I698 (cpl_timeout_logic_DW01_sub_160)
                                          0.000    0.000 2.14e+05 2.14e-04   0.0
      sub_86_I941 (cpl_timeout_logic_DW01_sub_159)
                                          0.000    0.000 2.15e+05 2.15e-04   0.0
      sub_86_I937 (cpl_timeout_logic_DW01_sub_158)
                                          0.000    0.000 2.15e+05 2.15e-04   0.0
      sub_86_I877 (cpl_timeout_logic_DW01_sub_157)
                                          0.000    0.000 2.14e+05 2.14e-04   0.0
      sub_86_I910 (cpl_timeout_logic_DW01_sub_156)
                                          0.000    0.000 2.14e+05 2.14e-04   0.0
      sub_86_I394 (cpl_timeout_logic_DW01_sub_155)
                                          0.000    0.000 2.14e+05 2.14e-04   0.0
      sub_86_I598 (cpl_timeout_logic_DW01_sub_154)
                                          0.000    0.000 2.14e+05 2.14e-04   0.0
      sub_86_I953 (cpl_timeout_logic_DW01_sub_153)
                                          0.000    0.000 2.15e+05 2.15e-04   0.0
      sub_86_I1003 (cpl_timeout_logic_DW01_sub_152)
                                          0.000    0.000 2.15e+05 2.15e-04   0.0
      sub_86_I475 (cpl_timeout_logic_DW01_sub_151)
                                          0.000    0.000 2.14e+05 2.14e-04   0.0
      sub_86_I956 (cpl_timeout_logic_DW01_sub_150)
                                          0.000    0.000 2.15e+05 2.15e-04   0.0
      sub_86_I244 (cpl_timeout_logic_DW01_sub_149)
                                          0.000    0.000 2.14e+05 2.14e-04   0.0
      sub_86_I551 (cpl_timeout_logic_DW01_sub_148)
                                          0.000    0.000 2.14e+05 2.14e-04   0.0
      sub_86_I987 (cpl_timeout_logic_DW01_sub_147)
                                          0.000    0.000 2.15e+05 2.15e-04   0.0
      sub_86_I426 (cpl_timeout_logic_DW01_sub_146)
                                          0.000    0.000 2.14e+05 2.14e-04   0.0
      sub_86_I1011 (cpl_timeout_logic_DW01_sub_145)
                                          0.000    0.000 2.15e+05 2.15e-04   0.0
      sub_86_I909 (cpl_timeout_logic_DW01_sub_144)
                                          0.000    0.000 2.14e+05 2.14e-04   0.0
      sub_86_I114 (cpl_timeout_logic_DW01_sub_143)
                                          0.000    0.000 2.14e+05 2.14e-04   0.0
      sub_86_I513 (cpl_timeout_logic_DW01_sub_142)
                                          0.000    0.000 2.14e+05 2.14e-04   0.0
      sub_86_I83 (cpl_timeout_logic_DW01_sub_141)
                                          0.000    0.000 2.14e+05 2.14e-04   0.0
      sub_86_I914 (cpl_timeout_logic_DW01_sub_140)
                                          0.000    0.000 2.14e+05 2.14e-04   0.0
      sub_86_I340 (cpl_timeout_logic_DW01_sub_139)
                                          0.000    0.000 2.14e+05 2.14e-04   0.0
      sub_86_I102 (cpl_timeout_logic_DW01_sub_138)
                                          0.000    0.000 2.14e+05 2.14e-04   0.0
      sub_86_I104 (cpl_timeout_logic_DW01_sub_137)
                                          0.000    0.000 2.14e+05 2.14e-04   0.0
      sub_86_I29 (cpl_timeout_logic_DW01_sub_136)
                                          0.000    0.000 2.14e+05 2.14e-04   0.0
      sub_86_I878 (cpl_timeout_logic_DW01_sub_135)
                                          0.000    0.000 2.14e+05 2.14e-04   0.0
      sub_86_I703 (cpl_timeout_logic_DW01_sub_134)
                                          0.000    0.000 2.14e+05 2.14e-04   0.0
      sub_86_I187 (cpl_timeout_logic_DW01_sub_133)
                                          0.000    0.000 2.14e+05 2.14e-04   0.0
      sub_86_I882 (cpl_timeout_logic_DW01_sub_132)
                                          0.000    0.000 2.14e+05 2.14e-04   0.0
      sub_86_I986 (cpl_timeout_logic_DW01_sub_131)
                                          0.000    0.000 2.15e+05 2.15e-04   0.0
      sub_86_I400 (cpl_timeout_logic_DW01_sub_130)
                                          0.000    0.000 2.14e+05 2.14e-04   0.0
      sub_86_I648 (cpl_timeout_logic_DW01_sub_129)
                                          0.000    0.000 2.14e+05 2.14e-04   0.0
      sub_86_I1017 (cpl_timeout_logic_DW01_sub_128)
                                          0.000    0.000 2.15e+05 2.15e-04   0.0
      sub_86_I745 (cpl_timeout_logic_DW01_sub_127)
                                          0.000    0.000 2.14e+05 2.14e-04   0.0
      sub_86_I837 (cpl_timeout_logic_DW01_sub_126)
                                          0.000    0.000 2.14e+05 2.14e-04   0.0
      sub_86_I338 (cpl_timeout_logic_DW01_sub_125)
                                          0.000    0.000 2.14e+05 2.14e-04   0.0
      sub_86_I219 (cpl_timeout_logic_DW01_sub_124)
                                          0.000    0.000 2.14e+05 2.14e-04   0.0
      sub_86_I613 (cpl_timeout_logic_DW01_sub_123)
                                          0.000    0.000 2.14e+05 2.14e-04   0.0
      sub_86_I810 (cpl_timeout_logic_DW01_sub_122)
                                          0.000    0.000 2.14e+05 2.14e-04   0.0
      sub_86_I548 (cpl_timeout_logic_DW01_sub_121)
                                          0.000    0.000 2.14e+05 2.14e-04   0.0
      sub_86_I935 (cpl_timeout_logic_DW01_sub_120)
                                          0.000    0.000 2.14e+05 2.14e-04   0.0
      sub_86_I773 (cpl_timeout_logic_DW01_sub_119)
                                          0.000    0.000 2.14e+05 2.14e-04   0.0
      sub_86_I193 (cpl_timeout_logic_DW01_sub_118)
                                          0.000    0.000 2.14e+05 2.14e-04   0.0
      sub_86_I628 (cpl_timeout_logic_DW01_sub_117)
                                          0.000    0.000 2.14e+05 2.14e-04   0.0
      sub_86_I111 (cpl_timeout_logic_DW01_sub_116)
                                          0.000    0.000 2.14e+05 2.14e-04   0.0
      sub_86_I999 (cpl_timeout_logic_DW01_sub_115)
                                          0.000    0.000 2.15e+05 2.15e-04   0.0
      sub_86_I243 (cpl_timeout_logic_DW01_sub_114)
                                          0.000    0.000 2.14e+05 2.14e-04   0.0
      sub_86_I766 (cpl_timeout_logic_DW01_sub_113)
                                          0.000    0.000 2.14e+05 2.14e-04   0.0
      sub_86_I564 (cpl_timeout_logic_DW01_sub_112)
                                          0.000    0.000 2.14e+05 2.14e-04   0.0
      sub_86_I208 (cpl_timeout_logic_DW01_sub_111)
                                          0.000    0.000 2.14e+05 2.14e-04   0.0
      sub_86_I805 (cpl_timeout_logic_DW01_sub_110)
                                          0.000    0.000 2.14e+05 2.14e-04   0.0
      sub_86_I818 (cpl_timeout_logic_DW01_sub_109)
                                          0.000    0.000 2.14e+05 2.14e-04   0.0
      sub_86_I886 (cpl_timeout_logic_DW01_sub_108)
                                          0.000    0.000 2.14e+05 2.14e-04   0.0
      sub_86_I784 (cpl_timeout_logic_DW01_sub_107)
                                          0.000    0.000 2.14e+05 2.14e-04   0.0
      sub_86_I811 (cpl_timeout_logic_DW01_sub_106)
                                          0.000    0.000 2.14e+05 2.14e-04   0.0
      sub_86_I217 (cpl_timeout_logic_DW01_sub_105)
                                          0.000    0.000 2.14e+05 2.14e-04   0.0
      sub_86_I778 (cpl_timeout_logic_DW01_sub_104)
                                          0.000    0.000 2.14e+05 2.14e-04   0.0
      sub_86_I13 (cpl_timeout_logic_DW01_sub_103)
                                          0.000    0.000 2.14e+05 2.14e-04   0.0
      sub_86_I166 (cpl_timeout_logic_DW01_sub_102)
                                          0.000    0.000 2.14e+05 2.14e-04   0.0
      sub_86_I211 (cpl_timeout_logic_DW01_sub_101)
                                          0.000    0.000 2.14e+05 2.14e-04   0.0
      sub_86_I966 (cpl_timeout_logic_DW01_sub_100)
                                          0.000    0.000 2.15e+05 2.15e-04   0.0
      sub_86_I135 (cpl_timeout_logic_DW01_sub_99)
                                          0.000    0.000 2.14e+05 2.14e-04   0.0
      sub_86_I71 (cpl_timeout_logic_DW01_sub_98)
                                          0.000    0.000 2.14e+05 2.14e-04   0.0
      sub_86_I205 (cpl_timeout_logic_DW01_sub_97)
                                          0.000    0.000 2.14e+05 2.14e-04   0.0
      sub_86_I79 (cpl_timeout_logic_DW01_sub_96)
                                          0.000    0.000 2.14e+05 2.14e-04   0.0
      sub_86_I1019 (cpl_timeout_logic_DW01_sub_95)
                                          0.000    0.000 2.15e+05 2.15e-04   0.0
      sub_86_I876 (cpl_timeout_logic_DW01_sub_94)
                                          0.000    0.000 2.14e+05 2.14e-04   0.0
      sub_86_I995 (cpl_timeout_logic_DW01_sub_93)
                                          0.000    0.000 2.15e+05 2.15e-04   0.0
      sub_86_I23 (cpl_timeout_logic_DW01_sub_92)
                                          0.000    0.000 2.14e+05 2.14e-04   0.0
      sub_86_I830 (cpl_timeout_logic_DW01_sub_91)
                                          0.000    0.000 2.14e+05 2.14e-04   0.0
      sub_86_I503 (cpl_timeout_logic_DW01_sub_90)
                                          0.000    0.000 2.14e+05 2.14e-04   0.0
      sub_86_I721 (cpl_timeout_logic_DW01_sub_89)
                                          0.000    0.000 2.14e+05 2.14e-04   0.0
      sub_86_I783 (cpl_timeout_logic_DW01_sub_88)
                                          0.000    0.000 2.14e+05 2.14e-04   0.0
      sub_86_I132 (cpl_timeout_logic_DW01_sub_87)
                                          0.000    0.000 2.14e+05 2.14e-04   0.0
      sub_86_I369 (cpl_timeout_logic_DW01_sub_86)
                                          0.000    0.000 2.14e+05 2.14e-04   0.0
      sub_86_I40 (cpl_timeout_logic_DW01_sub_85)
                                          0.000    0.000 2.14e+05 2.14e-04   0.0
      sub_86_I838 (cpl_timeout_logic_DW01_sub_84)
                                          0.000    0.000 2.14e+05 2.14e-04   0.0
      sub_86_I154 (cpl_timeout_logic_DW01_sub_83)
                                          0.000    0.000 2.14e+05 2.14e-04   0.0
      sub_86_I20 (cpl_timeout_logic_DW01_sub_82)
                                          0.000    0.000 2.14e+05 2.14e-04   0.0
      sub_86_I63 (cpl_timeout_logic_DW01_sub_81)
                                          0.000    0.000 2.14e+05 2.14e-04   0.0
      sub_86_I69 (cpl_timeout_logic_DW01_sub_80)
                                          0.000    0.000 2.14e+05 2.14e-04   0.0
      sub_86_I515 (cpl_timeout_logic_DW01_sub_79)
                                          0.000    0.000 2.14e+05 2.14e-04   0.0
      sub_86_I197 (cpl_timeout_logic_DW01_sub_78)
                                          0.000    0.000 2.14e+05 2.14e-04   0.0
      sub_86_I352 (cpl_timeout_logic_DW01_sub_77)
                                          0.000    0.000 2.14e+05 2.14e-04   0.0
      sub_86_I997 (cpl_timeout_logic_DW01_sub_76)
                                          0.000    0.000 2.15e+05 2.15e-04   0.0
      sub_86_I650 (cpl_timeout_logic_DW01_sub_75)
                                          0.000    0.000 2.14e+05 2.14e-04   0.0
      sub_86_I759 (cpl_timeout_logic_DW01_sub_74)
                                          0.000    0.000 2.14e+05 2.14e-04   0.0
      sub_86_I709 (cpl_timeout_logic_DW01_sub_73)
                                          0.000    0.000 2.14e+05 2.14e-04   0.0
      sub_86_I899 (cpl_timeout_logic_DW01_sub_72)
                                          0.000    0.000 2.14e+05 2.14e-04   0.0
      sub_86_I673 (cpl_timeout_logic_DW01_sub_71)
                                          0.000    0.000 2.14e+05 2.14e-04   0.0
      sub_86_I977 (cpl_timeout_logic_DW01_sub_70)
                                          0.000    0.000 2.15e+05 2.15e-04   0.0
      sub_86_I742 (cpl_timeout_logic_DW01_sub_69)
                                          0.000    0.000 2.14e+05 2.14e-04   0.0
      sub_86_I594 (cpl_timeout_logic_DW01_sub_68)
                                          0.000    0.000 2.14e+05 2.14e-04   0.0
      sub_86_I644 (cpl_timeout_logic_DW01_sub_67)
                                          0.000    0.000 2.14e+05 2.14e-04   0.0
      sub_86_I980 (cpl_timeout_logic_DW01_sub_66)
                                          0.000    0.000 2.15e+05 2.15e-04   0.0
      sub_86_I5 (cpl_timeout_logic_DW01_sub_65)
                                          0.000    0.000 2.14e+05 2.14e-04   0.0
      sub_86_I158 (cpl_timeout_logic_DW01_sub_64)
                                          0.000    0.000 2.14e+05 2.14e-04   0.0
      sub_86_I635 (cpl_timeout_logic_DW01_sub_63)
                                          0.000    0.000 2.14e+05 2.14e-04   0.0
      sub_86_I823 (cpl_timeout_logic_DW01_sub_62)
                                          0.000    0.000 2.14e+05 2.14e-04   0.0
      sub_86_I457 (cpl_timeout_logic_DW01_sub_61)
                                          0.000    0.000 2.14e+05 2.14e-04   0.0
      sub_86_I933 (cpl_timeout_logic_DW01_sub_60)
                                          0.000    0.000 2.14e+05 2.14e-04   0.0
      sub_86_I39 (cpl_timeout_logic_DW01_sub_59)
                                          0.000    0.000 2.14e+05 2.14e-04   0.0
      sub_86_I552 (cpl_timeout_logic_DW01_sub_58)
                                          0.000    0.000 2.14e+05 2.14e-04   0.0
      sub_86_I684 (cpl_timeout_logic_DW01_sub_57)
                                          0.000    0.000 2.14e+05 2.14e-04   0.0
      sub_86_I725 (cpl_timeout_logic_DW01_sub_56)
                                          0.000    0.000 2.14e+05 2.14e-04   0.0
      sub_86_I281 (cpl_timeout_logic_DW01_sub_55)
                                          0.000    0.000 2.14e+05 2.14e-04   0.0
      sub_86_I706 (cpl_timeout_logic_DW01_sub_54)
                                          0.000    0.000 2.14e+05 2.14e-04   0.0
      sub_86_I583 (cpl_timeout_logic_DW01_sub_53)
                                          0.000    0.000 2.14e+05 2.14e-04   0.0
      sub_86_I789 (cpl_timeout_logic_DW01_sub_52)
                                          0.000    0.000 2.14e+05 2.14e-04   0.0
      sub_86_I412 (cpl_timeout_logic_DW01_sub_51)
                                          0.000    0.000 2.14e+05 2.14e-04   0.0
      sub_86_I117 (cpl_timeout_logic_DW01_sub_50)
                                          0.000    0.000 2.14e+05 2.14e-04   0.0
      sub_86_I972 (cpl_timeout_logic_DW01_sub_49)
                                          0.000    0.000 2.15e+05 2.15e-04   0.0
      sub_86_I347 (cpl_timeout_logic_DW01_sub_48)
                                          0.000    0.000 2.14e+05 2.14e-04   0.0
      sub_86_I615 (cpl_timeout_logic_DW01_sub_47)
                                          0.000    0.000 2.14e+05 2.14e-04   0.0
      sub_86_I560 (cpl_timeout_logic_DW01_sub_46)
                                          0.000    0.000 2.14e+05 2.14e-04   0.0
      sub_86_I1013 (cpl_timeout_logic_DW01_sub_45)
                                          0.000    0.000 2.15e+05 2.15e-04   0.0
      sub_86_I148 (cpl_timeout_logic_DW01_sub_44)
                                          0.000    0.000 2.14e+05 2.14e-04   0.0
      sub_86_I251 (cpl_timeout_logic_DW01_sub_43)
                                          0.000    0.000 2.14e+05 2.14e-04   0.0
      sub_86_I38 (cpl_timeout_logic_DW01_sub_42)
                                          0.000    0.000 2.14e+05 2.14e-04   0.0
      sub_86_I483 (cpl_timeout_logic_DW01_sub_41)
                                          0.000    0.000 2.14e+05 2.14e-04   0.0
      sub_86_I161 (cpl_timeout_logic_DW01_sub_40)
                                          0.000    0.000 2.14e+05 2.14e-04   0.0
      sub_86_I951 (cpl_timeout_logic_DW01_sub_39)
                                          0.000    0.000 2.15e+05 2.15e-04   0.0
      sub_86_I236 (cpl_timeout_logic_DW01_sub_38)
                                          0.000    0.000 2.14e+05 2.14e-04   0.0
      sub_86_I955 (cpl_timeout_logic_DW01_sub_37)
                                          0.000    0.000 2.15e+05 2.15e-04   0.0
      sub_86_I448 (cpl_timeout_logic_DW01_sub_36)
                                          0.000    0.000 2.14e+05 2.14e-04   0.0
      sub_86_I172 (cpl_timeout_logic_DW01_sub_35)
                                          0.000    0.000 2.14e+05 2.14e-04   0.0
      sub_86_I124 (cpl_timeout_logic_DW01_sub_34)
                                          0.000    0.000 2.14e+05 2.14e-04   0.0
      sub_86_I202 (cpl_timeout_logic_DW01_sub_33)
                                          0.000    0.000 2.14e+05 2.14e-04   0.0
      sub_86_I188 (cpl_timeout_logic_DW01_sub_32)
                                          0.000    0.000 2.14e+05 2.14e-04   0.0
      sub_86_I1015 (cpl_timeout_logic_DW01_sub_31)
                                          0.000    0.000 2.15e+05 2.15e-04   0.0
      sub_86_I847 (cpl_timeout_logic_DW01_sub_30)
                                          0.000    0.000 2.14e+05 2.14e-04   0.0
      sub_86_I562 (cpl_timeout_logic_DW01_sub_29)
                                          0.000    0.000 2.14e+05 2.14e-04   0.0
      sub_86_I506 (cpl_timeout_logic_DW01_sub_28)
                                          0.000    0.000 2.14e+05 2.14e-04   0.0
      sub_86_I608 (cpl_timeout_logic_DW01_sub_27)
                                          0.000    0.000 2.14e+05 2.14e-04   0.0
      sub_86_I329 (cpl_timeout_logic_DW01_sub_26)
                                          0.000    0.000 2.14e+05 2.14e-04   0.0
      sub_86_I829 (cpl_timeout_logic_DW01_sub_25)
                                          0.000    0.000 2.14e+05 2.14e-04   0.0
      sub_86_I501 (cpl_timeout_logic_DW01_sub_24)
                                          0.000    0.000 2.14e+05 2.14e-04   0.0
      sub_86_I424 (cpl_timeout_logic_DW01_sub_23)
                                          0.000    0.000 2.14e+05 2.14e-04   0.0
      sub_86_I481 (cpl_timeout_logic_DW01_sub_22)
                                          0.000    0.000 2.14e+05 2.14e-04   0.0
      sub_86_I753 (cpl_timeout_logic_DW01_sub_21)
                                          0.000    0.000 2.14e+05 2.14e-04   0.0
      sub_86_I846 (cpl_timeout_logic_DW01_sub_20)
                                          0.000    0.000 2.14e+05 2.14e-04   0.0
      sub_86_I663 (cpl_timeout_logic_DW01_sub_19)
                                          0.000    0.000 2.14e+05 2.14e-04   0.0
      sub_86_I527 (cpl_timeout_logic_DW01_sub_18)
                                          0.000    0.000 2.14e+05 2.14e-04   0.0
      sub_86_I610 (cpl_timeout_logic_DW01_sub_17)
                                          0.000    0.000 2.14e+05 2.14e-04   0.0
      sub_86_I930 (cpl_timeout_logic_DW01_sub_16)
                                          0.000    0.000 2.14e+05 2.14e-04   0.0
      sub_86_I52 (cpl_timeout_logic_DW01_sub_15)
                                          0.000    0.000 2.14e+05 2.14e-04   0.0
      sub_86_I339 (cpl_timeout_logic_DW01_sub_14)
                                          0.000    0.000 2.14e+05 2.14e-04   0.0
      sub_86_I112 (cpl_timeout_logic_DW01_sub_13)
                                          0.000    0.000 2.14e+05 2.14e-04   0.0
      sub_86_I342 (cpl_timeout_logic_DW01_sub_12)
                                          0.000    0.000 2.14e+05 2.14e-04   0.0
      sub_86_I46 (cpl_timeout_logic_DW01_sub_11)
                                          0.000    0.000 2.14e+05 2.14e-04   0.0
      sub_86_I451 (cpl_timeout_logic_DW01_sub_10)
                                          0.000    0.000 2.14e+05 2.14e-04   0.0
      sub_86_I185 (cpl_timeout_logic_DW01_sub_9)
                                          0.000    0.000 2.14e+05 2.14e-04   0.0
      sub_86_I636 (cpl_timeout_logic_DW01_sub_8)
                                          0.000    0.000 2.14e+05 2.14e-04   0.0
      sub_86_I274 (cpl_timeout_logic_DW01_sub_7)
                                          0.000    0.000 2.14e+05 2.14e-04   0.0
      sub_86_I227 (cpl_timeout_logic_DW01_sub_6)
                                          0.000    0.000 2.14e+05 2.14e-04   0.0
      sub_86_I32 (cpl_timeout_logic_DW01_sub_5)
                                          0.000    0.000 2.14e+05 2.14e-04   0.0
      sub_86_I401 (cpl_timeout_logic_DW01_sub_4)
                                          0.000    0.000 2.14e+05 2.14e-04   0.0
      sub_86_I851 (cpl_timeout_logic_DW01_sub_3)
                                          0.000    0.000 2.14e+05 2.14e-04   0.0
      sub_86_I625 (cpl_timeout_logic_DW01_sub_2)
                                          0.000    0.000 2.14e+05 2.14e-04   0.0
      sub_86_I234 (cpl_timeout_logic_DW01_sub_1)
                                          0.000    0.000 2.14e+05 2.14e-04   0.0
      sub_86_I109 (cpl_timeout_logic_DW01_sub_0)
                                          0.000    0.000 2.14e+05 2.14e-04   0.0
    U_AER (aer_error_logger)              0.000    0.186 1.63e+06    0.188   0.0
    U_TMO_ERR (tmo_err_manager)        3.40e-03   76.634 6.63e+08   77.300   1.8
      sub_80_I880 (tmo_err_manager_DW01_sub_1023)
                                          0.000    0.000 1.70e+05 1.70e-04   0.0
      sub_80_I637 (tmo_err_manager_DW01_sub_1022)
                                          0.000    0.000 1.70e+05 1.70e-04   0.0
      sub_80_I109 (tmo_err_manager_DW01_sub_1021)
                                          0.000    0.000 1.70e+05 1.70e-04   0.0
      sub_80_I211 (tmo_err_manager_DW01_sub_1020)
                                          0.000    0.000 1.70e+05 1.70e-04   0.0
      sub_80_I744 (tmo_err_manager_DW01_sub_1019)
                                          0.000    0.000 1.70e+05 1.70e-04   0.0
      sub_80_I711 (tmo_err_manager_DW01_sub_1018)
                                          0.000    0.000 1.70e+05 1.70e-04   0.0
      sub_80_I191 (tmo_err_manager_DW01_sub_1017)
                                          0.000    0.000 1.70e+05 1.70e-04   0.0
      sub_80_I899 (tmo_err_manager_DW01_sub_1016)
                                          0.000    0.000 1.70e+05 1.70e-04   0.0
      sub_80_I501 (tmo_err_manager_DW01_sub_1015)
                                          0.000    0.000 1.70e+05 1.70e-04   0.0
      sub_80_I184 (tmo_err_manager_DW01_sub_1014)
                                          0.000    0.000 1.70e+05 1.70e-04   0.0
      sub_80_I521 (tmo_err_manager_DW01_sub_1013)
                                          0.000    0.000 1.70e+05 1.70e-04   0.0
      sub_80_I134 (tmo_err_manager_DW01_sub_1012)
                                          0.000    0.000 1.70e+05 1.70e-04   0.0
      sub_80_I718 (tmo_err_manager_DW01_sub_1011)
                                          0.000    0.000 1.70e+05 1.70e-04   0.0
      sub_80_I585 (tmo_err_manager_DW01_sub_1010)
                                          0.000    0.000 1.70e+05 1.70e-04   0.0
      sub_80_I257 (tmo_err_manager_DW01_sub_1009)
                                          0.000    0.000 1.70e+05 1.70e-04   0.0
      sub_80_I905 (tmo_err_manager_DW01_sub_1008)
                                          0.000    0.000 1.70e+05 1.70e-04   0.0
      sub_80_I832 (tmo_err_manager_DW01_sub_1007)
                                          0.000    0.000 1.70e+05 1.70e-04   0.0
      sub_80_I1009 (tmo_err_manager_DW01_sub_1006)
                                          0.000    0.000 1.70e+05 1.70e-04   0.0
      sub_80_I529 (tmo_err_manager_DW01_sub_1005)
                                          0.000    0.000 1.70e+05 1.70e-04   0.0
      sub_80_I714 (tmo_err_manager_DW01_sub_1004)
                                          0.000    0.000 1.70e+05 1.70e-04   0.0
      sub_80_I49 (tmo_err_manager_DW01_sub_1003)
                                          0.000    0.000 1.70e+05 1.70e-04   0.0
      sub_80_I237 (tmo_err_manager_DW01_sub_1002)
                                          0.000    0.000 1.70e+05 1.70e-04   0.0
      sub_80_I758 (tmo_err_manager_DW01_sub_1001)
                                          0.000    0.000 1.70e+05 1.70e-04   0.0
      sub_80_I640 (tmo_err_manager_DW01_sub_1000)
                                          0.000    0.000 1.70e+05 1.70e-04   0.0
      sub_80_I412 (tmo_err_manager_DW01_sub_999)
                                          0.000    0.000 1.70e+05 1.70e-04   0.0
      sub_80_I315 (tmo_err_manager_DW01_sub_998)
                                          0.000    0.000 1.70e+05 1.70e-04   0.0
      sub_80_I336 (tmo_err_manager_DW01_sub_997)
                                          0.000    0.000 1.70e+05 1.70e-04   0.0
      sub_80_I590 (tmo_err_manager_DW01_sub_996)
                                          0.000    0.000 1.70e+05 1.70e-04   0.0
      sub_80_I492 (tmo_err_manager_DW01_sub_995)
                                          0.000    0.000 1.70e+05 1.70e-04   0.0
      sub_80_I254 (tmo_err_manager_DW01_sub_994)
                                          0.000    0.000 1.70e+05 1.70e-04   0.0
      sub_80_I991 (tmo_err_manager_DW01_sub_993)
                                          0.000    0.000 1.70e+05 1.70e-04   0.0
      sub_80_I311 (tmo_err_manager_DW01_sub_992)
                                          0.000    0.000 1.70e+05 1.70e-04   0.0
      sub_80_I911 (tmo_err_manager_DW01_sub_991)
                                       3.58e-04 4.78e-05 1.69e+05 5.76e-04   0.0
      sub_80_I753 (tmo_err_manager_DW01_sub_990)
                                          0.000    0.000 1.70e+05 1.70e-04   0.0
      sub_80_I869 (tmo_err_manager_DW01_sub_989)
                                          0.000    0.000 1.70e+05 1.70e-04   0.0
      sub_80_I41 (tmo_err_manager_DW01_sub_988)
                                          0.000    0.000 1.70e+05 1.70e-04   0.0
      sub_80_I240 (tmo_err_manager_DW01_sub_987)
                                          0.000    0.000 1.70e+05 1.70e-04   0.0
      sub_80_I445 (tmo_err_manager_DW01_sub_986)
                                          0.000    0.000 1.70e+05 1.70e-04   0.0
      sub_80_I479 (tmo_err_manager_DW01_sub_985)
                                          0.000    0.000 1.70e+05 1.70e-04   0.0
      sub_80_I29 (tmo_err_manager_DW01_sub_984)
                                          0.000    0.000 1.70e+05 1.70e-04   0.0
      sub_80_I946 (tmo_err_manager_DW01_sub_983)
                                          0.000    0.000 1.70e+05 1.70e-04   0.0
      sub_80_I208 (tmo_err_manager_DW01_sub_982)
                                          0.000    0.000 1.70e+05 1.70e-04   0.0
      sub_80_I43 (tmo_err_manager_DW01_sub_981)
                                          0.000    0.000 1.70e+05 1.70e-04   0.0
      sub_80_I247 (tmo_err_manager_DW01_sub_980)
                                          0.000    0.000 1.70e+05 1.70e-04   0.0
      sub_80_I598 (tmo_err_manager_DW01_sub_979)
                                          0.000    0.000 1.70e+05 1.70e-04   0.0
      sub_80_I765 (tmo_err_manager_DW01_sub_978)
                                          0.000    0.000 1.70e+05 1.70e-04   0.0
      sub_80_I198 (tmo_err_manager_DW01_sub_977)
                                          0.000    0.000 1.70e+05 1.70e-04   0.0
      sub_80_I140 (tmo_err_manager_DW01_sub_976)
                                          0.000    0.000 1.70e+05 1.70e-04   0.0
      sub_80_I380 (tmo_err_manager_DW01_sub_975)
                                          0.000    0.000 1.70e+05 1.70e-04   0.0
      sub_80_I381 (tmo_err_manager_DW01_sub_974)
                                          0.000    0.000 1.70e+05 1.70e-04   0.0
      sub_80_I732 (tmo_err_manager_DW01_sub_973)
                                          0.000    0.000 1.70e+05 1.70e-04   0.0
      sub_80_I307 (tmo_err_manager_DW01_sub_972)
                                          0.000    0.000 1.70e+05 1.70e-04   0.0
      sub_80_I288 (tmo_err_manager_DW01_sub_971)
                                          0.000    0.000 1.70e+05 1.70e-04   0.0
      sub_80_I4 (tmo_err_manager_DW01_sub_970)
                                          0.000    0.000 1.71e+05 1.71e-04   0.0
      sub_80_I195 (tmo_err_manager_DW01_sub_969)
                                          0.000    0.000 1.70e+05 1.70e-04   0.0
      sub_80_I266 (tmo_err_manager_DW01_sub_968)
                                          0.000    0.000 1.70e+05 1.70e-04   0.0
      sub_80_I124 (tmo_err_manager_DW01_sub_967)
                                          0.000    0.000 1.70e+05 1.70e-04   0.0
      sub_80_I810 (tmo_err_manager_DW01_sub_966)
                                          0.000    0.000 1.70e+05 1.70e-04   0.0
      sub_80_I442 (tmo_err_manager_DW01_sub_965)
                                          0.000    0.000 1.70e+05 1.70e-04   0.0
      sub_80_I934 (tmo_err_manager_DW01_sub_964)
                                          0.000    0.000 1.70e+05 1.70e-04   0.0
      sub_80_I467 (tmo_err_manager_DW01_sub_963)
                                          0.000    0.000 1.70e+05 1.70e-04   0.0
      sub_80_I323 (tmo_err_manager_DW01_sub_962)
                                          0.000    0.000 1.70e+05 1.70e-04   0.0
      sub_80_I738 (tmo_err_manager_DW01_sub_961)
                                          0.000    0.000 1.70e+05 1.70e-04   0.0
      sub_80_I152 (tmo_err_manager_DW01_sub_960)
                                          0.000    0.000 1.70e+05 1.70e-04   0.0
      sub_80_I954 (tmo_err_manager_DW01_sub_959)
                                          0.000    0.000 1.70e+05 1.70e-04   0.0
      sub_80_I607 (tmo_err_manager_DW01_sub_958)
                                          0.000    0.000 1.70e+05 1.70e-04   0.0
      sub_80_I142 (tmo_err_manager_DW01_sub_957)
                                          0.000    0.000 1.70e+05 1.70e-04   0.0
      sub_80_I624 (tmo_err_manager_DW01_sub_956)
                                          0.000    0.000 1.70e+05 1.70e-04   0.0
      sub_80_I834 (tmo_err_manager_DW01_sub_955)
                                          0.000    0.000 1.70e+05 1.70e-04   0.0
      sub_80_I262 (tmo_err_manager_DW01_sub_954)
                                          0.000    0.000 1.70e+05 1.70e-04   0.0
      sub_80_I909 (tmo_err_manager_DW01_sub_953)
                                          0.000    0.000 1.70e+05 1.70e-04   0.0
      sub_80_I320 (tmo_err_manager_DW01_sub_952)
                                          0.000    0.000 1.70e+05 1.70e-04   0.0
      sub_80_I725 (tmo_err_manager_DW01_sub_951)
                                          0.000    0.000 1.70e+05 1.70e-04   0.0
      sub_80_I877 (tmo_err_manager_DW01_sub_950)
                                          0.000    0.000 1.70e+05 1.70e-04   0.0
      sub_80 (tmo_err_manager_DW01_sub_949)
                                          0.000    0.000 1.72e+05 1.72e-04   0.0
      sub_80_I68 (tmo_err_manager_DW01_sub_948)
                                          0.000    0.000 1.70e+05 1.70e-04   0.0
      sub_80_I915 (tmo_err_manager_DW01_sub_947)
                                          0.000    0.000 1.70e+05 1.70e-04   0.0
      sub_80_I396 (tmo_err_manager_DW01_sub_946)
                                          0.000    0.000 1.70e+05 1.70e-04   0.0
      sub_80_I928 (tmo_err_manager_DW01_sub_945)
                                          0.000    0.000 1.70e+05 1.70e-04   0.0
      sub_80_I631 (tmo_err_manager_DW01_sub_944)
                                          0.000    0.000 1.70e+05 1.70e-04   0.0
      sub_80_I264 (tmo_err_manager_DW01_sub_943)
                                          0.000    0.000 1.70e+05 1.70e-04   0.0
      sub_80_I343 (tmo_err_manager_DW01_sub_942)
                                          0.000    0.000 1.70e+05 1.70e-04   0.0
      sub_80_I589 (tmo_err_manager_DW01_sub_941)
                                          0.000    0.000 1.70e+05 1.70e-04   0.0
      sub_80_I706 (tmo_err_manager_DW01_sub_940)
                                          0.000    0.000 1.70e+05 1.70e-04   0.0
      sub_80_I679 (tmo_err_manager_DW01_sub_939)
                                          0.000    0.000 1.70e+05 1.70e-04   0.0
      sub_80_I663 (tmo_err_manager_DW01_sub_938)
                                          0.000    0.000 1.70e+05 1.70e-04   0.0
      sub_80_I1012 (tmo_err_manager_DW01_sub_937)
                                          0.000    0.000 1.72e+05 1.72e-04   0.0
      sub_80_I548 (tmo_err_manager_DW01_sub_936)
                                          0.000    0.000 1.70e+05 1.70e-04   0.0
      sub_80_I370 (tmo_err_manager_DW01_sub_935)
                                          0.000    0.000 1.70e+05 1.70e-04   0.0
      sub_80_I491 (tmo_err_manager_DW01_sub_934)
                                          0.000    0.000 1.70e+05 1.70e-04   0.0
      sub_80_I217 (tmo_err_manager_DW01_sub_933)
                                          0.000    0.000 1.70e+05 1.70e-04   0.0
      sub_80_I840 (tmo_err_manager_DW01_sub_932)
                                          0.000    0.000 1.70e+05 1.70e-04   0.0
      sub_80_I504 (tmo_err_manager_DW01_sub_931)
                                          0.000    0.000 1.70e+05 1.70e-04   0.0
      sub_80_I528 (tmo_err_manager_DW01_sub_930)
                                          0.000    0.000 1.70e+05 1.70e-04   0.0
      sub_80_I591 (tmo_err_manager_DW01_sub_929)
                                          0.000    0.000 1.70e+05 1.70e-04   0.0
      sub_80_I610 (tmo_err_manager_DW01_sub_928)
                                          0.000    0.000 1.70e+05 1.70e-04   0.0
      sub_80_I560 (tmo_err_manager_DW01_sub_927)
                                          0.000    0.000 1.70e+05 1.70e-04   0.0
      sub_80_I360 (tmo_err_manager_DW01_sub_926)
                                          0.000    0.000 1.70e+05 1.70e-04   0.0
      sub_80_I221 (tmo_err_manager_DW01_sub_925)
                                          0.000    0.000 1.70e+05 1.70e-04   0.0
      sub_80_I688 (tmo_err_manager_DW01_sub_924)
                                          0.000    0.000 1.70e+05 1.70e-04   0.0
      sub_80_I50 (tmo_err_manager_DW01_sub_923)
                                          0.000    0.000 1.70e+05 1.70e-04   0.0
      sub_80_I209 (tmo_err_manager_DW01_sub_922)
                                          0.000    0.000 1.70e+05 1.70e-04   0.0
      sub_80_I93 (tmo_err_manager_DW01_sub_921)
                                          0.000    0.000 1.70e+05 1.70e-04   0.0
      sub_80_I588 (tmo_err_manager_DW01_sub_920)
                                          0.000    0.000 1.70e+05 1.70e-04   0.0
      sub_80_I691 (tmo_err_manager_DW01_sub_919)
                                          0.000    0.000 1.70e+05 1.70e-04   0.0
      sub_80_I544 (tmo_err_manager_DW01_sub_918)
                                          0.000    0.000 1.70e+05 1.70e-04   0.0
      sub_80_I578 (tmo_err_manager_DW01_sub_917)
                                          0.000    0.000 1.70e+05 1.70e-04   0.0
      sub_80_I881 (tmo_err_manager_DW01_sub_916)
                                          0.000    0.000 1.70e+05 1.70e-04   0.0
      sub_80_I980 (tmo_err_manager_DW01_sub_915)
                                          0.000    0.000 1.70e+05 1.70e-04   0.0
      sub_80_I539 (tmo_err_manager_DW01_sub_914)
                                          0.000    0.000 1.70e+05 1.70e-04   0.0
      sub_80_I82 (tmo_err_manager_DW01_sub_913)
                                          0.000    0.000 1.70e+05 1.70e-04   0.0
      sub_80_I575 (tmo_err_manager_DW01_sub_912)
                                          0.000    0.000 1.70e+05 1.70e-04   0.0
      sub_80_I70 (tmo_err_manager_DW01_sub_911)
                                          0.000    0.000 1.70e+05 1.70e-04   0.0
      sub_80_I633 (tmo_err_manager_DW01_sub_910)
                                          0.000    0.000 1.70e+05 1.70e-04   0.0
      sub_80_I549 (tmo_err_manager_DW01_sub_909)
                                          0.000    0.000 1.70e+05 1.70e-04   0.0
      sub_80_I608 (tmo_err_manager_DW01_sub_908)
                                          0.000    0.000 1.70e+05 1.70e-04   0.0
      sub_80_I110 (tmo_err_manager_DW01_sub_907)
                                          0.000    0.000 1.70e+05 1.70e-04   0.0
      sub_80_I745 (tmo_err_manager_DW01_sub_906)
                                          0.000    0.000 1.70e+05 1.70e-04   0.0
      sub_80_I331 (tmo_err_manager_DW01_sub_905)
                                          0.000    0.000 1.70e+05 1.70e-04   0.0
      sub_80_I1014 (tmo_err_manager_DW01_sub_904)
                                          0.000    0.000 1.70e+05 1.70e-04   0.0
      sub_80_I60 (tmo_err_manager_DW01_sub_903)
                                          0.000    0.000 1.70e+05 1.70e-04   0.0
      sub_80_I402 (tmo_err_manager_DW01_sub_902)
                                          0.000    0.000 1.70e+05 1.70e-04   0.0
      sub_80_I395 (tmo_err_manager_DW01_sub_901)
                                          0.000    0.000 1.70e+05 1.70e-04   0.0
      sub_80_I436 (tmo_err_manager_DW01_sub_900)
                                          0.000    0.000 1.70e+05 1.70e-04   0.0
      sub_80_I942 (tmo_err_manager_DW01_sub_899)
                                          0.000    0.000 1.70e+05 1.70e-04   0.0
      sub_80_I692 (tmo_err_manager_DW01_sub_898)
                                          0.000    0.000 1.70e+05 1.70e-04   0.0
      sub_80_I53 (tmo_err_manager_DW01_sub_897)
                                          0.000    0.000 1.70e+05 1.70e-04   0.0
      sub_80_I1013 (tmo_err_manager_DW01_sub_896)
                                          0.000    0.000 1.70e+05 1.70e-04   0.0
      sub_80_I410 (tmo_err_manager_DW01_sub_895)
                                          0.000    0.000 1.70e+05 1.70e-04   0.0
      sub_80_I205 (tmo_err_manager_DW01_sub_894)
                                          0.000    0.000 1.70e+05 1.70e-04   0.0
      sub_80_I173 (tmo_err_manager_DW01_sub_893)
                                          0.000    0.000 1.70e+05 1.70e-04   0.0
      sub_80_I581 (tmo_err_manager_DW01_sub_892)
                                          0.000    0.000 1.70e+05 1.70e-04   0.0
      sub_80_I292 (tmo_err_manager_DW01_sub_891)
                                          0.000    0.000 1.70e+05 1.70e-04   0.0
      sub_80_I120 (tmo_err_manager_DW01_sub_890)
                                          0.000    0.000 1.70e+05 1.70e-04   0.0
      sub_80_I326 (tmo_err_manager_DW01_sub_889)
                                          0.000    0.000 1.70e+05 1.70e-04   0.0
      sub_80_I446 (tmo_err_manager_DW01_sub_888)
                                          0.000    0.000 1.70e+05 1.70e-04   0.0
      sub_80_I557 (tmo_err_manager_DW01_sub_887)
                                          0.000    0.000 1.70e+05 1.70e-04   0.0
      sub_80_I141 (tmo_err_manager_DW01_sub_886)
                                          0.000    0.000 1.70e+05 1.70e-04   0.0
      sub_80_I308 (tmo_err_manager_DW01_sub_885)
                                          0.000    0.000 1.70e+05 1.70e-04   0.0
      sub_80_I422 (tmo_err_manager_DW01_sub_884)
                                          0.000    0.000 1.70e+05 1.70e-04   0.0
      sub_80_I238 (tmo_err_manager_DW01_sub_883)
                                          0.000    0.000 1.70e+05 1.70e-04   0.0
      sub_80_I403 (tmo_err_manager_DW01_sub_882)
                                          0.000    0.000 1.70e+05 1.70e-04   0.0
      sub_80_I327 (tmo_err_manager_DW01_sub_881)
                                          0.000    0.000 1.70e+05 1.70e-04   0.0
      sub_80_I825 (tmo_err_manager_DW01_sub_880)
                                          0.000    0.000 1.70e+05 1.70e-04   0.0
      sub_80_I69 (tmo_err_manager_DW01_sub_879)
                                          0.000    0.000 1.70e+05 1.70e-04   0.0
      sub_80_I390 (tmo_err_manager_DW01_sub_878)
                                          0.000    0.000 1.70e+05 1.70e-04   0.0
      sub_80_I740 (tmo_err_manager_DW01_sub_877)
                                          0.000    0.000 1.70e+05 1.70e-04   0.0
      sub_80_I746 (tmo_err_manager_DW01_sub_876)
                                          0.000    0.000 1.70e+05 1.70e-04   0.0
      sub_80_I498 (tmo_err_manager_DW01_sub_875)
                                          0.000    0.000 1.70e+05 1.70e-04   0.0
      sub_80_I863 (tmo_err_manager_DW01_sub_874)
                                          0.000    0.000 1.70e+05 1.70e-04   0.0
      sub_80_I541 (tmo_err_manager_DW01_sub_873)
                                          0.000    0.000 1.70e+05 1.70e-04   0.0
      sub_80_I1001 (tmo_err_manager_DW01_sub_872)
                                          0.000    0.000 1.70e+05 1.70e-04   0.0
      sub_80_I764 (tmo_err_manager_DW01_sub_871)
                                          0.000    0.000 1.70e+05 1.70e-04   0.0
      sub_80_I235 (tmo_err_manager_DW01_sub_870)
                                          0.000    0.000 1.70e+05 1.70e-04   0.0
      sub_80_I759 (tmo_err_manager_DW01_sub_869)
                                          0.000    0.000 1.70e+05 1.70e-04   0.0
      sub_80_I786 (tmo_err_manager_DW01_sub_868)
                                          0.000    0.000 1.70e+05 1.70e-04   0.0
      sub_80_I532 (tmo_err_manager_DW01_sub_867)
                                          0.000    0.000 1.70e+05 1.70e-04   0.0
      sub_80_I703 (tmo_err_manager_DW01_sub_866)
                                          0.000    0.000 1.70e+05 1.70e-04   0.0
      sub_80_I399 (tmo_err_manager_DW01_sub_865)
                                          0.000    0.000 1.70e+05 1.70e-04   0.0
      sub_80_I210 (tmo_err_manager_DW01_sub_864)
                                          0.000    0.000 1.70e+05 1.70e-04   0.0
      sub_80_I823 (tmo_err_manager_DW01_sub_863)
                                          0.000    0.000 1.70e+05 1.70e-04   0.0
      sub_80_I261 (tmo_err_manager_DW01_sub_862)
                                          0.000    0.000 1.70e+05 1.70e-04   0.0
      sub_80_I1017 (tmo_err_manager_DW01_sub_861)
                                          0.000    0.000 1.70e+05 1.70e-04   0.0
      sub_80_I729 (tmo_err_manager_DW01_sub_860)
                                          0.000    0.000 1.70e+05 1.70e-04   0.0
      sub_80_I750 (tmo_err_manager_DW01_sub_859)
                                          0.000    0.000 1.70e+05 1.70e-04   0.0
      sub_80_I841 (tmo_err_manager_DW01_sub_858)
                                          0.000    0.000 1.70e+05 1.70e-04   0.0
      sub_80_I233 (tmo_err_manager_DW01_sub_857)
                                          0.000    0.000 1.70e+05 1.70e-04   0.0
      sub_80_I513 (tmo_err_manager_DW01_sub_856)
                                          0.000    0.000 1.70e+05 1.70e-04   0.0
      sub_80_I139 (tmo_err_manager_DW01_sub_855)
                                          0.000    0.000 1.70e+05 1.70e-04   0.0
      sub_80_I35 (tmo_err_manager_DW01_sub_854)
                                          0.000    0.000 1.70e+05 1.70e-04   0.0
      sub_80_I473 (tmo_err_manager_DW01_sub_853)
                                          0.000    0.000 1.70e+05 1.70e-04   0.0
      sub_80_I994 (tmo_err_manager_DW01_sub_852)
                                          0.000    0.000 1.70e+05 1.70e-04   0.0
      sub_80_I527 (tmo_err_manager_DW01_sub_851)
                                          0.000    0.000 1.70e+05 1.70e-04   0.0
      sub_80_I428 (tmo_err_manager_DW01_sub_850)
                                          0.000    0.000 1.70e+05 1.70e-04   0.0
      sub_80_I668 (tmo_err_manager_DW01_sub_849)
                                          0.000    0.000 1.70e+05 1.70e-04   0.0
      sub_80_I775 (tmo_err_manager_DW01_sub_848)
                                          0.000    0.000 1.70e+05 1.70e-04   0.0
      sub_80_I136 (tmo_err_manager_DW01_sub_847)
                                          0.000    0.000 1.70e+05 1.70e-04   0.0
      sub_80_I466 (tmo_err_manager_DW01_sub_846)
                                          0.000    0.000 1.70e+05 1.70e-04   0.0
      sub_80_I976 (tmo_err_manager_DW01_sub_845)
                                          0.000    0.000 1.70e+05 1.70e-04   0.0
      sub_80_I503 (tmo_err_manager_DW01_sub_844)
                                          0.000    0.000 1.70e+05 1.70e-04   0.0
      sub_80_I452 (tmo_err_manager_DW01_sub_843)
                                          0.000    0.000 1.70e+05 1.70e-04   0.0
      sub_80_I685 (tmo_err_manager_DW01_sub_842)
                                          0.000    0.000 1.70e+05 1.70e-04   0.0
      sub_80_I641 (tmo_err_manager_DW01_sub_841)
                                          0.000    0.000 1.70e+05 1.70e-04   0.0
      sub_80_I542 (tmo_err_manager_DW01_sub_840)
                                          0.000    0.000 1.70e+05 1.70e-04   0.0
      sub_80_I454 (tmo_err_manager_DW01_sub_839)
                                          0.000    0.000 1.70e+05 1.70e-04   0.0
      sub_80_I599 (tmo_err_manager_DW01_sub_838)
                                          0.000    0.000 1.70e+05 1.70e-04   0.0
      sub_80_I506 (tmo_err_manager_DW01_sub_837)
                                          0.000    0.000 1.70e+05 1.70e-04   0.0
      sub_80_I64 (tmo_err_manager_DW01_sub_836)
                                          0.000    0.000 1.70e+05 1.70e-04   0.0
      sub_80_I723 (tmo_err_manager_DW01_sub_835)
                                          0.000    0.000 1.70e+05 1.70e-04   0.0
      sub_80_I968 (tmo_err_manager_DW01_sub_834)
                                          0.000    0.000 1.70e+05 1.70e-04   0.0
      sub_80_I115 (tmo_err_manager_DW01_sub_833)
                                          0.000    0.000 1.70e+05 1.70e-04   0.0
      sub_80_I255 (tmo_err_manager_DW01_sub_832)
                                          0.000    0.000 1.70e+05 1.70e-04   0.0
      sub_80_I885 (tmo_err_manager_DW01_sub_831)
                                          0.000    0.000 1.70e+05 1.70e-04   0.0
      sub_80_I606 (tmo_err_manager_DW01_sub_830)
                                          0.000    0.000 1.70e+05 1.70e-04   0.0
      sub_80_I891 (tmo_err_manager_DW01_sub_829)
                                          0.000    0.000 1.70e+05 1.70e-04   0.0
      sub_80_I1015 (tmo_err_manager_DW01_sub_828)
                                       2.31e-04 3.33e-05 1.70e+05 4.35e-04   0.0
      sub_80_I1002 (tmo_err_manager_DW01_sub_827)
                                          0.000    0.000 1.70e+05 1.70e-04   0.0
      sub_80_I809 (tmo_err_manager_DW01_sub_826)
                                          0.000    0.000 1.70e+05 1.70e-04   0.0
      sub_80_I977 (tmo_err_manager_DW01_sub_825)
                                          0.000    0.000 1.70e+05 1.70e-04   0.0
      sub_80_I919 (tmo_err_manager_DW01_sub_824)
                                          0.000    0.000 1.70e+05 1.70e-04   0.0
      sub_80_I558 (tmo_err_manager_DW01_sub_823)
                                          0.000    0.000 1.70e+05 1.70e-04   0.0
      sub_80_I574 (tmo_err_manager_DW01_sub_822)
                                          0.000    0.000 1.70e+05 1.70e-04   0.0
      sub_80_I275 (tmo_err_manager_DW01_sub_821)
                                          0.000    0.000 1.70e+05 1.70e-04   0.0
      sub_80_I965 (tmo_err_manager_DW01_sub_820)
                                          0.000    0.000 1.70e+05 1.70e-04   0.0
      sub_80_I508 (tmo_err_manager_DW01_sub_819)
                                          0.000    0.000 1.70e+05 1.70e-04   0.0
      sub_80_I952 (tmo_err_manager_DW01_sub_818)
                                          0.000    0.000 1.70e+05 1.70e-04   0.0
      sub_80_I258 (tmo_err_manager_DW01_sub_817)
                                          0.000    0.000 1.70e+05 1.70e-04   0.0
      sub_80_I596 (tmo_err_manager_DW01_sub_816)
                                          0.000    0.000 1.70e+05 1.70e-04   0.0
      sub_80_I148 (tmo_err_manager_DW01_sub_815)
                                          0.000    0.000 1.70e+05 1.70e-04   0.0
      sub_80_I619 (tmo_err_manager_DW01_sub_814)
                                          0.000    0.000 1.70e+05 1.70e-04   0.0
      sub_80_I593 (tmo_err_manager_DW01_sub_813)
                                          0.000    0.000 1.70e+05 1.70e-04   0.0
      sub_80_I785 (tmo_err_manager_DW01_sub_812)
                                          0.000    0.000 1.70e+05 1.70e-04   0.0
      sub_80_I518 (tmo_err_manager_DW01_sub_811)
                                          0.000    0.000 1.70e+05 1.70e-04   0.0
      sub_80_I301 (tmo_err_manager_DW01_sub_810)
                                          0.000    0.000 1.70e+05 1.70e-04   0.0
      sub_80_I296 (tmo_err_manager_DW01_sub_809)
                                          0.000    0.000 1.70e+05 1.70e-04   0.0
      sub_80_I27 (tmo_err_manager_DW01_sub_808)
                                          0.000    0.000 1.70e+05 1.70e-04   0.0
      sub_80_I967 (tmo_err_manager_DW01_sub_807)
                                          0.000    0.000 1.70e+05 1.70e-04   0.0
      sub_80_I364 (tmo_err_manager_DW01_sub_806)
                                          0.000    0.000 1.70e+05 1.70e-04   0.0
      sub_80_I944 (tmo_err_manager_DW01_sub_805)
                                          0.000    0.000 1.70e+05 1.70e-04   0.0
      sub_80_I8 (tmo_err_manager_DW01_sub_804)
                                          0.000    0.000 1.70e+05 1.70e-04   0.0
      sub_80_I406 (tmo_err_manager_DW01_sub_803)
                                          0.000    0.000 1.70e+05 1.70e-04   0.0
      sub_80_I418 (tmo_err_manager_DW01_sub_802)
                                          0.000    0.000 1.70e+05 1.70e-04   0.0
      sub_80_I45 (tmo_err_manager_DW01_sub_801)
                                          0.000    0.000 1.70e+05 1.70e-04   0.0
      sub_80_I277 (tmo_err_manager_DW01_sub_800)
                                          0.000    0.000 1.70e+05 1.70e-04   0.0
      sub_80_I960 (tmo_err_manager_DW01_sub_799)
                                          0.000    0.000 1.70e+05 1.70e-04   0.0
      sub_80_I806 (tmo_err_manager_DW01_sub_798)
                                          0.000    0.000 1.70e+05 1.70e-04   0.0
      sub_80_I484 (tmo_err_manager_DW01_sub_797)
                                          0.000    0.000 1.70e+05 1.70e-04   0.0
      sub_80_I814 (tmo_err_manager_DW01_sub_796)
                                          0.000    0.000 1.70e+05 1.70e-04   0.0
      sub_80_I214 (tmo_err_manager_DW01_sub_795)
                                          0.000    0.000 1.70e+05 1.70e-04   0.0
      sub_80_I348 (tmo_err_manager_DW01_sub_794)
                                          0.000    0.000 1.70e+05 1.70e-04   0.0
      sub_80_I709 (tmo_err_manager_DW01_sub_793)
                                          0.000    0.000 1.70e+05 1.70e-04   0.0
      sub_80_I194 (tmo_err_manager_DW01_sub_792)
                                          0.000    0.000 1.70e+05 1.70e-04   0.0
      sub_80_I971 (tmo_err_manager_DW01_sub_791)
                                          0.000    0.000 1.70e+05 1.70e-04   0.0
      sub_80_I861 (tmo_err_manager_DW01_sub_790)
                                          0.000    0.000 1.70e+05 1.70e-04   0.0
      sub_80_I67 (tmo_err_manager_DW01_sub_789)
                                          0.000    0.000 1.70e+05 1.70e-04   0.0
      sub_80_I81 (tmo_err_manager_DW01_sub_788)
                                          0.000    0.000 1.70e+05 1.70e-04   0.0
      sub_80_I228 (tmo_err_manager_DW01_sub_787)
                                          0.000    0.000 1.70e+05 1.70e-04   0.0
      sub_80_I728 (tmo_err_manager_DW01_sub_786)
                                          0.000    0.000 1.70e+05 1.70e-04   0.0
      sub_80_I901 (tmo_err_manager_DW01_sub_785)
                                          0.000    0.000 1.70e+05 1.70e-04   0.0
      sub_80_I1011 (tmo_err_manager_DW01_sub_784)
                                          0.000    0.000 1.70e+05 1.70e-04   0.0
      sub_80_I376 (tmo_err_manager_DW01_sub_783)
                                          0.000    0.000 1.70e+05 1.70e-04   0.0
      sub_80_I279 (tmo_err_manager_DW01_sub_782)
                                          0.000    0.000 1.70e+05 1.70e-04   0.0
      sub_80_I647 (tmo_err_manager_DW01_sub_781)
                                          0.000    0.000 1.70e+05 1.70e-04   0.0
      sub_80_I63 (tmo_err_manager_DW01_sub_780)
                                          0.000    0.000 1.70e+05 1.70e-04   0.0
      sub_80_I760 (tmo_err_manager_DW01_sub_779)
                                          0.000    0.000 1.70e+05 1.70e-04   0.0
      sub_80_I92 (tmo_err_manager_DW01_sub_778)
                                          0.000    0.000 1.70e+05 1.70e-04   0.0
      sub_80_I895 (tmo_err_manager_DW01_sub_777)
                                          0.000    0.000 1.70e+05 1.70e-04   0.0
      sub_80_I153 (tmo_err_manager_DW01_sub_776)
                                          0.000    0.000 1.70e+05 1.70e-04   0.0
      sub_80_I249 (tmo_err_manager_DW01_sub_775)
                                          0.000    0.000 1.70e+05 1.70e-04   0.0
      sub_80_I147 (tmo_err_manager_DW01_sub_774)
                                          0.000    0.000 1.70e+05 1.70e-04   0.0
      sub_80_I945 (tmo_err_manager_DW01_sub_773)
                                          0.000    0.000 1.70e+05 1.70e-04   0.0
      sub_80_I146 (tmo_err_manager_DW01_sub_772)
                                          0.000    0.000 1.70e+05 1.70e-04   0.0
      sub_80_I218 (tmo_err_manager_DW01_sub_771)
                                          0.000    0.000 1.70e+05 1.70e-04   0.0
      sub_80_I613 (tmo_err_manager_DW01_sub_770)
                                          0.000    0.000 1.70e+05 1.70e-04   0.0
      sub_80_I773 (tmo_err_manager_DW01_sub_769)
                                          0.000    0.000 1.70e+05 1.70e-04   0.0
      sub_80_I295 (tmo_err_manager_DW01_sub_768)
                                          0.000    0.000 1.70e+05 1.70e-04   0.0
      sub_80_I223 (tmo_err_manager_DW01_sub_767)
                                          0.000    0.000 1.70e+05 1.70e-04   0.0
      sub_80_I269 (tmo_err_manager_DW01_sub_766)
                                          0.000    0.000 1.70e+05 1.70e-04   0.0
      sub_80_I866 (tmo_err_manager_DW01_sub_765)
                                          0.000    0.000 1.70e+05 1.70e-04   0.0
      sub_80_I569 (tmo_err_manager_DW01_sub_764)
                                          0.000    0.000 1.70e+05 1.70e-04   0.0
      sub_80_I178 (tmo_err_manager_DW01_sub_763)
                                          0.000    0.000 1.70e+05 1.70e-04   0.0
      sub_80_I836 (tmo_err_manager_DW01_sub_762)
                                          0.000    0.000 1.70e+05 1.70e-04   0.0
      sub_80_I38 (tmo_err_manager_DW01_sub_761)
                                          0.000    0.000 1.70e+05 1.70e-04   0.0
      sub_80_I787 (tmo_err_manager_DW01_sub_760)
                                          0.000    0.000 1.70e+05 1.70e-04   0.0
      sub_80_I975 (tmo_err_manager_DW01_sub_759)
                                          0.000    0.000 1.70e+05 1.70e-04   0.0
      sub_80_I904 (tmo_err_manager_DW01_sub_758)
                                          0.000    0.000 1.70e+05 1.70e-04   0.0
      sub_80_I512 (tmo_err_manager_DW01_sub_757)
                                          0.000    0.000 1.70e+05 1.70e-04   0.0
      sub_80_I11 (tmo_err_manager_DW01_sub_756)
                                          0.000    0.000 1.70e+05 1.70e-04   0.0
      sub_80_I346 (tmo_err_manager_DW01_sub_755)
                                          0.000    0.000 1.70e+05 1.70e-04   0.0
      sub_80_I630 (tmo_err_manager_DW01_sub_754)
                                          0.000    0.000 1.70e+05 1.70e-04   0.0
      sub_80_I12 (tmo_err_manager_DW01_sub_753)
                                          0.000    0.000 1.70e+05 1.70e-04   0.0
      sub_80_I987 (tmo_err_manager_DW01_sub_752)
                                          0.000    0.000 1.70e+05 1.70e-04   0.0
      sub_80_I362 (tmo_err_manager_DW01_sub_751)
                                          0.000    0.000 1.70e+05 1.70e-04   0.0
      sub_80_I388 (tmo_err_manager_DW01_sub_750)
                                          0.000    0.000 1.70e+05 1.70e-04   0.0
      sub_80_I519 (tmo_err_manager_DW01_sub_749)
                                          0.000    0.000 1.70e+05 1.70e-04   0.0
      sub_80_I957 (tmo_err_manager_DW01_sub_748)
                                          0.000    0.000 1.70e+05 1.70e-04   0.0
      sub_80_I671 (tmo_err_manager_DW01_sub_747)
                                          0.000    0.000 1.70e+05 1.70e-04   0.0
      sub_80_I514 (tmo_err_manager_DW01_sub_746)
                                          0.000    0.000 1.70e+05 1.70e-04   0.0
      sub_80_I201 (tmo_err_manager_DW01_sub_745)
                                          0.000    0.000 1.70e+05 1.70e-04   0.0
      sub_80_I886 (tmo_err_manager_DW01_sub_744)
                                          0.000    0.000 1.70e+05 1.70e-04   0.0
      sub_80_I271 (tmo_err_manager_DW01_sub_743)
                                          0.000    0.000 1.70e+05 1.70e-04   0.0
      sub_80_I862 (tmo_err_manager_DW01_sub_742)
                                          0.000    0.000 1.70e+05 1.70e-04   0.0
      sub_80_I127 (tmo_err_manager_DW01_sub_741)
                                          0.000    0.000 1.70e+05 1.70e-04   0.0
      sub_80_I552 (tmo_err_manager_DW01_sub_740)
                                          0.000    0.000 1.70e+05 1.70e-04   0.0
      sub_80_I704 (tmo_err_manager_DW01_sub_739)
                                          0.000    0.000 1.70e+05 1.70e-04   0.0
      sub_80_I551 (tmo_err_manager_DW01_sub_738)
                                          0.000    0.000 1.70e+05 1.70e-04   0.0
      sub_80_I749 (tmo_err_manager_DW01_sub_737)
                                       9.48e-05 1.83e-05 1.70e+05 2.83e-04   0.0
      sub_80_I695 (tmo_err_manager_DW01_sub_736)
                                          0.000    0.000 1.70e+05 1.70e-04   0.0
      sub_80_I131 (tmo_err_manager_DW01_sub_735)
                                          0.000    0.000 1.70e+05 1.70e-04   0.0
      sub_80_I839 (tmo_err_manager_DW01_sub_734)
                                          0.000    0.000 1.70e+05 1.70e-04   0.0
      sub_80_I202 (tmo_err_manager_DW01_sub_733)
                                          0.000    0.000 1.70e+05 1.70e-04   0.0
      sub_80_I85 (tmo_err_manager_DW01_sub_732)
                                          0.000    0.000 1.70e+05 1.70e-04   0.0
      sub_80_I447 (tmo_err_manager_DW01_sub_731)
                                          0.000    0.000 1.70e+05 1.70e-04   0.0
      sub_80_I1010 (tmo_err_manager_DW01_sub_730)
                                          0.000    0.000 1.70e+05 1.70e-04   0.0
      sub_80_I273 (tmo_err_manager_DW01_sub_729)
                                          0.000    0.000 1.70e+05 1.70e-04   0.0
      sub_80_I768 (tmo_err_manager_DW01_sub_728)
                                          0.000    0.000 1.70e+05 1.70e-04   0.0
      sub_80_I540 (tmo_err_manager_DW01_sub_727)
                                          0.000    0.000 1.70e+05 1.70e-04   0.0
      sub_80_I857 (tmo_err_manager_DW01_sub_726)
                                          0.000    0.000 1.70e+05 1.70e-04   0.0
      sub_80_I907 (tmo_err_manager_DW01_sub_725)
                                          0.000    0.000 1.70e+05 1.70e-04   0.0
      sub_80_I716 (tmo_err_manager_DW01_sub_724)
                                          0.000    0.000 1.70e+05 1.70e-04   0.0
      sub_80_I804 (tmo_err_manager_DW01_sub_723)
                                          0.000    0.000 1.70e+05 1.70e-04   0.0
      sub_80_I854 (tmo_err_manager_DW01_sub_722)
                                          0.000    0.000 1.70e+05 1.70e-04   0.0
      sub_80_I31 (tmo_err_manager_DW01_sub_721)
                                          0.000    0.000 1.70e+05 1.70e-04   0.0
      sub_80_I981 (tmo_err_manager_DW01_sub_720)
                                          0.000    0.000 1.70e+05 1.70e-04   0.0
      sub_80_I252 (tmo_err_manager_DW01_sub_719)
                                          0.000    0.000 1.70e+05 1.70e-04   0.0
      sub_80_I159 (tmo_err_manager_DW01_sub_718)
                                          0.000    0.000 1.70e+05 1.70e-04   0.0
      sub_80_I576 (tmo_err_manager_DW01_sub_717)
                                          0.000    0.000 1.70e+05 1.70e-04   0.0
      sub_80_I154 (tmo_err_manager_DW01_sub_716)
                                          0.000    0.000 1.70e+05 1.70e-04   0.0
      sub_80_I742 (tmo_err_manager_DW01_sub_715)
                                          0.000    0.000 1.70e+05 1.70e-04   0.0
      sub_80_I653 (tmo_err_manager_DW01_sub_714)
                                          0.000    0.000 1.70e+05 1.70e-04   0.0
      sub_80_I138 (tmo_err_manager_DW01_sub_713)
                                          0.000    0.000 1.70e+05 1.70e-04   0.0
      sub_80_I149 (tmo_err_manager_DW01_sub_712)
                                          0.000    0.000 1.70e+05 1.70e-04   0.0
      sub_80_I449 (tmo_err_manager_DW01_sub_711)
                                          0.000    0.000 1.70e+05 1.70e-04   0.0
      sub_80_I338 (tmo_err_manager_DW01_sub_710)
                                          0.000    0.000 1.70e+05 1.70e-04   0.0
      sub_80_I697 (tmo_err_manager_DW01_sub_709)
                                          0.000    0.000 1.70e+05 1.70e-04   0.0
      sub_80_I739 (tmo_err_manager_DW01_sub_708)
                                          0.000    0.000 1.70e+05 1.70e-04   0.0
      sub_80_I720 (tmo_err_manager_DW01_sub_707)
                                          0.000    0.000 1.70e+05 1.70e-04   0.0
      sub_80_I667 (tmo_err_manager_DW01_sub_706)
                                          0.000    0.000 1.70e+05 1.70e-04   0.0
      sub_80_I998 (tmo_err_manager_DW01_sub_705)
                                          0.000    0.000 1.70e+05 1.70e-04   0.0
      sub_80_I245 (tmo_err_manager_DW01_sub_704)
                                          0.000    0.000 1.70e+05 1.70e-04   0.0
      sub_80_I165 (tmo_err_manager_DW01_sub_703)
                                          0.000    0.000 1.70e+05 1.70e-04   0.0
      sub_80_I959 (tmo_err_manager_DW01_sub_702)
                                          0.000    0.000 1.70e+05 1.70e-04   0.0
      sub_80_I737 (tmo_err_manager_DW01_sub_701)
                                          0.000    0.000 1.70e+05 1.70e-04   0.0
      sub_80_I434 (tmo_err_manager_DW01_sub_700)
                                          0.000    0.000 1.70e+05 1.70e-04   0.0
      sub_80_I741 (tmo_err_manager_DW01_sub_699)
                                          0.000    0.000 1.70e+05 1.70e-04   0.0
      sub_80_I404 (tmo_err_manager_DW01_sub_698)
                                          0.000    0.000 1.70e+05 1.70e-04   0.0
      sub_80_I365 (tmo_err_manager_DW01_sub_697)
                                          0.000    0.000 1.70e+05 1.70e-04   0.0
      sub_80_I432 (tmo_err_manager_DW01_sub_696)
                                          0.000    0.000 1.70e+05 1.70e-04   0.0
      sub_80_I583 (tmo_err_manager_DW01_sub_695)
                                          0.000    0.000 1.70e+05 1.70e-04   0.0
      sub_80_I186 (tmo_err_manager_DW01_sub_694)
                                          0.000    0.000 1.70e+05 1.70e-04   0.0
      sub_80_I1004 (tmo_err_manager_DW01_sub_693)
                                          0.000    0.000 1.70e+05 1.70e-04   0.0
      sub_80_I330 (tmo_err_manager_DW01_sub_692)
                                          0.000    0.000 1.70e+05 1.70e-04   0.0
      sub_80_I639 (tmo_err_manager_DW01_sub_691)
                                          0.000    0.000 1.70e+05 1.70e-04   0.0
      sub_80_I990 (tmo_err_manager_DW01_sub_690)
                                          0.000    0.000 1.70e+05 1.70e-04   0.0
      sub_80_I748 (tmo_err_manager_DW01_sub_689)
                                          0.000    0.000 1.70e+05 1.70e-04   0.0
      sub_80_I72 (tmo_err_manager_DW01_sub_688)
                                          0.000    0.000 1.70e+05 1.70e-04   0.0
      sub_80_I55 (tmo_err_manager_DW01_sub_687)
                                          0.000    0.000 1.70e+05 1.70e-04   0.0
      sub_80_I531 (tmo_err_manager_DW01_sub_686)
                                          0.000    0.000 1.70e+05 1.70e-04   0.0
      sub_80_I216 (tmo_err_manager_DW01_sub_685)
                                          0.000    0.000 1.70e+05 1.70e-04   0.0
      sub_80_I568 (tmo_err_manager_DW01_sub_684)
                                          0.000    0.000 1.70e+05 1.70e-04   0.0
      sub_80_I577 (tmo_err_manager_DW01_sub_683)
                                          0.000    0.000 1.70e+05 1.70e-04   0.0
      sub_80_I844 (tmo_err_manager_DW01_sub_682)
                                          0.000    0.000 1.70e+05 1.70e-04   0.0
      sub_80_I985 (tmo_err_manager_DW01_sub_681)
                                          0.000    0.000 1.70e+05 1.70e-04   0.0
      sub_80_I555 (tmo_err_manager_DW01_sub_680)
                                          0.000    0.000 1.70e+05 1.70e-04   0.0
      sub_80_I219 (tmo_err_manager_DW01_sub_679)
                                          0.000    0.000 1.70e+05 1.70e-04   0.0
      sub_80_I431 (tmo_err_manager_DW01_sub_678)
                                          0.000    0.000 1.70e+05 1.70e-04   0.0
      sub_80_I13 (tmo_err_manager_DW01_sub_677)
                                          0.000    0.000 1.70e+05 1.70e-04   0.0
      sub_80_I242 (tmo_err_manager_DW01_sub_676)
                                          0.000    0.000 1.70e+05 1.70e-04   0.0
      sub_80_I614 (tmo_err_manager_DW01_sub_675)
                                          0.000    0.000 1.70e+05 1.70e-04   0.0
      sub_80_I22 (tmo_err_manager_DW01_sub_674)
                                          0.000    0.000 1.70e+05 1.70e-04   0.0
      sub_80_I421 (tmo_err_manager_DW01_sub_673)
                                          0.000    0.000 1.70e+05 1.70e-04   0.0
      sub_80_I1003 (tmo_err_manager_DW01_sub_672)
                                          0.000    0.000 1.70e+05 1.70e-04   0.0
      sub_80_I361 (tmo_err_manager_DW01_sub_671)
                                          0.000    0.000 1.70e+05 1.70e-04   0.0
      sub_80_I151 (tmo_err_manager_DW01_sub_670)
                                          0.000    0.000 1.70e+05 1.70e-04   0.0
      sub_80_I495 (tmo_err_manager_DW01_sub_669)
                                          0.000    0.000 1.70e+05 1.70e-04   0.0
      sub_80_I187 (tmo_err_manager_DW01_sub_668)
                                          0.000    0.000 1.70e+05 1.70e-04   0.0
      sub_80_I790 (tmo_err_manager_DW01_sub_667)
                                          0.000    0.000 1.70e+05 1.70e-04   0.0
      sub_80_I463 (tmo_err_manager_DW01_sub_666)
                                          0.000    0.000 1.70e+05 1.70e-04   0.0
      sub_80_I660 (tmo_err_manager_DW01_sub_665)
                                          0.000    0.000 1.70e+05 1.70e-04   0.0
      sub_80_I801 (tmo_err_manager_DW01_sub_664)
                                          0.000    0.000 1.70e+05 1.70e-04   0.0
      sub_80_I950 (tmo_err_manager_DW01_sub_663)
                                          0.000    0.000 1.70e+05 1.70e-04   0.0
      sub_80_I666 (tmo_err_manager_DW01_sub_662)
                                          0.000    0.000 1.70e+05 1.70e-04   0.0
      sub_80_I468 (tmo_err_manager_DW01_sub_661)
                                          0.000    0.000 1.70e+05 1.70e-04   0.0
      sub_80_I821 (tmo_err_manager_DW01_sub_660)
                                          0.000    0.000 1.70e+05 1.70e-04   0.0
      sub_80_I427 (tmo_err_manager_DW01_sub_659)
                                          0.000    0.000 1.70e+05 1.70e-04   0.0
      sub_80_I225 (tmo_err_manager_DW01_sub_658)
                                          0.000    0.000 1.70e+05 1.70e-04   0.0
      sub_80_I319 (tmo_err_manager_DW01_sub_657)
                                          0.000    0.000 1.70e+05 1.70e-04   0.0
      sub_80_I425 (tmo_err_manager_DW01_sub_656)
                                          0.000    0.000 1.70e+05 1.70e-04   0.0
      sub_80_I312 (tmo_err_manager_DW01_sub_655)
                                          0.000    0.000 1.70e+05 1.70e-04   0.0
      sub_80_I820 (tmo_err_manager_DW01_sub_654)
                                          0.000    0.000 1.70e+05 1.70e-04   0.0
      sub_80_I3 (tmo_err_manager_DW01_sub_653)
                                       9.48e-05 1.83e-05 1.75e+05 2.88e-04   0.0
      sub_80_I18 (tmo_err_manager_DW01_sub_652)
                                          0.000    0.000 1.70e+05 1.70e-04   0.0
      sub_80_I71 (tmo_err_manager_DW01_sub_651)
                                          0.000    0.000 1.70e+05 1.70e-04   0.0
      sub_80_I523 (tmo_err_manager_DW01_sub_650)
                                          0.000    0.000 1.70e+05 1.70e-04   0.0
      sub_80_I658 (tmo_err_manager_DW01_sub_649)
                                          0.000    0.000 1.70e+05 1.70e-04   0.0
      sub_80_I931 (tmo_err_manager_DW01_sub_648)
                                          0.000    0.000 1.70e+05 1.70e-04   0.0
      sub_80_I815 (tmo_err_manager_DW01_sub_647)
                                          0.000    0.000 1.70e+05 1.70e-04   0.0
      sub_80_I58 (tmo_err_manager_DW01_sub_646)
                                          0.000    0.000 1.70e+05 1.70e-04   0.0
      sub_80_I164 (tmo_err_manager_DW01_sub_645)
                                          0.000    0.000 1.70e+05 1.70e-04   0.0
      sub_80_I133 (tmo_err_manager_DW01_sub_644)
                                          0.000    0.000 1.70e+05 1.70e-04   0.0
      sub_80_I270 (tmo_err_manager_DW01_sub_643)
                                          0.000    0.000 1.70e+05 1.70e-04   0.0
      sub_80_I387 (tmo_err_manager_DW01_sub_642)
                                          0.000    0.000 1.70e+05 1.70e-04   0.0
      sub_80_I87 (tmo_err_manager_DW01_sub_641)
                                          0.000    0.000 1.70e+05 1.70e-04   0.0
      sub_80_I440 (tmo_err_manager_DW01_sub_640)
                                          0.000    0.000 1.70e+05 1.70e-04   0.0
      sub_80_I121 (tmo_err_manager_DW01_sub_639)
                                          0.000    0.000 1.70e+05 1.70e-04   0.0
      sub_80_I822 (tmo_err_manager_DW01_sub_638)
                                          0.000    0.000 1.70e+05 1.70e-04   0.0
      sub_80_I507 (tmo_err_manager_DW01_sub_637)
                                          0.000    0.000 1.70e+05 1.70e-04   0.0
      sub_80_I943 (tmo_err_manager_DW01_sub_636)
                                          0.000    0.000 1.70e+05 1.70e-04   0.0
      sub_80_I561 (tmo_err_manager_DW01_sub_635)
                                          0.000    0.000 1.70e+05 1.70e-04   0.0
      sub_80_I896 (tmo_err_manager_DW01_sub_634)
                                          0.000    0.000 1.70e+05 1.70e-04   0.0
      sub_80_I871 (tmo_err_manager_DW01_sub_633)
                                          0.000    0.000 1.70e+05 1.70e-04   0.0
      sub_80_I130 (tmo_err_manager_DW01_sub_632)
                                          0.000    0.000 1.70e+05 1.70e-04   0.0
      sub_80_I791 (tmo_err_manager_DW01_sub_631)
                                          0.000    0.000 1.70e+05 1.70e-04   0.0
      sub_80_I652 (tmo_err_manager_DW01_sub_630)
                                          0.000    0.000 1.70e+05 1.70e-04   0.0
      sub_80_I263 (tmo_err_manager_DW01_sub_629)
                                          0.000    0.000 1.70e+05 1.70e-04   0.0
      sub_80_I476 (tmo_err_manager_DW01_sub_628)
                                          0.000    0.000 1.70e+05 1.70e-04   0.0
      sub_80_I300 (tmo_err_manager_DW01_sub_627)
                                          0.000    0.000 1.70e+05 1.70e-04   0.0
      sub_80_I726 (tmo_err_manager_DW01_sub_626)
                                          0.000    0.000 1.70e+05 1.70e-04   0.0
      sub_80_I345 (tmo_err_manager_DW01_sub_625)
                                          0.000    0.000 1.70e+05 1.70e-04   0.0
      sub_80_I417 (tmo_err_manager_DW01_sub_624)
                                          0.000    0.000 1.70e+05 1.70e-04   0.0
      sub_80_I856 (tmo_err_manager_DW01_sub_623)
                                          0.000    0.000 1.70e+05 1.70e-04   0.0
      sub_80_I812 (tmo_err_manager_DW01_sub_622)
                                          0.000    0.000 1.70e+05 1.70e-04   0.0
      sub_80_I1020 (tmo_err_manager_DW01_sub_621)
                                          0.000    0.000 1.70e+05 1.70e-04   0.0
      sub_80_I649 (tmo_err_manager_DW01_sub_620)
                                          0.000    0.000 1.70e+05 1.70e-04   0.0
      sub_80_I813 (tmo_err_manager_DW01_sub_619)
                                          0.000    0.000 1.70e+05 1.70e-04   0.0
      sub_80_I382 (tmo_err_manager_DW01_sub_618)
                                          0.000    0.000 1.70e+05 1.70e-04   0.0
      sub_80_I597 (tmo_err_manager_DW01_sub_617)
                                          0.000    0.000 1.70e+05 1.70e-04   0.0
      sub_80_I464 (tmo_err_manager_DW01_sub_616)
                                          0.000    0.000 1.70e+05 1.70e-04   0.0
      sub_80_I488 (tmo_err_manager_DW01_sub_615)
                                          0.000    0.000 1.70e+05 1.70e-04   0.0
      sub_80_I397 (tmo_err_manager_DW01_sub_614)
                                          0.000    0.000 1.70e+05 1.70e-04   0.0
      sub_80_I664 (tmo_err_manager_DW01_sub_613)
                                          0.000    0.000 1.70e+05 1.70e-04   0.0
      sub_80_I947 (tmo_err_manager_DW01_sub_612)
                                          0.000    0.000 1.70e+05 1.70e-04   0.0
      sub_80_I222 (tmo_err_manager_DW01_sub_611)
                                          0.000    0.000 1.70e+05 1.70e-04   0.0
      sub_80_I564 (tmo_err_manager_DW01_sub_610)
                                          0.000    0.000 1.70e+05 1.70e-04   0.0
      sub_80_I65 (tmo_err_manager_DW01_sub_609)
                                          0.000    0.000 1.70e+05 1.70e-04   0.0
      sub_80_I913 (tmo_err_manager_DW01_sub_608)
                                          0.000    0.000 1.70e+05 1.70e-04   0.0
      sub_80_I930 (tmo_err_manager_DW01_sub_607)
                                          0.000    0.000 1.70e+05 1.70e-04   0.0
      sub_80_I357 (tmo_err_manager_DW01_sub_606)
                                          0.000    0.000 1.70e+05 1.70e-04   0.0
      sub_80_I230 (tmo_err_manager_DW01_sub_605)
                                          0.000    0.000 1.70e+05 1.70e-04   0.0
      sub_80_I450 (tmo_err_manager_DW01_sub_604)
                                          0.000    0.000 1.70e+05 1.70e-04   0.0
      sub_80_I556 (tmo_err_manager_DW01_sub_603)
                                          0.000    0.000 1.70e+05 1.70e-04   0.0
      sub_80_I526 (tmo_err_manager_DW01_sub_602)
                                          0.000    0.000 1.70e+05 1.70e-04   0.0
      sub_80_I602 (tmo_err_manager_DW01_sub_601)
                                          0.000    0.000 1.70e+05 1.70e-04   0.0
      sub_80_I948 (tmo_err_manager_DW01_sub_600)
                                          0.000    0.000 1.70e+05 1.70e-04   0.0
      sub_80_I317 (tmo_err_manager_DW01_sub_599)
                                          0.000    0.000 1.70e+05 1.70e-04   0.0
      sub_80_I229 (tmo_err_manager_DW01_sub_598)
                                          0.000    0.000 1.70e+05 1.70e-04   0.0
      sub_80_I367 (tmo_err_manager_DW01_sub_597)
                                          0.000    0.000 1.70e+05 1.70e-04   0.0
      sub_80_I183 (tmo_err_manager_DW01_sub_596)
                                          0.000    0.000 1.70e+05 1.70e-04   0.0
      sub_80_I573 (tmo_err_manager_DW01_sub_595)
                                          0.000    0.000 1.70e+05 1.70e-04   0.0
      sub_80_I763 (tmo_err_manager_DW01_sub_594)
                                       9.48e-05 1.83e-05 1.70e+05 2.83e-04   0.0
      sub_80_I827 (tmo_err_manager_DW01_sub_593)
                                       3.67e-04 4.91e-05 1.69e+05 5.86e-04   0.0
      sub_80_I781 (tmo_err_manager_DW01_sub_592)
                                          0.000    0.000 1.70e+05 1.70e-04   0.0
      sub_80_I99 (tmo_err_manager_DW01_sub_591)
                                          0.000    0.000 1.70e+05 1.70e-04   0.0
      sub_80_I699 (tmo_err_manager_DW01_sub_590)
                                          0.000    0.000 1.70e+05 1.70e-04   0.0
      sub_80_I112 (tmo_err_manager_DW01_sub_589)
                                          0.000    0.000 1.70e+05 1.70e-04   0.0
      sub_80_I993 (tmo_err_manager_DW01_sub_588)
                                          0.000    0.000 1.70e+05 1.70e-04   0.0
      sub_80_I368 (tmo_err_manager_DW01_sub_587)
                                          0.000    0.000 1.70e+05 1.70e-04   0.0
      sub_80_I339 (tmo_err_manager_DW01_sub_586)
                                          0.000    0.000 1.70e+05 1.70e-04   0.0
      sub_80_I1021 (tmo_err_manager_DW01_sub_585)
                                          0.000    0.000 1.72e+05 1.72e-04   0.0
      sub_80_I485 (tmo_err_manager_DW01_sub_584)
                                          0.000    0.000 1.70e+05 1.70e-04   0.0
      sub_80_I505 (tmo_err_manager_DW01_sub_583)
                                          0.000    0.000 1.70e+05 1.70e-04   0.0
      sub_80_I260 (tmo_err_manager_DW01_sub_582)
                                          0.000    0.000 1.70e+05 1.70e-04   0.0
      sub_80_I1005 (tmo_err_manager_DW01_sub_581)
                                          0.000    0.000 1.70e+05 1.70e-04   0.0
      sub_80_I522 (tmo_err_manager_DW01_sub_580)
                                          0.000    0.000 1.70e+05 1.70e-04   0.0
      sub_80_I676 (tmo_err_manager_DW01_sub_579)
                                          0.000    0.000 1.70e+05 1.70e-04   0.0
      sub_80_I278 (tmo_err_manager_DW01_sub_578)
                                          0.000    0.000 1.70e+05 1.70e-04   0.0
      sub_80_I215 (tmo_err_manager_DW01_sub_577)
                                          0.000    0.000 1.70e+05 1.70e-04   0.0
      sub_80_I618 (tmo_err_manager_DW01_sub_576)
                                          0.000    0.000 1.70e+05 1.70e-04   0.0
      sub_80_I111 (tmo_err_manager_DW01_sub_575)
                                          0.000    0.000 1.70e+05 1.70e-04   0.0
      sub_80_I929 (tmo_err_manager_DW01_sub_574)
                                          0.000    0.000 1.70e+05 1.70e-04   0.0
      sub_80_I236 (tmo_err_manager_DW01_sub_573)
                                          0.000    0.000 1.70e+05 1.70e-04   0.0
      sub_80_I73 (tmo_err_manager_DW01_sub_572)
                                          0.000    0.000 1.70e+05 1.70e-04   0.0
      sub_80_I816 (tmo_err_manager_DW01_sub_571)
                                          0.000    0.000 1.70e+05 1.70e-04   0.0
      sub_80_I802 (tmo_err_manager_DW01_sub_570)
                                          0.000    0.000 1.70e+05 1.70e-04   0.0
      sub_80_I958 (tmo_err_manager_DW01_sub_569)
                                          0.000    0.000 1.70e+05 1.70e-04   0.0
      sub_80_I538 (tmo_err_manager_DW01_sub_568)
                                          0.000    0.000 1.70e+05 1.70e-04   0.0
      sub_80_I203 (tmo_err_manager_DW01_sub_567)
                                          0.000    0.000 1.70e+05 1.70e-04   0.0
      sub_80_I642 (tmo_err_manager_DW01_sub_566)
                                          0.000    0.000 1.70e+05 1.70e-04   0.0
      sub_80_I687 (tmo_err_manager_DW01_sub_565)
                                          0.000    0.000 1.70e+05 1.70e-04   0.0
      sub_80_I453 (tmo_err_manager_DW01_sub_564)
                                          0.000    0.000 1.70e+05 1.70e-04   0.0
      sub_80_I626 (tmo_err_manager_DW01_sub_563)
                                          0.000    0.000 1.70e+05 1.70e-04   0.0
      sub_80_I996 (tmo_err_manager_DW01_sub_562)
                                          0.000    0.000 1.70e+05 1.70e-04   0.0
      sub_80_I612 (tmo_err_manager_DW01_sub_561)
                                          0.000    0.000 1.70e+05 1.70e-04   0.0
      sub_80_I168 (tmo_err_manager_DW01_sub_560)
                                          0.000    0.000 1.70e+05 1.70e-04   0.0
      sub_80_I98 (tmo_err_manager_DW01_sub_559)
                                          0.000    0.000 1.70e+05 1.70e-04   0.0
      sub_80_I819 (tmo_err_manager_DW01_sub_558)
                                          0.000    0.000 1.70e+05 1.70e-04   0.0
      sub_80_I730 (tmo_err_manager_DW01_sub_557)
                                          0.000    0.000 1.70e+05 1.70e-04   0.0
      sub_80_I47 (tmo_err_manager_DW01_sub_556)
                                          0.000    0.000 1.70e+05 1.70e-04   0.0
      sub_80_I309 (tmo_err_manager_DW01_sub_555)
                                          0.000    0.000 1.70e+05 1.70e-04   0.0
      sub_80_I386 (tmo_err_manager_DW01_sub_554)
                                          0.000    0.000 1.70e+05 1.70e-04   0.0
      sub_80_I984 (tmo_err_manager_DW01_sub_553)
                                          0.000    0.000 1.70e+05 1.70e-04   0.0
      sub_80_I76 (tmo_err_manager_DW01_sub_552)
                                          0.000    0.000 1.70e+05 1.70e-04   0.0
      sub_80_I754 (tmo_err_manager_DW01_sub_551)
                                          0.000    0.000 1.70e+05 1.70e-04   0.0
      sub_80_I283 (tmo_err_manager_DW01_sub_550)
                                          0.000    0.000 1.70e+05 1.70e-04   0.0
      sub_80_I910 (tmo_err_manager_DW01_sub_549)
                                          0.000    0.000 1.70e+05 1.70e-04   0.0
      sub_80_I892 (tmo_err_manager_DW01_sub_548)
                                          0.000    0.000 1.70e+05 1.70e-04   0.0
      sub_80_I876 (tmo_err_manager_DW01_sub_547)
                                          0.000    0.000 1.70e+05 1.70e-04   0.0
      sub_80_I1000 (tmo_err_manager_DW01_sub_546)
                                          0.000    0.000 1.70e+05 1.70e-04   0.0
      sub_80_I684 (tmo_err_manager_DW01_sub_545)
                                          0.000    0.000 1.70e+05 1.70e-04   0.0
      sub_80_I722 (tmo_err_manager_DW01_sub_544)
                                          0.000    0.000 1.70e+05 1.70e-04   0.0
      sub_80_I88 (tmo_err_manager_DW01_sub_543)
                                          0.000    0.000 1.70e+05 1.70e-04   0.0
      sub_80_I435 (tmo_err_manager_DW01_sub_542)
                                          0.000    0.000 1.70e+05 1.70e-04   0.0
      sub_80_I359 (tmo_err_manager_DW01_sub_541)
                                          0.000    0.000 1.70e+05 1.70e-04   0.0
      sub_80_I248 (tmo_err_manager_DW01_sub_540)
                                          0.000    0.000 1.70e+05 1.70e-04   0.0
      sub_80_I369 (tmo_err_manager_DW01_sub_539)
                                          0.000    0.000 1.70e+05 1.70e-04   0.0
      sub_80_I413 (tmo_err_manager_DW01_sub_538)
                                          0.000    0.000 1.70e+05 1.70e-04   0.0
      sub_80_I848 (tmo_err_manager_DW01_sub_537)
                                          0.000    0.000 1.70e+05 1.70e-04   0.0
      sub_80_I14 (tmo_err_manager_DW01_sub_536)
                                          0.000    0.000 1.70e+05 1.70e-04   0.0
      sub_80_I358 (tmo_err_manager_DW01_sub_535)
                                          0.000    0.000 1.70e+05 1.70e-04   0.0
      sub_80_I721 (tmo_err_manager_DW01_sub_534)
                                          0.000    0.000 1.70e+05 1.70e-04   0.0
      sub_80_I983 (tmo_err_manager_DW01_sub_533)
                                          0.000    0.000 1.70e+05 1.70e-04   0.0
      sub_80_I114 (tmo_err_manager_DW01_sub_532)
                                          0.000    0.000 1.70e+05 1.70e-04   0.0
      sub_80_I337 (tmo_err_manager_DW01_sub_531)
                                          0.000    0.000 1.70e+05 1.70e-04   0.0
      sub_80_I843 (tmo_err_manager_DW01_sub_530)
                                          0.000    0.000 1.70e+05 1.70e-04   0.0
      sub_80_I562 (tmo_err_manager_DW01_sub_529)
                                          0.000    0.000 1.70e+05 1.70e-04   0.0
      sub_80_I335 (tmo_err_manager_DW01_sub_528)
                                          0.000    0.000 1.70e+05 1.70e-04   0.0
      sub_80_I414 (tmo_err_manager_DW01_sub_527)
                                          0.000    0.000 1.70e+05 1.70e-04   0.0
      sub_80_I777 (tmo_err_manager_DW01_sub_526)
                                          0.000    0.000 1.70e+05 1.70e-04   0.0
      sub_80_I243 (tmo_err_manager_DW01_sub_525)
                                          0.000    0.000 1.70e+05 1.70e-04   0.0
      sub_80_I515 (tmo_err_manager_DW01_sub_524)
                                          0.000    0.000 1.70e+05 1.70e-04   0.0
      sub_80_I344 (tmo_err_manager_DW01_sub_523)
                                          0.000    0.000 1.70e+05 1.70e-04   0.0
      sub_80_I1022 (tmo_err_manager_DW01_sub_522)
                                          0.000    0.000 1.72e+05 1.72e-04   0.0
      sub_80_I28 (tmo_err_manager_DW01_sub_521)
                                          0.000    0.000 1.70e+05 1.70e-04   0.0
      sub_80_I128 (tmo_err_manager_DW01_sub_520)
                                          0.000    0.000 1.70e+05 1.70e-04   0.0
      sub_80_I900 (tmo_err_manager_DW01_sub_519)
                                          0.000    0.000 1.70e+05 1.70e-04   0.0
      sub_80_I887 (tmo_err_manager_DW01_sub_518)
                                       3.58e-04 4.70e-05 1.69e+05 5.75e-04   0.0
      sub_80_I287 (tmo_err_manager_DW01_sub_517)
                                          0.000    0.000 1.70e+05 1.70e-04   0.0
      sub_80_I375 (tmo_err_manager_DW01_sub_516)
                                          0.000    0.000 1.70e+05 1.70e-04   0.0
      sub_80_I39 (tmo_err_manager_DW01_sub_515)
                                          0.000    0.000 1.70e+05 1.70e-04   0.0
      sub_80_I621 (tmo_err_manager_DW01_sub_514)
                                          0.000    0.000 1.70e+05 1.70e-04   0.0
      sub_80_I155 (tmo_err_manager_DW01_sub_513)
                                          0.000    0.000 1.70e+05 1.70e-04   0.0
      sub_80_I129 (tmo_err_manager_DW01_sub_512)
                                          0.000    0.000 1.70e+05 1.70e-04   0.0
      sub_80_I451 (tmo_err_manager_DW01_sub_511)
                                          0.000    0.000 1.70e+05 1.70e-04   0.0
      sub_80_I102 (tmo_err_manager_DW01_sub_510)
                                          0.000    0.000 1.70e+05 1.70e-04   0.0
      sub_80_I855 (tmo_err_manager_DW01_sub_509)
                                          0.000    0.000 1.70e+05 1.70e-04   0.0
      sub_80_I448 (tmo_err_manager_DW01_sub_508)
                                          0.000    0.000 1.70e+05 1.70e-04   0.0
      sub_80_I329 (tmo_err_manager_DW01_sub_507)
                                          0.000    0.000 1.70e+05 1.70e-04   0.0
      sub_80_I873 (tmo_err_manager_DW01_sub_506)
                                          0.000    0.000 1.70e+05 1.70e-04   0.0
      sub_80_I161 (tmo_err_manager_DW01_sub_505)
                                          0.000    0.000 1.70e+05 1.70e-04   0.0
      sub_80_I635 (tmo_err_manager_DW01_sub_504)
                                          0.000    0.000 1.70e+05 1.70e-04   0.0
      sub_80_I256 (tmo_err_manager_DW01_sub_503)
                                          0.000    0.000 1.70e+05 1.70e-04   0.0
      sub_80_I167 (tmo_err_manager_DW01_sub_502)
                                          0.000    0.000 1.70e+05 1.70e-04   0.0
      sub_80_I772 (tmo_err_manager_DW01_sub_501)
                                          0.000    0.000 1.70e+05 1.70e-04   0.0
      sub_80_I251 (tmo_err_manager_DW01_sub_500)
                                          0.000    0.000 1.70e+05 1.70e-04   0.0
      sub_80_I284 (tmo_err_manager_DW01_sub_499)
                                          0.000    0.000 1.70e+05 1.70e-04   0.0
      sub_80_I393 (tmo_err_manager_DW01_sub_498)
                                          0.000    0.000 1.70e+05 1.70e-04   0.0
      sub_80_I7 (tmo_err_manager_DW01_sub_497)
                                          0.000    0.000 1.69e+05 1.69e-04   0.0
      sub_80_I859 (tmo_err_manager_DW01_sub_496)
                                          0.000    0.000 1.70e+05 1.70e-04   0.0
      sub_80_I789 (tmo_err_manager_DW01_sub_495)
                                          0.000    0.000 1.70e+05 1.70e-04   0.0
      sub_80_I400 (tmo_err_manager_DW01_sub_494)
                                          0.000    0.000 1.70e+05 1.70e-04   0.0
      sub_80_I470 (tmo_err_manager_DW01_sub_493)
                                          0.000    0.000 1.70e+05 1.70e-04   0.0
      sub_80_I385 (tmo_err_manager_DW01_sub_492)
                                          0.000    0.000 1.70e+05 1.70e-04   0.0
      sub_80_I150 (tmo_err_manager_DW01_sub_491)
                                          0.000    0.000 1.70e+05 1.70e-04   0.0
      sub_80_I481 (tmo_err_manager_DW01_sub_490)
                                          0.000    0.000 1.70e+05 1.70e-04   0.0
      sub_80_I30 (tmo_err_manager_DW01_sub_489)
                                          0.000    0.000 1.70e+05 1.70e-04   0.0
      sub_80_I378 (tmo_err_manager_DW01_sub_488)
                                          0.000    0.000 1.70e+05 1.70e-04   0.0
      sub_80_I181 (tmo_err_manager_DW01_sub_487)
                                          0.000    0.000 1.70e+05 1.70e-04   0.0
      sub_80_I702 (tmo_err_manager_DW01_sub_486)
                                          0.000    0.000 1.70e+05 1.70e-04   0.0
      sub_80_I2 (tmo_err_manager_DW01_sub_485)
                                          0.000    0.000 1.70e+05 1.70e-04   0.0
      sub_80_I962 (tmo_err_manager_DW01_sub_484)
                                          0.000    0.000 1.70e+05 1.70e-04   0.0
      sub_80_I681 (tmo_err_manager_DW01_sub_483)
                                          0.000    0.000 1.70e+05 1.70e-04   0.0
      sub_80_I736 (tmo_err_manager_DW01_sub_482)
                                          0.000    0.000 1.70e+05 1.70e-04   0.0
      sub_80_I559 (tmo_err_manager_DW01_sub_481)
                                          0.000    0.000 1.70e+05 1.70e-04   0.0
      sub_80_I477 (tmo_err_manager_DW01_sub_480)
                                          0.000    0.000 1.70e+05 1.70e-04   0.0
      sub_80_I231 (tmo_err_manager_DW01_sub_479)
                                          0.000    0.000 1.70e+05 1.70e-04   0.0
      sub_80_I33 (tmo_err_manager_DW01_sub_478)
                                          0.000    0.000 1.70e+05 1.70e-04   0.0
      sub_80_I103 (tmo_err_manager_DW01_sub_477)
                                          0.000    0.000 1.70e+05 1.70e-04   0.0
      sub_80_I244 (tmo_err_manager_DW01_sub_476)
                                          0.000    0.000 1.70e+05 1.70e-04   0.0
      sub_80_I196 (tmo_err_manager_DW01_sub_475)
                                          0.000    0.000 1.70e+05 1.70e-04   0.0
      sub_80_I199 (tmo_err_manager_DW01_sub_474)
                                          0.000    0.000 1.70e+05 1.70e-04   0.0
      sub_80_I611 (tmo_err_manager_DW01_sub_473)
                                          0.000    0.000 1.70e+05 1.70e-04   0.0
      sub_80_I180 (tmo_err_manager_DW01_sub_472)
                                          0.000    0.000 1.70e+05 1.70e-04   0.0
      sub_80_I969 (tmo_err_manager_DW01_sub_471)
                                          0.000    0.000 1.70e+05 1.70e-04   0.0
      sub_80_I232 (tmo_err_manager_DW01_sub_470)
                                          0.000    0.000 1.70e+05 1.70e-04   0.0
      sub_80_I712 (tmo_err_manager_DW01_sub_469)
                                          0.000    0.000 1.70e+05 1.70e-04   0.0
      sub_80_I798 (tmo_err_manager_DW01_sub_468)
                                          0.000    0.000 1.70e+05 1.70e-04   0.0
      sub_80_I340 (tmo_err_manager_DW01_sub_467)
                                          0.000    0.000 1.70e+05 1.70e-04   0.0
      sub_80_I719 (tmo_err_manager_DW01_sub_466)
                                          0.000    0.000 1.70e+05 1.70e-04   0.0
      sub_80_I808 (tmo_err_manager_DW01_sub_465)
                                          0.000    0.000 1.70e+05 1.70e-04   0.0
      sub_80_I678 (tmo_err_manager_DW01_sub_464)
                                          0.000    0.000 1.70e+05 1.70e-04   0.0
      sub_80_I845 (tmo_err_manager_DW01_sub_463)
                                          0.000    0.000 1.70e+05 1.70e-04   0.0
      sub_80_I846 (tmo_err_manager_DW01_sub_462)
                                          0.000    0.000 1.70e+05 1.70e-04   0.0
      sub_80_I144 (tmo_err_manager_DW01_sub_461)
                                          0.000    0.000 1.70e+05 1.70e-04   0.0
      sub_80_I850 (tmo_err_manager_DW01_sub_460)
                                          0.000    0.000 1.70e+05 1.70e-04   0.0
      sub_80_I42 (tmo_err_manager_DW01_sub_459)
                                          0.000    0.000 1.70e+05 1.70e-04   0.0
      sub_80_I661 (tmo_err_manager_DW01_sub_458)
                                          0.000    0.000 1.70e+05 1.70e-04   0.0
      sub_80_I174 (tmo_err_manager_DW01_sub_457)
                                          0.000    0.000 1.70e+05 1.70e-04   0.0
      sub_80_I756 (tmo_err_manager_DW01_sub_456)
                                          0.000    0.000 1.70e+05 1.70e-04   0.0
      sub_80_I708 (tmo_err_manager_DW01_sub_455)
                                          0.000    0.000 1.70e+05 1.70e-04   0.0
      sub_80_I1006 (tmo_err_manager_DW01_sub_454)
                                          0.000    0.000 1.70e+05 1.70e-04   0.0
      sub_80_I870 (tmo_err_manager_DW01_sub_453)
                                          0.000    0.000 1.70e+05 1.70e-04   0.0
      sub_80_I733 (tmo_err_manager_DW01_sub_452)
                                          0.000    0.000 1.70e+05 1.70e-04   0.0
      sub_80_I826 (tmo_err_manager_DW01_sub_451)
                                          0.000    0.000 1.70e+05 1.70e-04   0.0
      sub_80_I516 (tmo_err_manager_DW01_sub_450)
                                          0.000    0.000 1.70e+05 1.70e-04   0.0
      sub_80_I992 (tmo_err_manager_DW01_sub_449)
                                          0.000    0.000 1.70e+05 1.70e-04   0.0
      sub_80_I662 (tmo_err_manager_DW01_sub_448)
                                          0.000    0.000 1.70e+05 1.70e-04   0.0
      sub_80_I509 (tmo_err_manager_DW01_sub_447)
                                          0.000    0.000 1.70e+05 1.70e-04   0.0
      sub_80_I377 (tmo_err_manager_DW01_sub_446)
                                          0.000    0.000 1.70e+05 1.70e-04   0.0
      sub_80_I651 (tmo_err_manager_DW01_sub_445)
                                          0.000    0.000 1.70e+05 1.70e-04   0.0
      sub_80_I37 (tmo_err_manager_DW01_sub_444)
                                          0.000    0.000 1.70e+05 1.70e-04   0.0
      sub_80_I379 (tmo_err_manager_DW01_sub_443)
                                          0.000    0.000 1.70e+05 1.70e-04   0.0
      sub_80_I384 (tmo_err_manager_DW01_sub_442)
                                          0.000    0.000 1.70e+05 1.70e-04   0.0
      sub_80_I520 (tmo_err_manager_DW01_sub_441)
                                          0.000    0.000 1.70e+05 1.70e-04   0.0
      sub_80_I499 (tmo_err_manager_DW01_sub_440)
                                          0.000    0.000 1.70e+05 1.70e-04   0.0
      sub_80_I328 (tmo_err_manager_DW01_sub_439)
                                          0.000    0.000 1.70e+05 1.70e-04   0.0
      sub_80_I847 (tmo_err_manager_DW01_sub_438)
                                          0.000    0.000 1.70e+05 1.70e-04   0.0
      sub_80_I650 (tmo_err_manager_DW01_sub_437)
                                          0.000    0.000 1.70e+05 1.70e-04   0.0
      sub_80_I430 (tmo_err_manager_DW01_sub_436)
                                          0.000    0.000 1.70e+05 1.70e-04   0.0
      sub_80_I550 (tmo_err_manager_DW01_sub_435)
                                          0.000    0.000 1.70e+05 1.70e-04   0.0
      sub_80_I500 (tmo_err_manager_DW01_sub_434)
                                          0.000    0.000 1.70e+05 1.70e-04   0.0
      sub_80_I837 (tmo_err_manager_DW01_sub_433)
                                          0.000    0.000 1.70e+05 1.70e-04   0.0
      sub_80_I537 (tmo_err_manager_DW01_sub_432)
                                          0.000    0.000 1.70e+05 1.70e-04   0.0
      sub_80_I401 (tmo_err_manager_DW01_sub_431)
                                          0.000    0.000 1.70e+05 1.70e-04   0.0
      sub_80_I472 (tmo_err_manager_DW01_sub_430)
                                          0.000    0.000 1.70e+05 1.70e-04   0.0
      sub_80_I852 (tmo_err_manager_DW01_sub_429)
                                          0.000    0.000 1.70e+05 1.70e-04   0.0
      sub_80_I179 (tmo_err_manager_DW01_sub_428)
                                          0.000    0.000 1.70e+05 1.70e-04   0.0
      sub_80_I888 (tmo_err_manager_DW01_sub_427)
                                          0.000    0.000 1.70e+05 1.70e-04   0.0
      sub_80_I333 (tmo_err_manager_DW01_sub_426)
                                          0.000    0.000 1.70e+05 1.70e-04   0.0
      sub_80_I394 (tmo_err_manager_DW01_sub_425)
                                          0.000    0.000 1.70e+05 1.70e-04   0.0
      sub_80_I918 (tmo_err_manager_DW01_sub_424)
                                          0.000    0.000 1.70e+05 1.70e-04   0.0
      sub_80_I75 (tmo_err_manager_DW01_sub_423)
                                          0.000    0.000 1.70e+05 1.70e-04   0.0
      sub_80_I157 (tmo_err_manager_DW01_sub_422)
                                          0.000    0.000 1.70e+05 1.70e-04   0.0
      sub_80_I193 (tmo_err_manager_DW01_sub_421)
                                          0.000    0.000 1.70e+05 1.70e-04   0.0
      sub_80_I334 (tmo_err_manager_DW01_sub_420)
                                          0.000    0.000 1.70e+05 1.70e-04   0.0
      sub_80_I833 (tmo_err_manager_DW01_sub_419)
                                          0.000    0.000 1.70e+05 1.70e-04   0.0
      sub_80_I511 (tmo_err_manager_DW01_sub_418)
                                          0.000    0.000 1.70e+05 1.70e-04   0.0
      sub_80_I259 (tmo_err_manager_DW01_sub_417)
                                          0.000    0.000 1.70e+05 1.70e-04   0.0
      sub_80_I510 (tmo_err_manager_DW01_sub_416)
                                          0.000    0.000 1.70e+05 1.70e-04   0.0
      sub_80_I480 (tmo_err_manager_DW01_sub_415)
                                          0.000    0.000 1.70e+05 1.70e-04   0.0
      sub_80_I917 (tmo_err_manager_DW01_sub_414)
                                          0.000    0.000 1.70e+05 1.70e-04   0.0
      sub_80_I487 (tmo_err_manager_DW01_sub_413)
                                          0.000    0.000 1.70e+05 1.70e-04   0.0
      sub_80_I366 (tmo_err_manager_DW01_sub_412)
                                          0.000    0.000 1.70e+05 1.70e-04   0.0
      sub_80_I713 (tmo_err_manager_DW01_sub_411)
                                          0.000    0.000 1.70e+05 1.70e-04   0.0
      sub_80_I622 (tmo_err_manager_DW01_sub_410)
                                          0.000    0.000 1.70e+05 1.70e-04   0.0
      sub_80_I429 (tmo_err_manager_DW01_sub_409)
                                          0.000    0.000 1.70e+05 1.70e-04   0.0
      sub_80_I78 (tmo_err_manager_DW01_sub_408)
                                          0.000    0.000 1.70e+05 1.70e-04   0.0
      sub_80_I690 (tmo_err_manager_DW01_sub_407)
                                          0.000    0.000 1.70e+05 1.70e-04   0.0
      sub_80_I125 (tmo_err_manager_DW01_sub_406)
                                          0.000    0.000 1.70e+05 1.70e-04   0.0
      sub_80_I853 (tmo_err_manager_DW01_sub_405)
                                          0.000    0.000 1.70e+05 1.70e-04   0.0
      sub_80_I444 (tmo_err_manager_DW01_sub_404)
                                          0.000    0.000 1.70e+05 1.70e-04   0.0
      sub_80_I752 (tmo_err_manager_DW01_sub_403)
                                          0.000    0.000 1.70e+05 1.70e-04   0.0
      sub_80_I496 (tmo_err_manager_DW01_sub_402)
                                          0.000    0.000 1.70e+05 1.70e-04   0.0
      sub_80_I356 (tmo_err_manager_DW01_sub_401)
                                          0.000    0.000 1.70e+05 1.70e-04   0.0
      sub_80_I285 (tmo_err_manager_DW01_sub_400)
                                          0.000    0.000 1.70e+05 1.70e-04   0.0
      sub_80_I172 (tmo_err_manager_DW01_sub_399)
                                          0.000    0.000 1.70e+05 1.70e-04   0.0
      sub_80_I310 (tmo_err_manager_DW01_sub_398)
                                          0.000    0.000 1.70e+05 1.70e-04   0.0
      sub_80_I665 (tmo_err_manager_DW01_sub_397)
                                          0.000    0.000 1.70e+05 1.70e-04   0.0
      sub_80_I572 (tmo_err_manager_DW01_sub_396)
                                          0.000    0.000 1.70e+05 1.70e-04   0.0
      sub_80_I603 (tmo_err_manager_DW01_sub_395)
                                          0.000    0.000 1.70e+05 1.70e-04   0.0
      sub_80_I657 (tmo_err_manager_DW01_sub_394)
                                          0.000    0.000 1.70e+05 1.70e-04   0.0
      sub_80_I227 (tmo_err_manager_DW01_sub_393)
                                          0.000    0.000 1.70e+05 1.70e-04   0.0
      sub_80_I659 (tmo_err_manager_DW01_sub_392)
                                          0.000    0.000 1.70e+05 1.70e-04   0.0
      sub_80_I265 (tmo_err_manager_DW01_sub_391)
                                          0.000    0.000 1.70e+05 1.70e-04   0.0
      sub_80_I239 (tmo_err_manager_DW01_sub_390)
                                          0.000    0.000 1.70e+05 1.70e-04   0.0
      sub_80_I80 (tmo_err_manager_DW01_sub_389)
                                          0.000    0.000 1.70e+05 1.70e-04   0.0
      sub_80_I949 (tmo_err_manager_DW01_sub_388)
                                          0.000    0.000 1.70e+05 1.70e-04   0.0
      sub_80_I604 (tmo_err_manager_DW01_sub_387)
                                          0.000    0.000 1.70e+05 1.70e-04   0.0
      sub_80_I46 (tmo_err_manager_DW01_sub_386)
                                          0.000    0.000 1.70e+05 1.70e-04   0.0
      sub_80_I937 (tmo_err_manager_DW01_sub_385)
                                          0.000    0.000 1.70e+05 1.70e-04   0.0
      sub_80_I182 (tmo_err_manager_DW01_sub_384)
                                          0.000    0.000 1.70e+05 1.70e-04   0.0
      sub_80_I941 (tmo_err_manager_DW01_sub_383)
                                          0.000    0.000 1.70e+05 1.70e-04   0.0
      sub_80_I407 (tmo_err_manager_DW01_sub_382)
                                          0.000    0.000 1.70e+05 1.70e-04   0.0
      sub_80_I24 (tmo_err_manager_DW01_sub_381)
                                          0.000    0.000 1.70e+05 1.70e-04   0.0
      sub_80_I158 (tmo_err_manager_DW01_sub_380)
                                          0.000    0.000 1.70e+05 1.70e-04   0.0
      sub_80_I106 (tmo_err_manager_DW01_sub_379)
                                          0.000    0.000 1.70e+05 1.70e-04   0.0
      sub_80_I6 (tmo_err_manager_DW01_sub_378)
                                          0.000    0.000 1.70e+05 1.70e-04   0.0
      sub_80_I302 (tmo_err_manager_DW01_sub_377)
                                          0.000    0.000 1.70e+05 1.70e-04   0.0
      sub_80_I961 (tmo_err_manager_DW01_sub_376)
                                          0.000    0.000 1.70e+05 1.70e-04   0.0
      sub_80_I107 (tmo_err_manager_DW01_sub_375)
                                          0.000    0.000 1.70e+05 1.70e-04   0.0
      sub_80_I456 (tmo_err_manager_DW01_sub_374)
                                          0.000    0.000 1.70e+05 1.70e-04   0.0
      sub_80_I408 (tmo_err_manager_DW01_sub_373)
                                          0.000    0.000 1.70e+05 1.70e-04   0.0
      sub_80_I953 (tmo_err_manager_DW01_sub_372)
                                          0.000    0.000 1.70e+05 1.70e-04   0.0
      sub_80_I743 (tmo_err_manager_DW01_sub_371)
                                          0.000    0.000 1.70e+05 1.70e-04   0.0
      sub_80_I646 (tmo_err_manager_DW01_sub_370)
                                          0.000    0.000 1.70e+05 1.70e-04   0.0
      sub_80_I648 (tmo_err_manager_DW01_sub_369)
                                          0.000    0.000 1.70e+05 1.70e-04   0.0
      sub_80_I623 (tmo_err_manager_DW01_sub_368)
                                          0.000    0.000 1.70e+05 1.70e-04   0.0
      sub_80_I175 (tmo_err_manager_DW01_sub_367)
                                          0.000    0.000 1.70e+05 1.70e-04   0.0
      sub_80_I482 (tmo_err_manager_DW01_sub_366)
                                          0.000    0.000 1.70e+05 1.70e-04   0.0
      sub_80_I1019 (tmo_err_manager_DW01_sub_365)
                                          0.000    0.000 1.70e+05 1.70e-04   0.0
      sub_80_I731 (tmo_err_manager_DW01_sub_364)
                                          0.000    0.000 1.70e+05 1.70e-04   0.0
      sub_80_I433 (tmo_err_manager_DW01_sub_363)
                                          0.000    0.000 1.70e+05 1.70e-04   0.0
      sub_80_I903 (tmo_err_manager_DW01_sub_362)
                                       3.58e-04 4.78e-05 1.69e+05 5.76e-04   0.0
      sub_80_I533 (tmo_err_manager_DW01_sub_361)
                                          0.000    0.000 1.70e+05 1.70e-04   0.0
      sub_80_I828 (tmo_err_manager_DW01_sub_360)
                                          0.000    0.000 1.70e+05 1.70e-04   0.0
      sub_80_I355 (tmo_err_manager_DW01_sub_359)
                                          0.000    0.000 1.70e+05 1.70e-04   0.0
      sub_80_I398 (tmo_err_manager_DW01_sub_358)
                                          0.000    0.000 1.70e+05 1.70e-04   0.0
      sub_80_I363 (tmo_err_manager_DW01_sub_357)
                                          0.000    0.000 1.70e+05 1.70e-04   0.0
      sub_80_I84 (tmo_err_manager_DW01_sub_356)
                                          0.000    0.000 1.70e+05 1.70e-04   0.0
      sub_80_I701 (tmo_err_manager_DW01_sub_355)
                                          0.000    0.000 1.70e+05 1.70e-04   0.0
      sub_80_I54 (tmo_err_manager_DW01_sub_354)
                                          0.000    0.000 1.70e+05 1.70e-04   0.0
      sub_80_I620 (tmo_err_manager_DW01_sub_353)
                                          0.000    0.000 1.70e+05 1.70e-04   0.0
      sub_80_I817 (tmo_err_manager_DW01_sub_352)
                                          0.000    0.000 1.70e+05 1.70e-04   0.0
      sub_80_I188 (tmo_err_manager_DW01_sub_351)
                                          0.000    0.000 1.70e+05 1.70e-04   0.0
      sub_80_I471 (tmo_err_manager_DW01_sub_350)
                                          0.000    0.000 1.70e+05 1.70e-04   0.0
      sub_80_I160 (tmo_err_manager_DW01_sub_349)
                                          0.000    0.000 1.70e+05 1.70e-04   0.0
      sub_80_I497 (tmo_err_manager_DW01_sub_348)
                                          0.000    0.000 1.70e+05 1.70e-04   0.0
      sub_80_I250 (tmo_err_manager_DW01_sub_347)
                                          0.000    0.000 1.70e+05 1.70e-04   0.0
      sub_80_I474 (tmo_err_manager_DW01_sub_346)
                                          0.000    0.000 1.70e+05 1.70e-04   0.0
      sub_80_I289 (tmo_err_manager_DW01_sub_345)
                                          0.000    0.000 1.70e+05 1.70e-04   0.0
      sub_80_I469 (tmo_err_manager_DW01_sub_344)
                                          0.000    0.000 1.70e+05 1.70e-04   0.0
      sub_80_I220 (tmo_err_manager_DW01_sub_343)
                                          0.000    0.000 1.70e+05 1.70e-04   0.0
      sub_80_I475 (tmo_err_manager_DW01_sub_342)
                                          0.000    0.000 1.70e+05 1.70e-04   0.0
      sub_80_I543 (tmo_err_manager_DW01_sub_341)
                                          0.000    0.000 1.70e+05 1.70e-04   0.0
      sub_80_I437 (tmo_err_manager_DW01_sub_340)
                                          0.000    0.000 1.70e+05 1.70e-04   0.0
      sub_80_I341 (tmo_err_manager_DW01_sub_339)
                                          0.000    0.000 1.70e+05 1.70e-04   0.0
      sub_80_I807 (tmo_err_manager_DW01_sub_338)
                                          0.000    0.000 1.70e+05 1.70e-04   0.0
      sub_80_I267 (tmo_err_manager_DW01_sub_337)
                                          0.000    0.000 1.70e+05 1.70e-04   0.0
      sub_80_I755 (tmo_err_manager_DW01_sub_336)
                                          0.000    0.000 1.70e+05 1.70e-04   0.0
      sub_80_I5 (tmo_err_manager_DW01_sub_335)
                                          0.000    0.000 1.70e+05 1.70e-04   0.0
      sub_80_I268 (tmo_err_manager_DW01_sub_334)
                                          0.000    0.000 1.70e+05 1.70e-04   0.0
      sub_80_I694 (tmo_err_manager_DW01_sub_333)
                                          0.000    0.000 1.70e+05 1.70e-04   0.0
      sub_80_I735 (tmo_err_manager_DW01_sub_332)
                                          0.000    0.000 1.70e+05 1.70e-04   0.0
      sub_80_I89 (tmo_err_manager_DW01_sub_331)
                                          0.000    0.000 1.70e+05 1.70e-04   0.0
      sub_80_I185 (tmo_err_manager_DW01_sub_330)
                                          0.000    0.000 1.70e+05 1.70e-04   0.0
      sub_80_I951 (tmo_err_manager_DW01_sub_329)
                                          0.000    0.000 1.70e+05 1.70e-04   0.0
      sub_80_I207 (tmo_err_manager_DW01_sub_328)
                                          0.000    0.000 1.70e+05 1.70e-04   0.0
      sub_80_I849 (tmo_err_manager_DW01_sub_327)
                                          0.000    0.000 1.70e+05 1.70e-04   0.0
      sub_80_I48 (tmo_err_manager_DW01_sub_326)
                                          0.000    0.000 1.70e+05 1.70e-04   0.0
      sub_80_I97 (tmo_err_manager_DW01_sub_325)
                                          0.000    0.000 1.70e+05 1.70e-04   0.0
      sub_80_I673 (tmo_err_manager_DW01_sub_324)
                                          0.000    0.000 1.70e+05 1.70e-04   0.0
      sub_80_I189 (tmo_err_manager_DW01_sub_323)
                                          0.000    0.000 1.70e+05 1.70e-04   0.0
      sub_80_I875 (tmo_err_manager_DW01_sub_322)
                                       3.67e-04 4.91e-05 1.69e+05 5.86e-04   0.0
      sub_80_I34 (tmo_err_manager_DW01_sub_321)
                                          0.000    0.000 1.70e+05 1.70e-04   0.0
      sub_80_I792 (tmo_err_manager_DW01_sub_320)
                                          0.000    0.000 1.70e+05 1.70e-04   0.0
      sub_80_I411 (tmo_err_manager_DW01_sub_319)
                                          0.000    0.000 1.70e+05 1.70e-04   0.0
      sub_80_I799 (tmo_err_manager_DW01_sub_318)
                                          0.000    0.000 1.70e+05 1.70e-04   0.0
      sub_80_I44 (tmo_err_manager_DW01_sub_317)
                                          0.000    0.000 1.70e+05 1.70e-04   0.0
      sub_80_I1016 (tmo_err_manager_DW01_sub_316)
                                          0.000    0.000 1.70e+05 1.70e-04   0.0
      sub_80_I116 (tmo_err_manager_DW01_sub_315)
                                          0.000    0.000 1.70e+05 1.70e-04   0.0
      sub_80_I995 (tmo_err_manager_DW01_sub_314)
                                          0.000    0.000 1.70e+05 1.70e-04   0.0
      sub_80_I625 (tmo_err_manager_DW01_sub_313)
                                          0.000    0.000 1.70e+05 1.70e-04   0.0
      sub_80_I347 (tmo_err_manager_DW01_sub_312)
                                          0.000    0.000 1.70e+05 1.70e-04   0.0
      sub_80_I546 (tmo_err_manager_DW01_sub_311)
                                          0.000    0.000 1.70e+05 1.70e-04   0.0
      sub_80_I935 (tmo_err_manager_DW01_sub_310)
                                          0.000    0.000 1.70e+05 1.70e-04   0.0
      sub_80_I332 (tmo_err_manager_DW01_sub_309)
                                          0.000    0.000 1.70e+05 1.70e-04   0.0
      sub_80_I1023 (tmo_err_manager_DW01_sub_308)
                                          0.000    0.000 1.72e+05 1.72e-04   0.0
      sub_80_I458 (tmo_err_manager_DW01_sub_307)
                                          0.000    0.000 1.70e+05 1.70e-04   0.0
      sub_80_I636 (tmo_err_manager_DW01_sub_306)
                                          0.000    0.000 1.70e+05 1.70e-04   0.0
      sub_80_I166 (tmo_err_manager_DW01_sub_305)
                                          0.000    0.000 1.70e+05 1.70e-04   0.0
      sub_80_I226 (tmo_err_manager_DW01_sub_304)
                                          0.000    0.000 1.70e+05 1.70e-04   0.0
      sub_80_I426 (tmo_err_manager_DW01_sub_303)
                                          0.000    0.000 1.70e+05 1.70e-04   0.0
      sub_80_I554 (tmo_err_manager_DW01_sub_302)
                                          0.000    0.000 1.70e+05 1.70e-04   0.0
      sub_80_I683 (tmo_err_manager_DW01_sub_301)
                                          0.000    0.000 1.70e+05 1.70e-04   0.0
      sub_80_I865 (tmo_err_manager_DW01_sub_300)
                                          0.000    0.000 1.70e+05 1.70e-04   0.0
      sub_80_I534 (tmo_err_manager_DW01_sub_299)
                                          0.000    0.000 1.70e+05 1.70e-04   0.0
      sub_80_I162 (tmo_err_manager_DW01_sub_298)
                                          0.000    0.000 1.70e+05 1.70e-04   0.0
      sub_80_I21 (tmo_err_manager_DW01_sub_297)
                                          0.000    0.000 1.70e+05 1.70e-04   0.0
      sub_80_I963 (tmo_err_manager_DW01_sub_296)
                                          0.000    0.000 1.70e+05 1.70e-04   0.0
      sub_80_I932 (tmo_err_manager_DW01_sub_295)
                                          0.000    0.000 1.70e+05 1.70e-04   0.0
      sub_80_I290 (tmo_err_manager_DW01_sub_294)
                                          0.000    0.000 1.70e+05 1.70e-04   0.0
      sub_80_I95 (tmo_err_manager_DW01_sub_293)
                                          0.000    0.000 1.70e+05 1.70e-04   0.0
      sub_80_I177 (tmo_err_manager_DW01_sub_292)
                                          0.000    0.000 1.70e+05 1.70e-04   0.0
      sub_80_I192 (tmo_err_manager_DW01_sub_291)
                                          0.000    0.000 1.70e+05 1.70e-04   0.0
      sub_80_I61 (tmo_err_manager_DW01_sub_290)
                                          0.000    0.000 1.70e+05 1.70e-04   0.0
      sub_80_I354 (tmo_err_manager_DW01_sub_289)
                                          0.000    0.000 1.70e+05 1.70e-04   0.0
      sub_80_I272 (tmo_err_manager_DW01_sub_288)
                                          0.000    0.000 1.70e+05 1.70e-04   0.0
      sub_80_I306 (tmo_err_manager_DW01_sub_287)
                                          0.000    0.000 1.70e+05 1.70e-04   0.0
      sub_80_I145 (tmo_err_manager_DW01_sub_286)
                                          0.000    0.000 1.70e+05 1.70e-04   0.0
      sub_80_I350 (tmo_err_manager_DW01_sub_285)
                                          0.000    0.000 1.70e+05 1.70e-04   0.0
      sub_80_I96 (tmo_err_manager_DW01_sub_284)
                                          0.000    0.000 1.70e+05 1.70e-04   0.0
      sub_80_I627 (tmo_err_manager_DW01_sub_283)
                                          0.000    0.000 1.70e+05 1.70e-04   0.0
      sub_80_I462 (tmo_err_manager_DW01_sub_282)
                                          0.000    0.000 1.70e+05 1.70e-04   0.0
      sub_80_I489 (tmo_err_manager_DW01_sub_281)
                                          0.000    0.000 1.70e+05 1.70e-04   0.0
      sub_80_I190 (tmo_err_manager_DW01_sub_280)
                                          0.000    0.000 1.70e+05 1.70e-04   0.0
      sub_80_I689 (tmo_err_manager_DW01_sub_279)
                                          0.000    0.000 1.70e+05 1.70e-04   0.0
      sub_80_I246 (tmo_err_manager_DW01_sub_278)
                                          0.000    0.000 1.70e+05 1.70e-04   0.0
      sub_80_I632 (tmo_err_manager_DW01_sub_277)
                                          0.000    0.000 1.70e+05 1.70e-04   0.0
      sub_80_I352 (tmo_err_manager_DW01_sub_276)
                                          0.000    0.000 1.70e+05 1.70e-04   0.0
      sub_80_I988 (tmo_err_manager_DW01_sub_275)
                                          0.000    0.000 1.70e+05 1.70e-04   0.0
      sub_80_I1008 (tmo_err_manager_DW01_sub_274)
                                          0.000    0.000 1.70e+05 1.70e-04   0.0
      sub_80_I294 (tmo_err_manager_DW01_sub_273)
                                          0.000    0.000 1.70e+05 1.70e-04   0.0
      sub_80_I113 (tmo_err_manager_DW01_sub_272)
                                          0.000    0.000 1.70e+05 1.70e-04   0.0
      sub_80_I525 (tmo_err_manager_DW01_sub_271)
                                          0.000    0.000 1.70e+05 1.70e-04   0.0
      sub_80_I91 (tmo_err_manager_DW01_sub_270)
                                          0.000    0.000 1.70e+05 1.70e-04   0.0
      sub_80_I938 (tmo_err_manager_DW01_sub_269)
                                          0.000    0.000 1.70e+05 1.70e-04   0.0
      sub_80_I727 (tmo_err_manager_DW01_sub_268)
                                          0.000    0.000 1.70e+05 1.70e-04   0.0
      sub_80_I25 (tmo_err_manager_DW01_sub_267)
                                          0.000    0.000 1.70e+05 1.70e-04   0.0
      sub_80_I922 (tmo_err_manager_DW01_sub_266)
                                          0.000    0.000 1.70e+05 1.70e-04   0.0
      sub_80_I143 (tmo_err_manager_DW01_sub_265)
                                          0.000    0.000 1.70e+05 1.70e-04   0.0
      sub_80_I420 (tmo_err_manager_DW01_sub_264)
                                          0.000    0.000 1.70e+05 1.70e-04   0.0
      sub_80_I925 (tmo_err_manager_DW01_sub_263)
                                          0.000    0.000 1.70e+05 1.70e-04   0.0
      sub_80_I391 (tmo_err_manager_DW01_sub_262)
                                          0.000    0.000 1.70e+05 1.70e-04   0.0
      sub_80_I669 (tmo_err_manager_DW01_sub_261)
                                          0.000    0.000 1.70e+05 1.70e-04   0.0
      sub_80_I502 (tmo_err_manager_DW01_sub_260)
                                          0.000    0.000 1.70e+05 1.70e-04   0.0
      sub_80_I605 (tmo_err_manager_DW01_sub_259)
                                          0.000    0.000 1.70e+05 1.70e-04   0.0
      sub_80_I771 (tmo_err_manager_DW01_sub_258)
                                          0.000    0.000 1.70e+05 1.70e-04   0.0
      sub_80_I838 (tmo_err_manager_DW01_sub_257)
                                          0.000    0.000 1.70e+05 1.70e-04   0.0
      sub_80_I655 (tmo_err_manager_DW01_sub_256)
                                          0.000    0.000 1.70e+05 1.70e-04   0.0
      sub_80_I40 (tmo_err_manager_DW01_sub_255)
                                          0.000    0.000 1.70e+05 1.70e-04   0.0
      sub_80_I794 (tmo_err_manager_DW01_sub_254)
                                          0.000    0.000 1.70e+05 1.70e-04   0.0
      sub_80_I416 (tmo_err_manager_DW01_sub_253)
                                          0.000    0.000 1.70e+05 1.70e-04   0.0
      sub_80_I241 (tmo_err_manager_DW01_sub_252)
                                          0.000    0.000 1.70e+05 1.70e-04   0.0
      sub_80_I966 (tmo_err_manager_DW01_sub_251)
                                          0.000    0.000 1.70e+05 1.70e-04   0.0
      sub_80_I553 (tmo_err_manager_DW01_sub_250)
                                          0.000    0.000 1.70e+05 1.70e-04   0.0
      sub_80_I204 (tmo_err_manager_DW01_sub_249)
                                          0.000    0.000 1.70e+05 1.70e-04   0.0
      sub_80_I460 (tmo_err_manager_DW01_sub_248)
                                          0.000    0.000 1.70e+05 1.70e-04   0.0
      sub_80_I982 (tmo_err_manager_DW01_sub_247)
                                          0.000    0.000 1.70e+05 1.70e-04   0.0
      sub_80_I459 (tmo_err_manager_DW01_sub_246)
                                          0.000    0.000 1.70e+05 1.70e-04   0.0
      sub_80_I770 (tmo_err_manager_DW01_sub_245)
                                          0.000    0.000 1.70e+05 1.70e-04   0.0
      sub_80_I293 (tmo_err_manager_DW01_sub_244)
                                          0.000    0.000 1.70e+05 1.70e-04   0.0
      sub_80_I796 (tmo_err_manager_DW01_sub_243)
                                          0.000    0.000 1.70e+05 1.70e-04   0.0
      sub_80_I940 (tmo_err_manager_DW01_sub_242)
                                          0.000    0.000 1.70e+05 1.70e-04   0.0
      sub_80_I884 (tmo_err_manager_DW01_sub_241)
                                          0.000    0.000 1.70e+05 1.70e-04   0.0
      sub_80_I59 (tmo_err_manager_DW01_sub_240)
                                          0.000    0.000 1.70e+05 1.70e-04   0.0
      sub_80_I9 (tmo_err_manager_DW01_sub_239)
                                          0.000    0.000 1.70e+05 1.70e-04   0.0
      sub_80_I321 (tmo_err_manager_DW01_sub_238)
                                          0.000    0.000 1.70e+05 1.70e-04   0.0
      sub_80_I956 (tmo_err_manager_DW01_sub_237)
                                          0.000    0.000 1.70e+05 1.70e-04   0.0
      sub_80_I119 (tmo_err_manager_DW01_sub_236)
                                          0.000    0.000 1.70e+05 1.70e-04   0.0
      sub_80_I638 (tmo_err_manager_DW01_sub_235)
                                          0.000    0.000 1.70e+05 1.70e-04   0.0
      sub_80_I372 (tmo_err_manager_DW01_sub_234)
                                          0.000    0.000 1.70e+05 1.70e-04   0.0
      sub_80_I782 (tmo_err_manager_DW01_sub_233)
                                          0.000    0.000 1.70e+05 1.70e-04   0.0
      sub_80_I17 (tmo_err_manager_DW01_sub_232)
                                          0.000    0.000 1.70e+05 1.70e-04   0.0
      sub_80_I291 (tmo_err_manager_DW01_sub_231)
                                          0.000    0.000 1.70e+05 1.70e-04   0.0
      sub_80_I878 (tmo_err_manager_DW01_sub_230)
                                          0.000    0.000 1.70e+05 1.70e-04   0.0
      sub_80_I973 (tmo_err_manager_DW01_sub_229)
                                          0.000    0.000 1.70e+05 1.70e-04   0.0
      sub_80_I234 (tmo_err_manager_DW01_sub_228)
                                          0.000    0.000 1.70e+05 1.70e-04   0.0
      sub_80_I32 (tmo_err_manager_DW01_sub_227)
                                          0.000    0.000 1.70e+05 1.70e-04   0.0
      sub_80_I989 (tmo_err_manager_DW01_sub_226)
                                          0.000    0.000 1.70e+05 1.70e-04   0.0
      sub_80_I774 (tmo_err_manager_DW01_sub_225)
                                          0.000    0.000 1.70e+05 1.70e-04   0.0
      sub_80_I898 (tmo_err_manager_DW01_sub_224)
                                          0.000    0.000 1.70e+05 1.70e-04   0.0
      sub_80_I545 (tmo_err_manager_DW01_sub_223)
                                          0.000    0.000 1.70e+05 1.70e-04   0.0
      sub_80_I914 (tmo_err_manager_DW01_sub_222)
                                          0.000    0.000 1.70e+05 1.70e-04   0.0
      sub_80_I126 (tmo_err_manager_DW01_sub_221)
                                          0.000    0.000 1.70e+05 1.70e-04   0.0
      sub_80_I780 (tmo_err_manager_DW01_sub_220)
                                          0.000    0.000 1.70e+05 1.70e-04   0.0
      sub_80_I889 (tmo_err_manager_DW01_sub_219)
                                          0.000    0.000 1.70e+05 1.70e-04   0.0
      sub_80_I800 (tmo_err_manager_DW01_sub_218)
                                          0.000    0.000 1.70e+05 1.70e-04   0.0
      sub_80_I874 (tmo_err_manager_DW01_sub_217)
                                          0.000    0.000 1.70e+05 1.70e-04   0.0
      sub_80_I927 (tmo_err_manager_DW01_sub_216)
                                          0.000    0.000 1.70e+05 1.70e-04   0.0
      sub_80_I778 (tmo_err_manager_DW01_sub_215)
                                          0.000    0.000 1.70e+05 1.70e-04   0.0
      sub_80_I351 (tmo_err_manager_DW01_sub_214)
                                          0.000    0.000 1.70e+05 1.70e-04   0.0
      sub_80_I672 (tmo_err_manager_DW01_sub_213)
                                          0.000    0.000 1.70e+05 1.70e-04   0.0
      sub_80_I779 (tmo_err_manager_DW01_sub_212)
                                          0.000    0.000 1.70e+05 1.70e-04   0.0
      sub_80_I592 (tmo_err_manager_DW01_sub_211)
                                          0.000    0.000 1.70e+05 1.70e-04   0.0
      sub_80_I972 (tmo_err_manager_DW01_sub_210)
                                          0.000    0.000 1.70e+05 1.70e-04   0.0
      sub_80_I882 (tmo_err_manager_DW01_sub_209)
                                          0.000    0.000 1.70e+05 1.70e-04   0.0
      sub_80_I536 (tmo_err_manager_DW01_sub_208)
                                          0.000    0.000 1.70e+05 1.70e-04   0.0
      sub_80_I570 (tmo_err_manager_DW01_sub_207)
                                          0.000    0.000 1.70e+05 1.70e-04   0.0
      sub_80_I890 (tmo_err_manager_DW01_sub_206)
                                          0.000    0.000 1.70e+05 1.70e-04   0.0
      sub_80_I805 (tmo_err_manager_DW01_sub_205)
                                          0.000    0.000 1.70e+05 1.70e-04   0.0
      sub_80_I644 (tmo_err_manager_DW01_sub_204)
                                          0.000    0.000 1.70e+05 1.70e-04   0.0
      sub_80_I132 (tmo_err_manager_DW01_sub_203)
                                          0.000    0.000 1.70e+05 1.70e-04   0.0
      sub_80_I298 (tmo_err_manager_DW01_sub_202)
                                          0.000    0.000 1.70e+05 1.70e-04   0.0
      sub_80_I811 (tmo_err_manager_DW01_sub_201)
                                       1.97e-04 2.90e-05 1.70e+05 3.96e-04   0.0
      sub_80_I675 (tmo_err_manager_DW01_sub_200)
                                          0.000    0.000 1.70e+05 1.70e-04   0.0
      sub_80_I617 (tmo_err_manager_DW01_sub_199)
                                          0.000    0.000 1.70e+05 1.70e-04   0.0
      sub_80_I696 (tmo_err_manager_DW01_sub_198)
                                          0.000    0.000 1.70e+05 1.70e-04   0.0
      sub_80_I634 (tmo_err_manager_DW01_sub_197)
                                          0.000    0.000 1.70e+05 1.70e-04   0.0
      sub_80_I90 (tmo_err_manager_DW01_sub_196)
                                          0.000    0.000 1.70e+05 1.70e-04   0.0
      sub_80_I964 (tmo_err_manager_DW01_sub_195)
                                          0.000    0.000 1.70e+05 1.70e-04   0.0
      sub_80_I883 (tmo_err_manager_DW01_sub_194)
                                          0.000    0.000 1.70e+05 1.70e-04   0.0
      sub_80_I835 (tmo_err_manager_DW01_sub_193)
                                          0.000    0.000 1.70e+05 1.70e-04   0.0
      sub_80_I374 (tmo_err_manager_DW01_sub_192)
                                          0.000    0.000 1.70e+05 1.70e-04   0.0
      sub_80_I1018 (tmo_err_manager_DW01_sub_191)
                                          0.000    0.000 1.70e+05 1.70e-04   0.0
      sub_80_I105 (tmo_err_manager_DW01_sub_190)
                                          0.000    0.000 1.70e+05 1.70e-04   0.0
      sub_80_I797 (tmo_err_manager_DW01_sub_189)
                                          0.000    0.000 1.70e+05 1.70e-04   0.0
      sub_80_I858 (tmo_err_manager_DW01_sub_188)
                                          0.000    0.000 1.70e+05 1.70e-04   0.0
      sub_80_I829 (tmo_err_manager_DW01_sub_187)
                                          0.000    0.000 1.70e+05 1.70e-04   0.0
      sub_80_I580 (tmo_err_manager_DW01_sub_186)
                                          0.000    0.000 1.70e+05 1.70e-04   0.0
      sub_80_I586 (tmo_err_manager_DW01_sub_185)
                                          0.000    0.000 1.70e+05 1.70e-04   0.0
      sub_80_I424 (tmo_err_manager_DW01_sub_184)
                                          0.000    0.000 1.70e+05 1.70e-04   0.0
      sub_80_I616 (tmo_err_manager_DW01_sub_183)
                                          0.000    0.000 1.70e+05 1.70e-04   0.0
      sub_80_I693 (tmo_err_manager_DW01_sub_182)
                                          0.000    0.000 1.70e+05 1.70e-04   0.0
      sub_80_I316 (tmo_err_manager_DW01_sub_181)
                                          0.000    0.000 1.70e+05 1.70e-04   0.0
      sub_80_I939 (tmo_err_manager_DW01_sub_180)
                                          0.000    0.000 1.70e+05 1.70e-04   0.0
      sub_80_I563 (tmo_err_manager_DW01_sub_179)
                                          0.000    0.000 1.70e+05 1.70e-04   0.0
      sub_80_I921 (tmo_err_manager_DW01_sub_178)
                                          0.000    0.000 1.70e+05 1.70e-04   0.0
      sub_80_I100 (tmo_err_manager_DW01_sub_177)
                                          0.000    0.000 1.70e+05 1.70e-04   0.0
      sub_80_I494 (tmo_err_manager_DW01_sub_176)
                                          0.000    0.000 1.70e+05 1.70e-04   0.0
      sub_80_I461 (tmo_err_manager_DW01_sub_175)
                                          0.000    0.000 1.70e+05 1.70e-04   0.0
      sub_80_I156 (tmo_err_manager_DW01_sub_174)
                                          0.000    0.000 1.70e+05 1.70e-04   0.0
      sub_80_I373 (tmo_err_manager_DW01_sub_173)
                                          0.000    0.000 1.70e+05 1.70e-04   0.0
      sub_80_I313 (tmo_err_manager_DW01_sub_172)
                                          0.000    0.000 1.70e+05 1.70e-04   0.0
      sub_80_I986 (tmo_err_manager_DW01_sub_171)
                                          0.000    0.000 1.70e+05 1.70e-04   0.0
      sub_80_I867 (tmo_err_manager_DW01_sub_170)
                                          0.000    0.000 1.70e+05 1.70e-04   0.0
      sub_80_I303 (tmo_err_manager_DW01_sub_169)
                                          0.000    0.000 1.70e+05 1.70e-04   0.0
      sub_80_I920 (tmo_err_manager_DW01_sub_168)
                                          0.000    0.000 1.70e+05 1.70e-04   0.0
      sub_80_I108 (tmo_err_manager_DW01_sub_167)
                                          0.000    0.000 1.70e+05 1.70e-04   0.0
      sub_80_I286 (tmo_err_manager_DW01_sub_166)
                                          0.000    0.000 1.70e+05 1.70e-04   0.0
      sub_80_I36 (tmo_err_manager_DW01_sub_165)
                                          0.000    0.000 1.70e+05 1.70e-04   0.0
      sub_80_I615 (tmo_err_manager_DW01_sub_164)
                                          0.000    0.000 1.70e+05 1.70e-04   0.0
      sub_80_I135 (tmo_err_manager_DW01_sub_163)
                                          0.000    0.000 1.70e+05 1.70e-04   0.0
      sub_80_I123 (tmo_err_manager_DW01_sub_162)
                                          0.000    0.000 1.70e+05 1.70e-04   0.0
      sub_80_I163 (tmo_err_manager_DW01_sub_161)
                                          0.000    0.000 1.70e+05 1.70e-04   0.0
      sub_80_I15 (tmo_err_manager_DW01_sub_160)
                                          0.000    0.000 1.70e+05 1.70e-04   0.0
      sub_80_I349 (tmo_err_manager_DW01_sub_159)
                                          0.000    0.000 1.70e+05 1.70e-04   0.0
      sub_80_I455 (tmo_err_manager_DW01_sub_158)
                                          0.000    0.000 1.70e+05 1.70e-04   0.0
      sub_80_I197 (tmo_err_manager_DW01_sub_157)
                                          0.000    0.000 1.70e+05 1.70e-04   0.0
      sub_80_I547 (tmo_err_manager_DW01_sub_156)
                                          0.000    0.000 1.70e+05 1.70e-04   0.0
      sub_80_I299 (tmo_err_manager_DW01_sub_155)
                                          0.000    0.000 1.70e+05 1.70e-04   0.0
      sub_80_I478 (tmo_err_manager_DW01_sub_154)
                                          0.000    0.000 1.70e+05 1.70e-04   0.0
      sub_80_I122 (tmo_err_manager_DW01_sub_153)
                                          0.000    0.000 1.70e+05 1.70e-04   0.0
      sub_80_I213 (tmo_err_manager_DW01_sub_152)
                                          0.000    0.000 1.70e+05 1.70e-04   0.0
      sub_80_I924 (tmo_err_manager_DW01_sub_151)
                                          0.000    0.000 1.70e+05 1.70e-04   0.0
      sub_80_I57 (tmo_err_manager_DW01_sub_150)
                                          0.000    0.000 1.70e+05 1.70e-04   0.0
      sub_80_I879 (tmo_err_manager_DW01_sub_149)
                                          0.000    0.000 1.70e+05 1.70e-04   0.0
      sub_80_I457 (tmo_err_manager_DW01_sub_148)
                                          0.000    0.000 1.70e+05 1.70e-04   0.0
      sub_80_I734 (tmo_err_manager_DW01_sub_147)
                                          0.000    0.000 1.70e+05 1.70e-04   0.0
      sub_80_I170 (tmo_err_manager_DW01_sub_146)
                                          0.000    0.000 1.70e+05 1.70e-04   0.0
      sub_80_I567 (tmo_err_manager_DW01_sub_145)
                                          0.000    0.000 1.70e+05 1.70e-04   0.0
      sub_80_I656 (tmo_err_manager_DW01_sub_144)
                                          0.000    0.000 1.70e+05 1.70e-04   0.0
      sub_80_I51 (tmo_err_manager_DW01_sub_143)
                                          0.000    0.000 1.70e+05 1.70e-04   0.0
      sub_80_I52 (tmo_err_manager_DW01_sub_142)
                                          0.000    0.000 1.70e+05 1.70e-04   0.0
      sub_80_I682 (tmo_err_manager_DW01_sub_141)
                                          0.000    0.000 1.70e+05 1.70e-04   0.0
      sub_80_I565 (tmo_err_manager_DW01_sub_140)
                                          0.000    0.000 1.70e+05 1.70e-04   0.0
      sub_80_I535 (tmo_err_manager_DW01_sub_139)
                                          0.000    0.000 1.70e+05 1.70e-04   0.0
      sub_80_I439 (tmo_err_manager_DW01_sub_138)
                                          0.000    0.000 1.70e+05 1.70e-04   0.0
      sub_80_I751 (tmo_err_manager_DW01_sub_137)
                                          0.000    0.000 1.70e+05 1.70e-04   0.0
      sub_80_I776 (tmo_err_manager_DW01_sub_136)
                                          0.000    0.000 1.70e+05 1.70e-04   0.0
      sub_80_I587 (tmo_err_manager_DW01_sub_135)
                                          0.000    0.000 1.70e+05 1.70e-04   0.0
      sub_80_I441 (tmo_err_manager_DW01_sub_134)
                                          0.000    0.000 1.70e+05 1.70e-04   0.0
      sub_80_I571 (tmo_err_manager_DW01_sub_133)
                                          0.000    0.000 1.70e+05 1.70e-04   0.0
      sub_80_I493 (tmo_err_manager_DW01_sub_132)
                                          0.000    0.000 1.70e+05 1.70e-04   0.0
      sub_80_I200 (tmo_err_manager_DW01_sub_131)
                                          0.000    0.000 1.70e+05 1.70e-04   0.0
      sub_80_I324 (tmo_err_manager_DW01_sub_130)
                                          0.000    0.000 1.70e+05 1.70e-04   0.0
      sub_80_I674 (tmo_err_manager_DW01_sub_129)
                                          0.000    0.000 1.70e+05 1.70e-04   0.0
      sub_80_I169 (tmo_err_manager_DW01_sub_128)
                                          0.000    0.000 1.70e+05 1.70e-04   0.0
      sub_80_I933 (tmo_err_manager_DW01_sub_127)
                                          0.000    0.000 1.70e+05 1.70e-04   0.0
      sub_80_I405 (tmo_err_manager_DW01_sub_126)
                                          0.000    0.000 1.70e+05 1.70e-04   0.0
      sub_80_I274 (tmo_err_manager_DW01_sub_125)
                                          0.000    0.000 1.70e+05 1.70e-04   0.0
      sub_80_I707 (tmo_err_manager_DW01_sub_124)
                                          0.000    0.000 1.70e+05 1.70e-04   0.0
      sub_80_I600 (tmo_err_manager_DW01_sub_123)
                                          0.000    0.000 1.70e+05 1.70e-04   0.0
      sub_80_I314 (tmo_err_manager_DW01_sub_122)
                                          0.000    0.000 1.70e+05 1.70e-04   0.0
      sub_80_I970 (tmo_err_manager_DW01_sub_121)
                                          0.000    0.000 1.70e+05 1.70e-04   0.0
      sub_80_I872 (tmo_err_manager_DW01_sub_120)
                                          0.000    0.000 1.70e+05 1.70e-04   0.0
      sub_80_I383 (tmo_err_manager_DW01_sub_119)
                                          0.000    0.000 1.70e+05 1.70e-04   0.0
      sub_80_I686 (tmo_err_manager_DW01_sub_118)
                                          0.000    0.000 1.70e+05 1.70e-04   0.0
      sub_80_I282 (tmo_err_manager_DW01_sub_117)
                                          0.000    0.000 1.70e+05 1.70e-04   0.0
      sub_80_I104 (tmo_err_manager_DW01_sub_116)
                                          0.000    0.000 1.70e+05 1.70e-04   0.0
      sub_80_I409 (tmo_err_manager_DW01_sub_115)
                                          0.000    0.000 1.70e+05 1.70e-04   0.0
      sub_80_I999 (tmo_err_manager_DW01_sub_114)
                                          0.000    0.000 1.70e+05 1.70e-04   0.0
      sub_80_I443 (tmo_err_manager_DW01_sub_113)
                                          0.000    0.000 1.70e+05 1.70e-04   0.0
      sub_80_I392 (tmo_err_manager_DW01_sub_112)
                                          0.000    0.000 1.70e+05 1.70e-04   0.0
      sub_80_I747 (tmo_err_manager_DW01_sub_111)
                                          0.000    0.000 1.70e+05 1.70e-04   0.0
      sub_80_I389 (tmo_err_manager_DW01_sub_110)
                                          0.000    0.000 1.70e+05 1.70e-04   0.0
      sub_80_I83 (tmo_err_manager_DW01_sub_109)
                                          0.000    0.000 1.70e+05 1.70e-04   0.0
      sub_80_I582 (tmo_err_manager_DW01_sub_108)
                                          0.000    0.000 1.70e+05 1.70e-04   0.0
      sub_80_I628 (tmo_err_manager_DW01_sub_107)
                                          0.000    0.000 1.70e+05 1.70e-04   0.0
      sub_80_I483 (tmo_err_manager_DW01_sub_106)
                                          0.000    0.000 1.70e+05 1.70e-04   0.0
      sub_80_I724 (tmo_err_manager_DW01_sub_105)
                                          0.000    0.000 1.70e+05 1.70e-04   0.0
      sub_80_I831 (tmo_err_manager_DW01_sub_104)
                                          0.000    0.000 1.70e+05 1.70e-04   0.0
      sub_80_I868 (tmo_err_manager_DW01_sub_103)
                                          0.000    0.000 1.70e+05 1.70e-04   0.0
      sub_80_I566 (tmo_err_manager_DW01_sub_102)
                                          0.000    0.000 1.70e+05 1.70e-04   0.0
      sub_80_I936 (tmo_err_manager_DW01_sub_101)
                                          0.000    0.000 1.70e+05 1.70e-04   0.0
      sub_80_I438 (tmo_err_manager_DW01_sub_100)
                                          0.000    0.000 1.70e+05 1.70e-04   0.0
      sub_80_I415 (tmo_err_manager_DW01_sub_99)
                                          0.000    0.000 1.70e+05 1.70e-04   0.0
      sub_80_I912 (tmo_err_manager_DW01_sub_98)
                                          0.000    0.000 1.70e+05 1.70e-04   0.0
      sub_80_I926 (tmo_err_manager_DW01_sub_97)
                                          0.000    0.000 1.70e+05 1.70e-04   0.0
      sub_80_I629 (tmo_err_manager_DW01_sub_96)
                                          0.000    0.000 1.70e+05 1.70e-04   0.0
      sub_80_I66 (tmo_err_manager_DW01_sub_95)
                                          0.000    0.000 1.70e+05 1.70e-04   0.0
      sub_80_I784 (tmo_err_manager_DW01_sub_94)
                                          0.000    0.000 1.70e+05 1.70e-04   0.0
      sub_80_I803 (tmo_err_manager_DW01_sub_93)
                                          0.000    0.000 1.70e+05 1.70e-04   0.0
      sub_80_I818 (tmo_err_manager_DW01_sub_92)
                                          0.000    0.000 1.70e+05 1.70e-04   0.0
      sub_80_I20 (tmo_err_manager_DW01_sub_91)
                                          0.000    0.000 1.70e+05 1.70e-04   0.0
      sub_80_I419 (tmo_err_manager_DW01_sub_90)
                                          0.000    0.000 1.70e+05 1.70e-04   0.0
      sub_80_I77 (tmo_err_manager_DW01_sub_89)
                                          0.000    0.000 1.70e+05 1.70e-04   0.0
      sub_80_I1007 (tmo_err_manager_DW01_sub_88)
                                          0.000    0.000 1.70e+05 1.70e-04   0.0
      sub_80_I10 (tmo_err_manager_DW01_sub_87)
                                          0.000    0.000 1.70e+05 1.70e-04   0.0
      sub_80_I795 (tmo_err_manager_DW01_sub_86)
                                          0.000    0.000 1.70e+05 1.70e-04   0.0
      sub_80_I710 (tmo_err_manager_DW01_sub_85)
                                          0.000    0.000 1.70e+05 1.70e-04   0.0
      sub_80_I860 (tmo_err_manager_DW01_sub_84)
                                          0.000    0.000 1.70e+05 1.70e-04   0.0
      sub_80_I176 (tmo_err_manager_DW01_sub_83)
                                          0.000    0.000 1.70e+05 1.70e-04   0.0
      sub_80_I325 (tmo_err_manager_DW01_sub_82)
                                          0.000    0.000 1.70e+05 1.70e-04   0.0
      sub_80_I705 (tmo_err_manager_DW01_sub_81)
                                          0.000    0.000 1.70e+05 1.70e-04   0.0
      sub_80_I830 (tmo_err_manager_DW01_sub_80)
                                          0.000    0.000 1.70e+05 1.70e-04   0.0
      sub_80_I902 (tmo_err_manager_DW01_sub_79)
                                          0.000    0.000 1.70e+05 1.70e-04   0.0
      sub_80_I654 (tmo_err_manager_DW01_sub_78)
                                          0.000    0.000 1.70e+05 1.70e-04   0.0
      sub_80_I371 (tmo_err_manager_DW01_sub_77)
                                          0.000    0.000 1.70e+05 1.70e-04   0.0
      sub_80_I698 (tmo_err_manager_DW01_sub_76)
                                          0.000    0.000 1.70e+05 1.70e-04   0.0
      sub_80_I584 (tmo_err_manager_DW01_sub_75)
                                          0.000    0.000 1.70e+05 1.70e-04   0.0
      sub_80_I297 (tmo_err_manager_DW01_sub_74)
                                          0.000    0.000 1.70e+05 1.70e-04   0.0
      sub_80_I322 (tmo_err_manager_DW01_sub_73)
                                          0.000    0.000 1.70e+05 1.70e-04   0.0
      sub_80_I490 (tmo_err_manager_DW01_sub_72)
                                          0.000    0.000 1.70e+05 1.70e-04   0.0
      sub_80_I767 (tmo_err_manager_DW01_sub_71)
                                          0.000    0.000 1.70e+05 1.70e-04   0.0
      sub_80_I79 (tmo_err_manager_DW01_sub_70)
                                          0.000    0.000 1.70e+05 1.70e-04   0.0
      sub_80_I997 (tmo_err_manager_DW01_sub_69)
                                          0.000    0.000 1.70e+05 1.70e-04   0.0
      sub_80_I276 (tmo_err_manager_DW01_sub_68)
                                          0.000    0.000 1.70e+05 1.70e-04   0.0
      sub_80_I342 (tmo_err_manager_DW01_sub_67)
                                          0.000    0.000 1.70e+05 1.70e-04   0.0
      sub_80_I717 (tmo_err_manager_DW01_sub_66)
                                          0.000    0.000 1.70e+05 1.70e-04   0.0
      sub_80_I353 (tmo_err_manager_DW01_sub_65)
                                          0.000    0.000 1.70e+05 1.70e-04   0.0
      sub_80_I206 (tmo_err_manager_DW01_sub_64)
                                          0.000    0.000 1.70e+05 1.70e-04   0.0
      sub_80_I824 (tmo_err_manager_DW01_sub_63)
                                          0.000    0.000 1.70e+05 1.70e-04   0.0
      sub_80_I486 (tmo_err_manager_DW01_sub_62)
                                          0.000    0.000 1.70e+05 1.70e-04   0.0
      sub_80_I700 (tmo_err_manager_DW01_sub_61)
                                          0.000    0.000 1.70e+05 1.70e-04   0.0
      sub_80_I595 (tmo_err_manager_DW01_sub_60)
                                          0.000    0.000 1.70e+05 1.70e-04   0.0
      sub_80_I974 (tmo_err_manager_DW01_sub_59)
                                          0.000    0.000 1.70e+05 1.70e-04   0.0
      sub_80_I783 (tmo_err_manager_DW01_sub_58)
                                          0.000    0.000 1.70e+05 1.70e-04   0.0
      sub_80_I908 (tmo_err_manager_DW01_sub_57)
                                          0.000    0.000 1.70e+05 1.70e-04   0.0
      sub_80_I280 (tmo_err_manager_DW01_sub_56)
                                          0.000    0.000 1.70e+05 1.70e-04   0.0
      sub_80_I74 (tmo_err_manager_DW01_sub_55)
                                          0.000    0.000 1.70e+05 1.70e-04   0.0
      sub_80_I19 (tmo_err_manager_DW01_sub_54)
                                          0.000    0.000 1.70e+05 1.70e-04   0.0
      sub_80_I118 (tmo_err_manager_DW01_sub_53)
                                          0.000    0.000 1.70e+05 1.70e-04   0.0
      sub_80_I524 (tmo_err_manager_DW01_sub_52)
                                          0.000    0.000 1.70e+05 1.70e-04   0.0
      sub_80_I224 (tmo_err_manager_DW01_sub_51)
                                          0.000    0.000 1.70e+05 1.70e-04   0.0
      sub_80_I86 (tmo_err_manager_DW01_sub_50)
                                          0.000    0.000 1.70e+05 1.70e-04   0.0
      sub_80_I916 (tmo_err_manager_DW01_sub_49)
                                          0.000    0.000 1.70e+05 1.70e-04   0.0
      sub_80_I62 (tmo_err_manager_DW01_sub_48)
                                          0.000    0.000 1.70e+05 1.70e-04   0.0
      sub_80_I101 (tmo_err_manager_DW01_sub_47)
                                          0.000    0.000 1.70e+05 1.70e-04   0.0
      sub_80_I94 (tmo_err_manager_DW01_sub_46)
                                          0.000    0.000 1.70e+05 1.70e-04   0.0
      sub_80_I517 (tmo_err_manager_DW01_sub_45)
                                          0.000    0.000 1.70e+05 1.70e-04   0.0
      sub_80_I579 (tmo_err_manager_DW01_sub_44)
                                          0.000    0.000 1.70e+05 1.70e-04   0.0
      sub_80_I281 (tmo_err_manager_DW01_sub_43)
                                          0.000    0.000 1.70e+05 1.70e-04   0.0
      sub_80_I715 (tmo_err_manager_DW01_sub_42)
                                          0.000    0.000 1.70e+05 1.70e-04   0.0
      sub_80_I842 (tmo_err_manager_DW01_sub_41)
                                          0.000    0.000 1.70e+05 1.70e-04   0.0
      sub_80_I253 (tmo_err_manager_DW01_sub_40)
                                          0.000    0.000 1.70e+05 1.70e-04   0.0
      sub_80_I304 (tmo_err_manager_DW01_sub_39)
                                          0.000    0.000 1.70e+05 1.70e-04   0.0
      sub_80_I793 (tmo_err_manager_DW01_sub_38)
                                          0.000    0.000 1.70e+05 1.70e-04   0.0
      sub_80_I978 (tmo_err_manager_DW01_sub_37)
                                          0.000    0.000 1.70e+05 1.70e-04   0.0
      sub_80_I680 (tmo_err_manager_DW01_sub_36)
                                          0.000    0.000 1.70e+05 1.70e-04   0.0
      sub_80_I897 (tmo_err_manager_DW01_sub_35)
                                          0.000    0.000 1.70e+05 1.70e-04   0.0
      sub_80_I677 (tmo_err_manager_DW01_sub_34)
                                          0.000    0.000 1.70e+05 1.70e-04   0.0
      sub_80_I212 (tmo_err_manager_DW01_sub_33)
                                          0.000    0.000 1.70e+05 1.70e-04   0.0
      sub_80_I609 (tmo_err_manager_DW01_sub_32)
                                          0.000    0.000 1.70e+05 1.70e-04   0.0
      sub_80_I670 (tmo_err_manager_DW01_sub_31)
                                          0.000    0.000 1.70e+05 1.70e-04   0.0
      sub_80_I788 (tmo_err_manager_DW01_sub_30)
                                          0.000    0.000 1.70e+05 1.70e-04   0.0
      sub_80_I769 (tmo_err_manager_DW01_sub_29)
                                          0.000    0.000 1.70e+05 1.70e-04   0.0
      sub_80_I1024 (tmo_err_manager_DW01_sub_28)
                                          0.000    0.000 1.72e+05 1.72e-04   0.0
      sub_80_I423 (tmo_err_manager_DW01_sub_27)
                                          0.000    0.000 1.70e+05 1.70e-04   0.0
      sub_80_I305 (tmo_err_manager_DW01_sub_26)
                                          0.000    0.000 1.70e+05 1.70e-04   0.0
      sub_80_I893 (tmo_err_manager_DW01_sub_25)
                                          0.000    0.000 1.70e+05 1.70e-04   0.0
      sub_80_I906 (tmo_err_manager_DW01_sub_24)
                                          0.000    0.000 1.70e+05 1.70e-04   0.0
      sub_80_I465 (tmo_err_manager_DW01_sub_23)
                                          0.000    0.000 1.70e+05 1.70e-04   0.0
      sub_80_I851 (tmo_err_manager_DW01_sub_22)
                                          0.000    0.000 1.70e+05 1.70e-04   0.0
      sub_80_I26 (tmo_err_manager_DW01_sub_21)
                                          0.000    0.000 1.70e+05 1.70e-04   0.0
      sub_80_I56 (tmo_err_manager_DW01_sub_20)
                                          0.000    0.000 1.70e+05 1.70e-04   0.0
      sub_80_I762 (tmo_err_manager_DW01_sub_19)
                                          0.000    0.000 1.70e+05 1.70e-04   0.0
      sub_80_I761 (tmo_err_manager_DW01_sub_18)
                                          0.000    0.000 1.70e+05 1.70e-04   0.0
      sub_80_I594 (tmo_err_manager_DW01_sub_17)
                                          0.000    0.000 1.70e+05 1.70e-04   0.0
      sub_80_I171 (tmo_err_manager_DW01_sub_16)
                                          0.000    0.000 1.70e+05 1.70e-04   0.0
      sub_80_I23 (tmo_err_manager_DW01_sub_15)
                                          0.000    0.000 1.70e+05 1.70e-04   0.0
      sub_80_I894 (tmo_err_manager_DW01_sub_14)
                                          0.000    0.000 1.70e+05 1.70e-04   0.0
      sub_80_I601 (tmo_err_manager_DW01_sub_13)
                                          0.000    0.000 1.70e+05 1.70e-04   0.0
      sub_80_I318 (tmo_err_manager_DW01_sub_12)
                                          0.000    0.000 1.70e+05 1.70e-04   0.0
      sub_80_I955 (tmo_err_manager_DW01_sub_11)
                                          0.000    0.000 1.70e+05 1.70e-04   0.0
      sub_80_I137 (tmo_err_manager_DW01_sub_10)
                                          0.000    0.000 1.70e+05 1.70e-04   0.0
      sub_80_I16 (tmo_err_manager_DW01_sub_9)
                                          0.000    0.000 1.70e+05 1.70e-04   0.0
      sub_80_I757 (tmo_err_manager_DW01_sub_8)
                                          0.000    0.000 1.70e+05 1.70e-04   0.0
      sub_80_I979 (tmo_err_manager_DW01_sub_7)
                                          0.000    0.000 1.70e+05 1.70e-04   0.0
      sub_80_I530 (tmo_err_manager_DW01_sub_6)
                                          0.000    0.000 1.70e+05 1.70e-04   0.0
      sub_80_I864 (tmo_err_manager_DW01_sub_5)
                                          0.000    0.000 1.70e+05 1.70e-04   0.0
      sub_80_I766 (tmo_err_manager_DW01_sub_4)
                                          0.000    0.000 1.70e+05 1.70e-04   0.0
      sub_80_I923 (tmo_err_manager_DW01_sub_3)
                                          0.000    0.000 1.70e+05 1.70e-04   0.0
      sub_80_I645 (tmo_err_manager_DW01_sub_2)
                                          0.000    0.000 1.70e+05 1.70e-04   0.0
      sub_80_I117 (tmo_err_manager_DW01_sub_1)
                                          0.000    0.000 1.70e+05 1.70e-04   0.0
      sub_80_I643 (tmo_err_manager_DW01_sub_0)
                                          0.000    0.000 1.70e+05 1.70e-04   0.0
    U_CFG (cfg_space_handler)            60.562  122.945 7.22e+08  184.229   4.4
    U_ATOP (pcie_atomic_op_handler)       0.000   61.492 4.84e+08   61.976   1.5
      add_107 (pcie_atomic_op_handler_DW01_add_0)
                                          0.000    0.000 1.68e+06 1.68e-03   0.0
      eq_110 (pcie_atomic_op_handler_DW01_cmp6_0)
                                          0.000    0.000 4.74e+05 4.74e-04   0.0
    U_MSG_HDL (pcie_msg_hdl)              0.000    0.000 1.83e+06 1.83e-03   0.0
    U_MWR_HDL (pcie_mwr_hdl)              0.000    2.342 1.14e+07    2.354   0.1
    U_CPL_HDL (pcie_completion_handler)
                                          0.000    2.016 1.09e+07    2.027   0.0
    U_CPL_Q (pcie_completion_queue)       0.000   59.931 4.65e+08   60.396   1.4
    U_RX_RTR (rx_tlp_router)              0.000    0.000 3.37e+06 3.37e-03   0.0
    U_PSND (poisoned_tlp_handler)         0.000 1.46e-02 7.23e+04 1.47e-02   0.0
    U_MAL_CHK (tlp_malformed_checker)     0.000    0.000 2.35e+05 2.35e-04   0.0
    U_HDR_PARSE (tlp_header_parser)       0.000    0.452 2.07e+06    0.454   0.0
    U_DLL_IF (DLL_IF)                     0.000   15.287 6.81e+07   15.355   0.4
      add_85 (DLL_IF_DW01_add_0)          0.000    0.000 1.99e+05 1.99e-04   0.0
    U_FLIT (flit_mode_controller)      2.29e-05   26.588 3.07e+08   26.895   0.6
      r90 (flit_mode_controller_DW01_add_0)
                                          0.000    0.000 1.46e+05 1.46e-04   0.0
    U_ECRC (ecrc)                      2.79e-05    3.405 2.76e+08    3.681   0.1
      eq_174 (ecrc_DW01_cmp6_1)           0.000    0.000 5.19e+05 5.19e-04   0.0
    U_PFX (tlp_prefix_handler)            0.000    0.000 4.30e+06 4.30e-03   0.0
    U_TLP_ASM (tlp_assembler)             0.000    3.760 1.68e+07    3.777   0.1
    U_ARB_TX (arb_tx)                     0.000    2.118 1.17e+07    2.130   0.1
    U_ORD (pcie_ordering_rob)          5.02e-03    2.526 1.98e+07    2.551   0.1
    U_CR_MGR (cr_mgr)                     0.000    0.259 3.93e+06    0.263   0.0
      r127 (cr_mgr_DW01_addsub_2)         0.000    0.000 4.01e+05 4.01e-04   0.0
      r123 (cr_mgr_DW01_addsub_1)         0.000    0.000 3.97e+05 3.97e-04   0.0
      r125 (cr_mgr_DW01_addsub_0)         0.000    0.000 2.73e+05 2.73e-04   0.0
      add_100_S2 (cr_mgr_DW01_add_2)      0.000    0.000 1.87e+05 1.87e-04   0.0
      add_104_S2 (cr_mgr_DW01_add_1)      0.000    0.000 1.87e+05 1.87e-04   0.0
      add_105_S2 (cr_mgr_DW01_add_0)      0.000    0.000 2.88e+05 2.88e-04   0.0
    U_FC_INIT (tl_fc_init_fsm)            0.000 8.33e-02 4.60e+05 8.37e-02   0.0
    U_TAG_MGR (tag_manager)            2.97e-03    0.692 5.34e+06    0.700   0.0
      sub_1_root_sub_163_S2_aco (tag_manager_DW01_sub_0)
                                          0.000    0.000 1.19e+05 1.19e-04   0.0
    U_REQ_Q (req_q)                       2.676  145.274 5.81e+08  148.531   3.5
    U_USR_IF (usr_if)                     0.541    0.169 7.59e+06    0.718   0.0
  u_dll_top (dll_top)                    91.286 3.06e+03 1.51e+09 3.15e+03  74.6
    u_null_ins (flit_null_slot_inserter)
                                         89.883 2.97e+03 1.30e+08 3.06e+03  72.3
    u_dll_err (dll_err)                   0.000 4.75e-02 2.05e+05 4.77e-02   0.0
    u_pm_tmr (pm_tmr)                  9.78e-02    0.158 1.32e+06    0.257   0.0
      r87 (pm_tmr_DW01_inc_1)          2.94e-03 5.42e-04 2.08e+05 3.69e-03   0.0
      r88 (pm_tmr_DW01_inc_0)          2.94e-03 5.42e-04 2.08e+05 3.69e-03   0.0
    u_pm_fsm (pm_fsm)                  5.16e-02 4.36e-02 2.43e+05 9.54e-02   0.0
    u_nop_gen (nop_gen)                   0.000 4.02e-02 2.89e+05 4.05e-02   0.0
    u_lbw_fsm (lbw_fsm)                   0.000 9.13e-02 4.42e+05 9.18e-02   0.0
    u_flit_seq (flit_seq)              6.27e-05    0.143 1.30e+06    0.144   0.0
      add_75 (flit_seq_DW01_add_0)        0.000    0.000 1.44e+05 1.44e-04   0.0
      sub_45 (flit_seq_DW01_sub_0)        0.000    0.000 1.26e+05 1.26e-04   0.0
      sub_82 (flit_seq_DW01_dec_0)        0.000    0.000 1.31e+05 1.31e-04   0.0
    u_replay_fsm (replay_fsm)             0.000 6.94e-02 3.71e+05 6.98e-02   0.0
    u_ack_pgb (ack_pgb)                2.40e-02    0.113 8.61e+05    0.138   0.0
      add_23 (ack_pgb_DW01_add_0)         0.000    0.000 1.99e+05 1.99e-04   0.0
    u_ack_tmr (ack_tmr)                2.61e-02    0.139 1.24e+06    0.166   0.0
      add_45 (ack_tmr_DW01_add_1)         0.000    0.000 1.98e+05 1.98e-04   0.0
      add_39 (ack_tmr_DW01_add_0)         0.000    0.000 1.98e+05 1.98e-04   0.0
    u_fc_wdg (fc_wdg)                  1.30e-02 7.12e-02 6.19e+05 8.48e-02   0.0
      add_33 (fc_wdg_DW01_add_0)          0.000    0.000 1.98e+05 1.98e-04   0.0
    u_fc_tmr (fc_tmr)                  1.32e-02 6.75e-02 5.86e+05 8.13e-02   0.0
      add_30 (fc_tmr_DW01_add_0)          0.000    0.000 1.98e+05 1.98e-04   0.0
    u_fc_init (fc_init_fsm)            2.86e-04    0.293 2.55e+06    0.296   0.0
    u_dll_init (dll_init)                 0.000 8.04e-02 6.08e+05 8.10e-02   0.0
      add_69 (dll_init_DW01_add_0)        0.000    0.000 1.99e+05 1.99e-04   0.0
    u_dllp_arb (dllp_arb)              4.19e-02    0.269 1.34e+06    0.313   0.0
    u_dllp_crcg (dllp_crc_gen)         7.45e-02    0.310 2.62e+06    0.387   0.0
    u_dllp_gen (dllp_gen)              5.38e-03    0.275 1.43e+06    0.282   0.0
    u_crc_gen (crc_gen)                   0.269    0.288 5.64e+08    1.121   0.0
    u_phy_tx (pcie6_phy_tx)               0.638    2.502 8.80e+06    3.148   0.1
    u_scrambler (scrambler)               0.213    1.210 1.72e+07    1.441   0.0
    u_tx_mux (dll_tx_datapath_mux)        0.104    4.315 2.38e+07    4.443   0.1
    u_retry_buf (retry_buf)            1.61e-03   17.311 7.25e+07   17.385   0.4
      sub_116_C128 (retry_buf_DW01_sub_1)
                                       2.99e-05 1.66e-05 4.03e+05 4.50e-04   0.0
      sub_116_2_C128 (retry_buf_DW01_sub_0)
                                       4.67e-05 1.93e-05 3.66e+05 4.32e-04   0.0
    u_seq_gen (seq_num_gen)            1.90e-04    0.153 1.22e+06    0.154   0.0
      sub_74 (seq_num_gen_DW01_sub_0)     0.000    0.000 1.34e+05 1.34e-04   0.0
      r44 (seq_num_gen_DW01_add_0)        0.000    0.000 1.46e+05 1.46e-04   0.0
    u_tl_if (tl_interface)                0.000   30.791 8.23e+07   30.874   0.7
    u_ack_rx (ack_nak_receiver)           0.000    0.142 1.04e+06    0.144   0.0
      sub_36 (ack_nak_receiver_DW01_sub_0)
                                          0.000    0.000 1.36e+05 1.36e-04   0.0
      add_63 (ack_nak_receiver_DW01_add_0)
                                          0.000    0.000 1.44e+05 1.44e-04   0.0
    u_dllp_rx_dec (dllp_receiver_decoder)
                                          0.000    0.227 1.11e+06    0.228   0.0
    u_dllp_mal (dllp_mal_chk)             0.000    0.000 3.67e+05 3.67e-04   0.0
    u_dllp_crc_chk (dllp_crc_chk)         0.000    0.186 2.35e+06    0.189   0.0
    u_ack_sched (ack_nak_scheduler_tx) 1.19e-02    1.039 4.97e+06    1.056   0.0
    u_seq_chk (seq_num_checker_rx)        0.000    3.851 1.77e+07    3.869   0.1
      add_82 (seq_num_checker_rx_DW01_add_0)
                                          0.000    0.000 1.41e+05 1.41e-04   0.0
      sub_40 (seq_num_checker_rx_DW01_dec_0)
                                          0.000    0.000 1.30e+05 1.30e-04   0.0
    u_crc_chk (lcrc_flit_crc_chk)      6.81e-02    3.816 1.56e+08    4.040   0.1
      eq_89 (lcrc_flit_crc_chk_DW01_cmp6_0)
                                       1.74e-04 6.26e-05 3.62e+05 5.98e-04   0.0
    u_rx_demux (rx_datapath_demux)     3.43e-05    5.683 2.28e+07    5.706   0.1
    u_null_hdl (nullified_tlp_handler)    0.000 3.29e-02 2.71e+05 3.32e-02   0.0
    u_flit_rx (flit_rx_deframer)          0.000    4.037 2.99e+08    4.336   0.1
      eq_52 (flit_rx_deframer_DW01_cmp6_2)
                                          0.000    0.000 4.95e+05 4.95e-04   0.0
    u_descrambler (descrambler)        6.68e-02    1.048 1.66e+07    1.131   0.0
    u_phy_rx (phy_interface_rx)           0.000   15.001 7.36e+07   15.075   0.4
  u_phy_top (pcie_gen6_phy_top)          23.557  335.167 5.68e+09  364.403   8.6
    sub_519_S2 (pcie_gen6_phy_top_DW01_sub_8)
                                       2.13e-03 2.81e-04 1.73e+05 2.59e-03   0.0
    sub_473_S2 (pcie_gen6_phy_top_DW01_sub_7)
                                       5.80e-03 7.66e-04 1.72e+05 6.74e-03   0.0
    sub_546_S2 (pcie_gen6_phy_top_DW01_sub_6)
                                       1.45e-03 1.91e-04 1.73e+05 1.81e-03   0.0
    sub_500_S2 (pcie_gen6_phy_top_DW01_sub_5)
                                          0.000    0.000 1.74e+05 1.74e-04   0.0
    sub_528_S2 (pcie_gen6_phy_top_DW01_sub_4)
                                          0.000    0.000 1.74e+05 1.74e-04   0.0
    sub_537_S2 (pcie_gen6_phy_top_DW01_sub_3)
                                          0.000    0.000 1.74e+05 1.74e-04   0.0
    sub_482_S2 (pcie_gen6_phy_top_DW01_sub_2)
                                          0.000    0.000 1.74e+05 1.74e-04   0.0
    sub_509_S2 (pcie_gen6_phy_top_DW01_sub_1)
                                          0.000    0.000 1.74e+05 1.74e-04   0.0
    sub_491_S2 (pcie_gen6_phy_top_DW01_sub_0)
                                          0.000    0.000 1.74e+05 1.74e-04   0.0
    u_pipe_tx (pipe_tx)                5.15e-02    2.163 8.46e+06    2.223   0.1
    u_tx_gear (tx_gear_box)            8.03e-02    3.316 1.22e+07    3.408   0.1
    u_tx_mux (tx_datapath_mux)         3.69e-04    1.577 5.15e+06    1.583   0.0
    u_tx_elastic_buf (tx_elastic_buffer)
                                          0.455   26.550 1.29e+08   27.134   0.6
    u_pam4_enc (pam4_gray_enc)         6.36e-02    1.628 6.46e+06    1.698   0.0
    u_enc_8b10b (encoder_8b10b)           0.000 5.03e-02 1.30e+06 5.16e-02   0.0
    u_enc_128b130b (encoder_128b130b)     0.000    0.796 2.40e+06    0.798   0.0
    u_fec_enc (fec_encoder_rs)            0.000    9.510 1.12e+09   10.625   0.3
    u_flit_framer (flit_framer_tx)        0.188    8.125 6.63e+08    8.977   0.2
      r4146 (flit_framer_tx_DW01_inc_1)
                                          0.000    0.000 1.56e+05 1.56e-04   0.0
    u_flit_sync_hdr (flit_sync_hdr_gen_checker)
                                       3.58e-03    8.472 4.28e+07    8.518   0.2
    u_flit_deframer (flit_deframer_rx)    0.000    3.967 3.56e+08    4.322   0.1
      eq_87 (flit_deframer_rx_DW01_cmp6_1)
                                          0.000    0.000 4.36e+05 4.36e-04   0.0
    u_fec_syndrome (fec_syndrome_calculator)
                                          4.018   50.577 8.08e+07   54.676   1.3
    u_fec_dec (fec_rs_decoder)         1.20e-04   18.924 2.32e+09   21.243   0.5
      r78586 (fec_rs_decoder_DW01_inc_2)
                                          0.000    0.000 9.76e+04 9.76e-05   0.0
    u_pam4_dec (pam4_gray_code_decoder)
                                          0.000    1.017 4.48e+06    1.022   0.0
    u_dec_128b130b (decoder_128b130b)  2.33e-05    0.789 2.37e+06    0.792   0.0
    u_dec_8b10b (decoder_8b10b)           0.000 4.95e-02 8.32e+05 5.03e-02   0.0
    u_rx_elastic_buf (rx_elastic_buffer_slip)
                                       1.53e-03   32.806 2.64e+08   33.072   0.8
      sub_179 (rx_elastic_buffer_slip_DW01_sub_0)
                                          0.000    0.000 1.52e+05 1.52e-04   0.0
    u_blk_align (block_align_sync_hdr_checker)
                                       6.58e-03    3.131 7.70e+06    3.145   0.1
    u_blk_lock (symbol_block_lock_fsm) 1.41e-03 2.19e-02 2.08e+05 2.35e-02   0.0
    u_lane_deskew (lane_deskew_DATA_WIDTH16_NUM_LANES16_FIFO_DEPTH64_FIFO_BITS6_MAX_SKEW16)
                                       3.60e-02  104.547 4.25e+08  105.008   2.5
      sub_166 (lane_deskew_DATA_WIDTH16_NUM_LANES16_FIFO_DEPTH64_FIFO_BITS6_MAX_SKEW16_DW01_sub_32)
                                          0.000    0.000 2.24e+05 2.24e-04   0.0
      sub_0_root_sub_185_I4 (lane_deskew_DATA_WIDTH16_NUM_LANES16_FIFO_DEPTH64_FIFO_BITS6_MAX_SKEW16_DW01_sub_31)
                                          0.000    0.000 1.53e+05 1.53e-04   0.0
      sub_0_root_sub_185 (lane_deskew_DATA_WIDTH16_NUM_LANES16_FIFO_DEPTH64_FIFO_BITS6_MAX_SKEW16_DW01_sub_30)
                                          0.000    0.000 1.53e+05 1.53e-04   0.0
      sub_0_root_sub_185_I2 (lane_deskew_DATA_WIDTH16_NUM_LANES16_FIFO_DEPTH64_FIFO_BITS6_MAX_SKEW16_DW01_sub_29)
                                          0.000    0.000 1.53e+05 1.53e-04   0.0
      sub_0_root_sub_185_I3 (lane_deskew_DATA_WIDTH16_NUM_LANES16_FIFO_DEPTH64_FIFO_BITS6_MAX_SKEW16_DW01_sub_28)
                                          0.000    0.000 1.53e+05 1.53e-04   0.0
      sub_0_root_sub_185_I5 (lane_deskew_DATA_WIDTH16_NUM_LANES16_FIFO_DEPTH64_FIFO_BITS6_MAX_SKEW16_DW01_sub_27)
                                          0.000    0.000 1.53e+05 1.53e-04   0.0
      sub_0_root_sub_185_I6 (lane_deskew_DATA_WIDTH16_NUM_LANES16_FIFO_DEPTH64_FIFO_BITS6_MAX_SKEW16_DW01_sub_26)
                                          0.000    0.000 1.53e+05 1.53e-04   0.0
      sub_0_root_sub_185_I7 (lane_deskew_DATA_WIDTH16_NUM_LANES16_FIFO_DEPTH64_FIFO_BITS6_MAX_SKEW16_DW01_sub_25)
                                          0.000    0.000 1.53e+05 1.53e-04   0.0
      sub_0_root_sub_185_I8 (lane_deskew_DATA_WIDTH16_NUM_LANES16_FIFO_DEPTH64_FIFO_BITS6_MAX_SKEW16_DW01_sub_24)
                                          0.000    0.000 1.53e+05 1.53e-04   0.0
      sub_0_root_sub_185_I9 (lane_deskew_DATA_WIDTH16_NUM_LANES16_FIFO_DEPTH64_FIFO_BITS6_MAX_SKEW16_DW01_sub_23)
                                          0.000    0.000 1.53e+05 1.53e-04   0.0
      sub_0_root_sub_185_I10 (lane_deskew_DATA_WIDTH16_NUM_LANES16_FIFO_DEPTH64_FIFO_BITS6_MAX_SKEW16_DW01_sub_22)
                                          0.000    0.000 1.53e+05 1.53e-04   0.0
      sub_0_root_sub_185_I11 (lane_deskew_DATA_WIDTH16_NUM_LANES16_FIFO_DEPTH64_FIFO_BITS6_MAX_SKEW16_DW01_sub_21)
                                          0.000    0.000 1.53e+05 1.53e-04   0.0
      sub_0_root_sub_185_I12 (lane_deskew_DATA_WIDTH16_NUM_LANES16_FIFO_DEPTH64_FIFO_BITS6_MAX_SKEW16_DW01_sub_20)
                                          0.000    0.000 1.53e+05 1.53e-04   0.0
      sub_0_root_sub_185_I13 (lane_deskew_DATA_WIDTH16_NUM_LANES16_FIFO_DEPTH64_FIFO_BITS6_MAX_SKEW16_DW01_sub_19)
                                          0.000    0.000 1.53e+05 1.53e-04   0.0
      sub_0_root_sub_185_I14 (lane_deskew_DATA_WIDTH16_NUM_LANES16_FIFO_DEPTH64_FIFO_BITS6_MAX_SKEW16_DW01_sub_18)
                                          0.000    0.000 1.53e+05 1.53e-04   0.0
      sub_0_root_sub_185_I15 (lane_deskew_DATA_WIDTH16_NUM_LANES16_FIFO_DEPTH64_FIFO_BITS6_MAX_SKEW16_DW01_sub_17)
                                          0.000    0.000 1.53e+05 1.53e-04   0.0
      sub_0_root_sub_185_I16 (lane_deskew_DATA_WIDTH16_NUM_LANES16_FIFO_DEPTH64_FIFO_BITS6_MAX_SKEW16_DW01_sub_16)
                                          0.000    0.000 1.53e+05 1.53e-04   0.0
    u_lane_pol (lane_pol)              5.66e-04 5.82e-02 3.30e+06 6.21e-02   0.0
    u_lane_rev (lane_rev)              4.25e-02 4.44e-02 3.80e+05 8.73e-02   0.0
    u_rx_gear (rx_gear_box)            6.32e-02    8.878 1.91e+07    8.960   0.2
    u_pipe_rx (pipe_rx_interface_ctrl) 3.41e-02    3.181 5.78e+06    3.221   0.1
    u_pipe_ctrl (pipe_interface_ctrl)  7.32e-03 7.08e-02 4.16e+05 7.86e-02   0.0
    u_beacon_ei (beacon_ei_logic)      6.54e-03    0.300 2.28e+06    0.309   0.0
      r140 (beacon_ei_logic_DW01_add_1)
                                          0.000    0.000 2.00e+05 2.00e-04   0.0
      add_189 (beacon_ei_logic_DW01_add_0)
                                          0.000    0.000 1.99e+05 1.99e-04   0.0
    u_pwr_tmr (pwr_tmr)                3.14e-02    0.255 2.09e+06    0.288   0.0
      add_140 (pwr_tmr_DW01_add_3)        0.000    0.000 1.99e+05 1.99e-04   0.0
      add_112 (pwr_tmr_DW01_add_2)        0.000    0.000 1.46e+05 1.46e-04   0.0
      add_49 (pwr_tmr_DW01_add_1)         0.000    0.000 1.46e+05 1.46e-04   0.0
      add_80 (pwr_tmr_DW01_add_0)         0.000    0.000 1.99e+05 1.99e-04   0.0
    u_ssc_ctrl (ssc_ctrl)              5.47e-02 8.64e-02 7.30e+05    0.142   0.0
      r121 (ssc_ctrl_DW01_incdec_1)    4.46e-04 7.82e-05 2.66e+05 7.90e-04   0.0
    u_data_rate_adv (data_rate_adv)    3.21e-02    0.138 6.85e+05    0.171   0.0
    u_spd_chg (spd_chg)                2.80e-05    0.105 7.14e+05    0.105   0.0
      add_96 (spd_chg_DW01_add_0)         0.000    0.000 1.73e+05 1.73e-04   0.0
    u_eq_ctrl (eq_ctrl)                   0.000 5.04e-02 2.99e+05 5.07e-02   0.0
    u_wid_neg (link_width_neg)         2.19e-03 7.94e-02 3.74e+05 8.19e-02   0.0
    u_spd_neg (link_speed_neg)         1.90e-03 6.32e-02 1.91e+05 6.53e-02   0.0
    u_os_gen (compliance_eieos_sos_gen)
                                       6.44e-02    1.361 4.33e+06    1.429   0.0
    u_compl_gen (compl_gen)               0.143    1.649 3.07e+06    1.795   0.0
    u_skp (skp)                        4.17e-02    1.341 2.98e+06    1.385   0.0
      sub_70 (skp_DW01_dec_0)             0.000    0.000 9.76e+04 9.76e-05   0.0
      add_74 (skp_DW01_add_0)          1.17e-03 1.90e-04 1.46e+05 1.50e-03   0.0
    u_eios (eios)                         0.000    1.276 4.15e+06    1.281   0.0
    u_fts (fts)                           0.000    0.887 3.63e+06    0.891   0.0
    u_ts_det (ts_det)                     0.000 9.98e-02 4.12e+05    0.100   0.0
    u_ts2_gen (ts2_gen)                2.14e-02    1.271 4.24e+06    1.297   0.0
    u_ts1_gen (ts1_gen)                5.16e-02    0.991 3.44e+06    1.046   0.0
    u_hot_rst (hot_rst)                1.17e-02 5.12e-02 3.04e+05 6.32e-02   0.0
    u_hrst_fsm (hrst_fsm)              1.94e-02    0.203 1.44e+06    0.224   0.0
      r97 (hrst_fsm_DW01_inc_0)           0.000    0.000 2.06e+05 2.06e-04   0.0
    u_lb_fsm (lb_fsm)                     0.000 3.61e-02 2.08e+05 3.63e-02   0.0
    u_l1_fsm (l1_fsm)                  4.68e-05 7.91e-02 5.31e+05 7.97e-02   0.0
      add_72 (l1_fsm_DW01_add_0)          0.000    0.000 1.46e+05 1.46e-04   0.0
    u_l0_fsm (l0_fsm)                  1.83e-03 4.68e-02 4.01e+05 4.90e-02   0.0
    u_recv_fsm (recv_fsm)              2.19e-03 5.50e-02 3.89e+05 5.76e-02   0.0
    u_cfg_fsm (cfg_fsm)                2.39e-02    0.162 1.14e+06    0.187   0.0
    u_polling_fsm (polling_fsm)        8.44e-03    0.271 2.42e+06    0.282   0.0
      add_183 (polling_fsm_DW01_add_1)    0.000    0.000 2.51e+05 2.51e-04   0.0
      add_169 (polling_fsm_DW01_add_0)    0.000    0.000 3.34e+05 3.34e-04   0.0
    u_rx_det (rx_det)                  1.07e-02    0.142 9.17e+05    0.153   0.0
      add_72 (rx_det_DW01_add_0)       2.23e-04 3.36e-05 1.99e+05 4.55e-04   0.0
    u_detect_fsm (detect_fsm)          1.93e-03    0.176 1.01e+06    0.179   0.0
    u_ltssm_top (ltssm_top)            7.28e-02    0.417 2.64e+06    0.492   0.0
      sub_191 (ltssm_top_DW01_sub_0)   4.26e-03 5.75e-04 1.72e+05 5.01e-03   0.0
    u_fund_rst (fund_rst)              6.98e-02    0.110 8.05e+05    0.181   0.0
      r42 (fund_rst_DW01_add_0)        1.02e-03 1.55e-04 1.99e+05 1.38e-03   0.0
1
